{
    "patent_id": "US-11380305-B2",
    "title": "System and method for using a question and answer engine ",
    "assignee": "Accenture Global Solutions Limited",
    "publication_date": "2022-07-05",
    "patent_link": "https://patents.google.com/patent/US11380305B2/en",
    "inventors": [
        "Vidya Rajagopal",
        "Marin Grace Mercylawrence",
        "Gaurav Mengi"
    ],
    "classifications": [
        "G10L15/063",
        "G06F40/35",
        "G06F16/244",
        "G06F16/285",
        "G06F16/3329",
        "G06F16/355",
        "G06N5/041",
        "G06N5/043",
        "G10L15/08",
        "H04L51/02",
        "G06F40/279",
        "G06N3/006",
        "G06N3/08",
        "G10L2015/0631",
        "G10L2015/088"
    ],
    "abstract": "A system and method for using, training, building, and managing a question and answer engine to automatically generate responses to an end-user is disclosed. Specifically, the method and system make use of a topic builder that uses cluster predictions to generate and identify a list of topics and subtopics. A question and answer database may then be sorted by topic and subtopic using a similarity scorer. New user utterances may be analyzed to identify questions, with a cluster predictor identifying the corresponding topic and subtopics for each question, and a similarity scorer may identify the closest known question for the user's question to a recommender as an answer. Analytics of new user utterances are tracked to update the historical utterance database and question and answer database, thus allowing continuous improvement of the engine.",
    "claims": "\n1. A method of using a question and answer engine to automatically generate responses to an end-user, the method comprising:\nclassifying each utterance stored in a historical utterance database under at least one topic and at least one subtopic;\nfeeding the at least one topic and at least one subtopic for each utterance to a predictive clustering model;\nclassifying, via the predictive clustering model, each of a plurality of questions and corresponding answers stored in a question and answer database under at least one topic and at least one subtopic;\nfeeding the at least one topic and at least one subtopic for each of the plurality of questions and answers to a recommender module;\nreceiving a first user utterance and determining, via the recommender module, that the first user utterance is associated with a first topic and a first subtopic;\nidentifying a list of related questions stored in the question and answer database that are also classified under the first topic and the first subtopic, the list of related questions including a first question, the first question having a corresponding first answer;\nidentifying, from the related questions, the first question as being similar to the first user utterance by applying a similarity scorer to the first user utterance; and\nautomatically generating a first response to the first user utterance based on the first answer.\n2. The method of claim 1, wherein the first user utterance is categorized as a question, and the method further comprises generating a similarity score for the first user utterance in relation to the first question, and the similarity score is greater than a preselected threshold.\n3. The method of claim 1, wherein classifying each utterance stored in the historical database under at least one topic and at least one subtopic further comprises:\nfiltering stop words from each utterance;\nlemmatizing each utterance;\nvectorizing each utterance;\nidentifying keywords within each utterance;\ndetermining a relationship between keywords within each utterance; and\nidentifying the at least one topic and the at least one subtopic for each utterance by clustering.\n4. The method of claim 1, wherein applying the similarity scorer to the first user utterance comprises:\ntokenizing the first user utterance to produce a tokenized utterance;\nnormalizing the tokenized utterance to produce a normalized utterance;\nfiltering stop words from the normalized utterance to produce a filtered utterance;\nlemmatizing the filtered utterance to produce a lemmatized utterance;\nposition tagging the lemmatized utterance to identify tag words;\nvectorizing the tag words; and\nscoring the vectorized tag words using cosine similarity.\n5. The method of claim 1, further comprising:\nreceiving a second user utterance;\npassing the second user utterance to the recommender module to obtain a second topic and second subtopic associated with the second user utterance; and\ncategorizing the second user utterance as an issue, request, or question.\n6. The method of claim 5, wherein the second user utterance is categorized as an issue or request, and the method further comprises:\nmapping each topic to a specific agent skill, the specific agent skill being one of financial planning, budget management, people management, communication, business analysis, business management, relationship management, organization, leadership, technical, software, account security, customer service, and retail and sales skills; and\nautomatically routing the end-user to a human agent who is associated with a skill mapped to the second topic.\n7. The method of claim 5, wherein the second user utterance is categorized as a question, and the method further comprises:\napplying the similarity scorer to the second user utterance and determining a similarity score for the second user utterance in relation to one or more questions classified under the second topic and second subtopic in the question and answer database, where the similarity score is less than a preselected threshold;\nretrieving, from the question and answer database, the most frequently asked question associated with the second subtopic and its corresponding second answer; and\nautomatically generating a second response to the second user utterance based on the second answer.\n8. The method of claim 5, wherein the second user utterance is categorized as a question, and the method further comprises:\napplying the similarity scorer to the second user utterance and determining the second user utterance is novel relative to the plurality of questions stored in the question and answer database;\nretrieving, from an electronic resource database, at least a first electronic resource labeled with the second topic and second subtopic; and\nautomatically presenting the first electronic resource as a response to the second user utterance.\n9. The method of claim 5, wherein the second user utterance is categorized as a question, and the method further comprises:\napplying the similarity scorer to the second user utterance and determining the second user utterance is novel relative to the plurality of questions stored in the question and answer database; and\nautomatically routing the end-user to a human agent who is associated with one or more skills that are mapped to the second topic and second subtopic.\n10. The method of claim 8, wherein the second user utterance is categorized as a question, and the method further comprises:\ngenerating a similarity score for the second user utterance in relation to the first question, and the similarity score is greater than a preselected threshold.\n11. A system for using a question and answer engine to automatically generate responses to an end-user, the system comprising:\na processor;\nmachine-readable media including instructions which, when executed by the processor, cause the processor to:\nclassify each utterance stored in a historical utterance database under at least one topic and at least one subtopic;\nfeed the at least one topic and at least one subtopic for each utterance to a predictive clustering model;\nclassify, via the predictive clustering model, each of a plurality of questions and corresponding answers stored in a question and answer database under at least one topic and at least one subtopic;\nfeed the at least one topic and at least one subtopic for each of the plurality of questions and answers to a recommender module;\nreceive a first user utterance and determining, via the recommender module, that the first user utterance is associated with a first topic and a first subtopic;\nidentify a list of related questions stored in the question and answer database that are also classified under the first topic and the first subtopic, the list of related questions including a first question, the first question having a corresponding first answer;\nidentify, from the related questions, the first question as being similar to the first user utterance by applying a similarity scorer to the first user utterance; and\nautomatically generate a first response to the first user utterance based on the first answer.\n12. The system of claim 11, wherein the first user utterance is categorized as a question, and the instructions further cause the processor to generate a similarity score for the first user utterance in relation to the first question, and the similarity score is greater than a preselected threshold.\n13. The system of claim 11, wherein classifying each utterance stored in the historical database further cause the processor to:\nfilter stop words from each utterance;\nlemmatize each utterance;\nvectorize each utterance;\nidentify keywords within each utterance;\ndetermine a relationship between keywords within each utterance; and\nidentify the at least one topic and the at least one subtopic for each utterance by clustering.\n14. The system of claim 11, wherein applying the similarity scorer to the first user utterance further cause the processor to:\ntokenize the first user utterance to produce a tokenized utterance;\nnormalize the tokenized utterance to produce a normalized utterance;\nfilter stop words from the normalized utterance to produce a filtered utterance;\nlemmatize the filtered utterance to produce a lemmatized utterance;\nposition tag the lemmatized utterance to identify tag words;\nvectorize the tag words; and\nscore the vectorized tag words using cosine similarity.\n15. The system of claim 11, wherein the instructions further cause the processor to:\nreceive a second user utterance;\npass the second user utterance to the recommender module to obtain a second topic and second subtopic associated with the second user utterance; and\ncategorize the second user utterance as an issue, request, or question.\n16. The system of claim 15, wherein the second user utterance is categorized as an issue or request, and the instructions further cause the processor to:\nmap each topic to a specific agent skill, the specific agent skill being one of financial planning, budget management, people management, communication, business analysis, business management, relationship management, organization, leadership, technical, software, account security, customer service, and retail and sales skills; and\nautomatically route the end-user to a human agent who is associated with a skill mapped to the second topic.\n17. The system of claim 15, wherein the second user utterance is categorized as a question, and the instructions further cause the processor to:\napply the similarity scorer to the second user utterance and determining a similarity score for the second user utterance in relation to one or more questions classified under the second topic and second subtopic in the question and answer database, where the similarity score is less than a preselected threshold;\nretrieve, from the question and answer database, the most frequently asked question associated with the second subtopic and its corresponding second answer; and\nautomatically generate a second response to the second user utterance based on the second answer.\n18. The system of claim 15, wherein the second user utterance is categorized as a question, and the instructions further cause the processor to:\napply the similarity scorer to the second user utterance and determining the second user utterance is novel relative to the plurality of questions stored in the question and answer database;\nretrieve, from an electronic resource database, at least a first electronic resource labeled with the second topic and second subtopic; and\nautomatically present the first electronic resource as a response to the second user utterance.\n19. A non-transitory computer-readable medium storing software comprising instructions executable by one or more processors which, upon such execution, cause the one or more processors to:\nclassify each utterance stored in a historical utterance database under at least one topic and at least one subtopic;\nfeed the at least one topic and at least one subtopic for each utterance to a predictive clustering model;\nclassify, via the predictive clustering model, each of a plurality of questions and corresponding answers stored in a question and answer database under at least one topic and at least one subtopic;\nfeed the at least one topic and at least one subtopic for each of the plurality of questions and answers to a recommender module;\nreceive a first user utterance and determining, via the recommender module, that the first user utterance is associated with a first topic and a first subtopic;\nidentify a list of related questions stored in the question and answer database that are also classified under the first topic and the first subtopic, the list of related questions including a first question, the first question having a corresponding first answer;\nidentify, from the related questions, the first question as being similar to the first user utterance by applying a similarity scorer to the first user utterance; and\nautomatically generate a first response to the first user utterance based on the first answer.\n20. The non-transitory computer-readable medium storing software of claim 19, wherein classifying each utterance stored in the historical database further cause the one or more processors to:\nfilter stop words from each utterance;\nlemmatize each utterance;\nvectorize each utterance;\nidentify keywords within each utterance;\ndetermine a relationship between keywords within each utterance; and\nidentify the at least one topic and the at least one subtopic for each utterance by clustering.",
    "status": "Active",
    "citations_own": [
        "US20070150812A1",
        "US20090077066A1",
        "US20090150436A1",
        "US20090306967A1",
        "US20100153094A1",
        "US7836061B1",
        "US20150066479A1",
        "US20160034757A1",
        "US20160147891A1",
        "US20160232221A1",
        "WO2018077655A1",
        "US20190087455A1",
        "US20190102390A1",
        "US20190205391A1",
        "US20190356562A1",
        "US20200218744A1",
        "EP3680802A1",
        "US20200227026A1"
    ],
    "citations_ftf": [],
    "citedby_own": [
        "US20230035338A1",
        "US11706492B1"
    ],
    "citedby_ftf": [
        "US11380305B2",
        "US20200342462A1",
        "US11055494B2",
        "US11392647B2",
        "US11651250B2",
        "US11347944B2",
        "CN111737449B",
        "US11363144B2",
        "US11636269B2",
        "US11295731B1",
        "US11727935B2",
        "US11763803B1",
        "US11417337B1",
        "US11741143B1"
    ]
}