{
    "patent_id": "US-11010671-B2",
    "title": "Iterative training of a nodal network with data influence weights ",
    "assignee": "D5Ai Llc",
    "publication_date": "2021-05-18",
    "patent_link": "https://patents.google.com/patent/US11010671B2/en",
    "inventors": [
        "James K. Baker",
        "Bradley J. Baker"
    ],
    "classifications": [
        "G06N3/082",
        "G06F16/9024",
        "G06F18/214",
        "G06F18/217",
        "G06F18/24",
        "G06K9/6256",
        "G06K9/6262",
        "G06K9/6267",
        "G06N20/00",
        "G06N20/20",
        "G06N3/04",
        "G06N3/045",
        "G06N3/0454",
        "G06N3/048",
        "G06N3/0481",
        "G06N3/08",
        "G06N3/084",
        "H04L67/142",
        "G06F18/2148",
        "G06K9/6257",
        "G06N5/046"
    ],
    "abstract": "A system and method for controlling a nodal network. The method includes estimating an effect on the objective caused by the existence or non-existence of a direct connection between a pair of nodes and changing a structure of the nodal network based at least in part on the estimate of the effect. A nodal network includes a strict partially ordered set, a weighted directed acyclic graph, an artificial neural network, and/or a layered feed-forward neural network.",
    "claims": "\n1. A method of training a nodal network, the method comprising:\nevaluating performance of the nodal network with a plurality of training data sets, wherein the plurality of training data sets comprises a first group of training data sets and a second group of training data sets, wherein the training data sets in the first group comprise a first data item and wherein the training data sets in the second group of training data sets do not comprise the first data item, wherein evaluating the performance comprises determining, by the computer system, using a multiple variable regression, an effect on the performance of the nodal network, on validation data, from training with the first data item and without the first data item;\nbased on the determination, assigning, by the computer system, a data-item-specific weight to the first data item, wherein the data-item-specific weight is a weight specifically assigned to the first data item based on the effect on the performance of the nodal network from training with the first data item; and\ntraining, by the computer system, the nodal network, wherein the training comprises:\ncomputing, by the computer system, for data items, including the first data item, in a set of training data items, a gradient estimate for a connection weight for a connection between two nodes of the nodal network; and\nafter computing the gradient estimates, computing, by the computer system, an updated connection weight for the connection, wherein computing the updated connection weight comprises, for the first data item, computing, by the computer system, a product that is a multiplication of (i) gradient estimate for the first data item and (ii) the data-item-specific weight for the first data item.\n2. The method of claim 1, wherein the data-item-specific weight for the first data item is a value between 0 and 1.\n3. The method of claim 1, wherein:\nthe plurality of training data sets comprises a third group of training data sets and a fourth group of training data sets, wherein the training data sets in the third group comprise a second data item and the training data sets in the fourth group do not comprise the second data item;\nthe method further comprises the steps of:\nevaluating the performance of the nodal network by determining, by the computing system, using a multiple variable regression, an effect on the performance of the nodal network, on the validation data, from training with the second data item and without the second data item;\nbased on the determination, assigning, by the computer system, a second data-item-specific weight to the second data item, wherein the second data-item-specific weight is a weight specifically assigned to the second data item based on the effect on the performance of the nodal network from training with the second data item; and\ncomputing the updated connection weight comprises, for the second data item, computing, by the computer system, a product that is a multiplication of (i) gradient estimate for the second data item and (ii) the second data-item-specific weight for the second data item.\n4. The method of claim 1, wherein assigning the data-item-specific weight comprises changing the data-item-specific weight based on the effect on the performance of the nodal network from training with the first data item.\n5. The method of claim 4, wherein changing the data-item specific weight comprises decreasing the data-item-specific weight upon a determination that the performance of the nodal network deteriorates from training with the first data item.\n6. The method of claim 5, wherein decreasing the data-item specific weight comprises decreasing the data-item-specific weight upon a determination that the performance of the nodal network deteriorates from overfitting the set of training data items.\n7. The method of claim 1, further comprising labeling, by a trained recognizer, unlabeled data to generate the validation data.\n8. The method of claim 1, wherein:\nthe nodal network comprises an ensemble of ensemble network members;\ndetermining the effect on the performance of the nodal network from training with the first data item comprises determining, by the computer system, the effect on the performance on each ensemble network members from training with the first data item; and\nassigning the data-item-specific weight comprises assigning a data-item-specific weight for the first data item for each of the ensemble network members based on the effect on the performance of each of the ensemble network members from training with the first data item.\n9. A method of training a nodal network, wherein the nodal network comprises a plurality of connections, wherein each of the plurality of connections is between two nodes of the nodal network, the method comprising:\nevaluating performance of the nodal network with a plurality of training data sets, wherein the plurality of training data sets comprises a first group of training data sets and a second group of training data sets, wherein the training data sets in the first group comprise a first data item and wherein the training data sets in the second group of training data sets do not comprise the first data item, wherein evaluating the performance comprises determining, by the computer system, using a multiple variable regression, an effect on the performance of the nodal network, on validation data, from training with the first data item and without the first data item;\nbased on the determination, assigning, by the computer system, a data-item-specific weight to the first data item, wherein the data-item-specific weight is a weight specifically assigned to the first data item based on the effect on the performance of the nodal network from training with the first data item; and\ntraining, by the computer system, the nodal network, wherein the training comprises:\ncomputing, by the computer system, for data items, including the first data item, in a set of training data items and for each connection of the nodal network, a gradient estimate for a connection weight for the connection; and\nafter computing the gradient estimates, computing, by the computer system, an updated connection weight for each connection, wherein computing the updated connection weight comprises, for the first data item, and for each connection of the nodal network, computing, by the computer system, a product that is a multiplication of (i) gradient estimate for the first data item and (ii) the data-item-specific weight for the first data item.\n10. The method of claim 9, wherein the data-item-specific weight for the first data item is a value between 0 and 1.\n11. The method of claim 9, wherein:\nthe plurality of training data sets comprises a third group of training data sets and a fourth group of training data sets, wherein the training data sets in the third group comprise a second data item and the training data sets in the fourth group do not comprise the second data item;\nthe method further comprises the steps of:\nevaluating the performance of the nodal network by determining, by the computing system, using a multiple variable regression, an effect on the performance of the nodal network, on the validation data, from training with the second data item and without the second data item;\nbased on the determination, assigning, by the computer system, a second data-item-specific weight to the second data item, wherein the second data-item-specific weight is a weight specifically assigned to the second data item based on the effect on the performance of the nodal network from training with the second data item; and\ncomputing the updated connection weights for each connection comprises, for the second data, for each connection of the nodal network, computing, by the computer system, a product that is a multiplication of (i) gradient estimate for the second data item and (ii) the second data-item-specific weight for the second data item.\n12. A computer system comprising:\none or more processor cores; and\na memory in communication with the one or more processor cores, wherein the memory stores software that, when executed by the one or more processor cores, cause the one or more processor cores to:\nevaluate performance of the nodal network with a plurality of training data sets, wherein the plurality of training data sets comprises a first group of training data sets and a second group of training data sets, wherein the training data sets in the first group comprise a first data item and wherein the training data sets in the second group of training data sets do not comprise the first data item, wherein evaluating the performance comprises determining, using a multiple variable regression, an effect on the performance of the nodal network from training with the first data item and without the first data item;\nbased on the determination, assign a data-item-specific weight to the first data item, wherein the data-item-specific weight is a weight specifically assigned to the first data item based on the effect on the performance of the nodal network from training with the first data item; and\ntrain the nodal network, wherein the training comprises:\ncomputing, for data items, including the first data item, in a set of training data items, a gradient estimate for a connection weight for a connection between two nodes of the nodal network; and\nafter computing the gradient estimates, computing an updated connection weight for the connection by, for the first data item, computing a product that is a multiplication of (i) gradient estimate for the first data item and (ii) the data-item-specific weight for the first data item.\n13. The computer system of claim 12, wherein the data-item-specific weight for the first data item is a value between 0 and 1.\n14. The computer system of claim 12, wherein:\nthe plurality of training data sets comprises a third group of training data sets and a fourth group of training data sets, wherein the training data sets in the third group comprise a second data item and the training data sets in the fourth group do not comprise the second data item; and\nthe memory stores further software that, when executed by the one or more processors, cause the one or more processors to:\nevaluate the performance of the nodal network by determining, using a multiple variable regression, an effect on the performance of the nodal network, on the validation data, from training with the second data item and without the second data item;\nbased on the determination, assign a data-item-specific weight to the second data item, wherein the data-item-specific weight is a weight specifically assigned to the second data item based on the effect on the performance of the nodal network from training with the second data item; and\nafter computing the gradient estimates, compute the updated connection weight for the connection by, for the second data item, computing a product that is a multiplication of (i) gradient estimate for the second data item and (ii) the data-item-specific weight for the second data item.\n15. A computer system comprising:\none or more processor cores; and\na memory in communication with the one or more processor cores, wherein the memory stores software that, when executed by the one or more processor cores, cause the one or more processor cores to:\nevaluate performance of the nodal network with a plurality of training data sets, wherein the plurality of training data sets comprises a first group of training data sets and a second group of training data sets, wherein the training data sets in the first group comprise a first data item and wherein the training data sets in the second group of training data sets do not comprise the first data item, wherein evaluating the performance comprises determining, using a multiple variable regression, an effect on performance of the nodal network, on validation data, from training with the first data item and without the first data item;\nbased on the determination, assign a data-item-specific weight to the first data item, wherein the data-item-specific weight is a weight specifically assigned to the first data item based on the effect on the performance of the nodal network from training with the first data item;\ntrain the nodal network, wherein the training comprises:\ncomputing, for data items, including the first data item, in a set of training data items and for each connection of the nodal network, a gradient estimate for a connection weight for the connection; and\nafter computing the gradient estimates, computing an updated connection weight for each connection, wherein computing the updated connection weight comprises, for the first data item, and for each connection of the nodal network, computing a product that is a multiplication of (i) gradient estimate for the first data item and (ii) the data-item-specific weight for the first data item.\n16. The computer system of claim 15, wherein the data-item specific weight for the first data item is a value between 0 and 1.\n17. The computer system of claim 15, wherein:\nthe plurality of training data sets comprises a third group of training data sets and a fourth group of training data sets, wherein the training data sets in the third group comprise a second data item and the training data sets in the fourth group do not comprise the second data item;\nthe memory stores further software that, when executed by the one or more processors, cause the one or more processors to:\nevaluate the performance of the nodal network by determining, using a multiple variable regression, an effect on the performance of the nodal network, on the validation data, from training with the second data item and without the second data item;\nbased on the determination, assign a data-item-specific weight to the second data item, wherein the data-item-specific weight is a weight specifically assigned to the second data item based on the effect on the performance of the nodal network from training with the second data item; and\nafter computing the gradient estimates, compute the updated connection weight for each connection by, for the second data item, and for each connection of the nodal network, computing a product that is a multiplication of (i) gradient estimate for the second data item and (ii) the data-item-specific weight for the second data item.\n18. The computer system of claim 15, wherein the memory stores software that when executed by the one or more processor cores, causes the one or more processor cores to assign the data-item-specific weight by changing the data-item-specific weight based on the effect on the performance of the nodal network from training with the first data item.\n19. The computer system of claim 18, wherein the memory stores software that when executed by the one or more processor cores, causes the one or more processor cores to change the data-item specific weight by decreasing the data-item-specific weight upon a determination that the performance of the nodal network deteriorates from training with the first data item.\n20. The computer system of claim 19, wherein the memory stores software that when executed by the one or more processor cores, causes the one or more processor cores to decrease the data-item specific weight by decreasing the data-item-specific weight upon a determination that the performance of the nodal network deteriorates from overfitting the set of training data items.\n21. The computer system of claim 15, wherein the memory stores software that when executed by the one or more processor cores, causes the one or more processor cores to label, by a trained recognizer, unlabeled data to generate the validation data.\n22. The computer system of claim 15, wherein:\nthe nodal network comprises an ensemble of ensemble network members;\nthe memory stores software that when executed by the one or more processor cores, causes the one or more processor cores to:\ndetermine the effect on the performance on each ensemble network members from training with the first data item; and\nassign a data-item-specific weight for the first data item for each of the ensemble network members based on the effect on the performance of each of the ensemble network members from training with the first data item.",
    "status": "Active",
    "citations_own": [
        "US5701398A",
        "US20040015459A1",
        "US20040073096A1",
        "US20040128004A1",
        "US20040260662A1",
        "US20080065572A1",
        "US20150019467A1",
        "US20170105791A1",
        "US20170300814A1",
        "WO2018175098A1",
        "WO2018194960A1",
        "WO2018226492A1",
        "WO2018226527A1",
        "WO2018231708A2",
        "WO2019005507A1",
        "WO2019005611A1",
        "WO2019067831A1",
        "WO2019067248A1",
        "WO2019067960A1",
        "WO2019067542A1",
        "US20190227980A1",
        "WO2019152308A1",
        "WO2020005471A1",
        "WO2020009912A1",
        "WO2020009881A1",
        "WO2020018279A1",
        "WO2020028036A1",
        "WO2020033645A1",
        "WO2020036847A1",
        "WO2020041026A1",
        "WO2020046721A1",
        "WO2020046719A1"
    ],
    "citations_ftf": [
        "US5959574A",
        "US5745649A",
        "US5909681A",
        "US7318051B2",
        "GB9924310D0",
        "US7016885B1",
        "US9679242B2",
        "US6895540B2",
        "US20040042650A1",
        "US20040059695A1",
        "US7426501B2",
        "US7587064B2",
        "JP2005352900A",
        "US7631198B2",
        "US20140156901A1",
        "US20070288410A1",
        "US8014591B2",
        "US7756799B2",
        "JP6164639B2",
        "US9730643B2",
        "US9489639B2",
        "US9239828B2",
        "US10235639B1",
        "US10832138B2",
        "US10275719B2",
        "US9576250B2",
        "US9633306B2",
        "US10565518B2",
        "US20170132528A1",
        "US10832120B2",
        "US10410113B2",
        "US10755172B2",
        "CA2973074A1",
        "AU2016277542A1",
        "US20180373986A1",
        "US11232344B2",
        "US11074499B2",
        "US11651273B2"
    ],
    "citedby_own": [
        "US11797852B2"
    ],
    "citedby_ftf": [
        "US10678244B2",
        "US11295210B2",
        "WO2018226527A1",
        "US10885470B2",
        "WO2019005507A1",
        "US10671349B2",
        "US11409692B2",
        "US11157441B2",
        "WO2019067542A1",
        "WO2019142228A1",
        "JP7064513B2",
        "US11733705B2",
        "US10832137B2",
        "CN111602149A",
        "US11321612B2",
        "US11561791B2",
        "CA3043809A1",
        "US11215999B2",
        "WO2020005471A1",
        "US10922587B2",
        "US11195097B2",
        "US11636333B2",
        "US11501164B2",
        "WO2020041026A1",
        "US11010670B2",
        "WO2020046719A1",
        "US11562231B2",
        "US11423284B2",
        "US11151175B2",
        "US11196678B2",
        "US11537811B2",
        "US11610117B2",
        "US10997461B2",
        "US11567514B2",
        "US10956755B2",
        "US11429858B2",
        "US11699064B2",
        "US11526761B2",
        "US11762751B2",
        "CN110929394A",
        "WO2021194516A1",
        "US11410186B2",
        "WO2021242920A1",
        "US20220188632A1",
        "CN112380351B",
        "CN114757911B"
    ]
}