{
    "patent_id": "US-10898287-B2",
    "title": "Adaptable integrated energy control system for electrosurgical tools in robotic surgical systems ",
    "assignee": "Intuitive Surgical Operations, Inc.",
    "publication_date": "2021-01-26",
    "patent_link": "https://patents.google.com/patent/US10898287B2/en",
    "inventors": [
        "David W. Robinson",
        "Thomas R. Nixon",
        "Michael Hanuschik",
        "Randal P. Goldberg",
        "Jason Hemphill",
        "David Q. Larkin",
        "Paul Millman"
    ],
    "classifications": [
        "A61B34/35",
        "A61B18/1206",
        "A61B34/25",
        "A61B34/30",
        "A61B34/76",
        "A61B18/14",
        "A61B2017/00477",
        "A61B2017/00482",
        "A61B2017/00973",
        "A61B2018/00988",
        "A61B2034/301"
    ],
    "abstract": "A user interface for a surgical system can include a display configured to output video images of a remote surgical site at which one or more electrosurgical instruments of the surgical system are deployed; and a graphical user interface configured to be output on the display with the video images. The graphical user interface may comprise a visual indication of a state of the one or more electrosurgical instruments that indicates a state of the one or more electrosurgical instruments being ready for activation to deliver energy or actively delivering energy.",
    "claims": "\n1. A smart cable comprising:\na first connector connectable to a remote controlled equipment of a surgical system;\na second connector connectable to an input/output interface of the surgical system;\na data storage device to store equipment information about the remote controlled equipment;\none or more control lines coupling the first and second connectors, the control lines configured to transmit control signals from the input/output interface to the remote controlled equipment; and\none or more data lines coupling the second connector and the data storage device, the data lines configured to transmit equipment information data from the data storage device to the input/output interface.\n2. The smart cable of claim 1, wherein on a condition of the first connector being connected to the remote controlled equipment, the control signals control activation of the remote controlled equipment to supply an operational input to a surgical instrument of the surgical system.\n3. The smart cable of claim 1, wherein the equipment information comprises an identifier of the remote controlled equipment.\n4. The smart cable of claim 1, wherein the equipment information comprises information indicating signal levels for the control signals.\n5. The smart cable of claim 1, wherein the equipment information comprises one or more of information indicating a manufacturer of the remote controlled equipment, information indicating a type of the remote controlled equipment, information indicating a manner in which the remote controlled equipment can be controlled.\n6. The smart cable of claim 1, wherein the input/output interface is part of a controller of the surgical system.\n7. The smart cable of claim 1, wherein the input/output interface is part of a surgical instrument of the surgical system.\n8. The smart cable of claim 1, wherein a surgical instrument is mountable to a manipulator arm, and the input/output interface is located at the manipulator arm.\n9. A method of using the smart cable of claim 1, comprising:\ncoupling the first connector to a given remote controlled equipment of the surgical system;\ncoupling the second connector to a given input/output interface of the surgical system;\ntransmitting the equipment information from the storage device to a controller of the surgical system via the data lines; and\nassigning, by the controller, a user input device to control the given remote controlled equipment based on the equipment information such that a command from the user input device causes the given input/output interface to transmit the control signals to the remote controlled equipment via the control lines.\n10. A method of using the smart cable of claim 1, comprising:\ncoupling the first connector to a given remote controlled equipment of the surgical system;\ncoupling the second connector to a given input/output interface of the surgical system;\ntransmitting the equipment information from the storage device to the given input/output interface via the data lines;\ncausing the given input/output interface to adapt a signal format of the control signals based on the equipment information; and\nsupplying the control signals to the given remote controlled equipment via the given input/output interface, the first and second connectors, and the control lines.\n11. A surgical system, comprising:\na remote controlled equipment to supply an operational input to a surgical instrument;\nan input/output interface to supply control signals to the remote controlled equipment, and\na smart cable comprising:\na first connector connectable to the remote controlled equipment;\na second connector connectable to the input/output interface;\na data storage device to store equipment information about the remote controlled equipment;\ncontrol lines to communicate the control signals from the input/output interface to the remote controlled equipment on condition of first and second connectors being connected to the remote controlled equipment and the input/output interface, respectively; and\ndata lines to communicate the equipment information from the data storage device to the input/output interface on condition of the second connector being connected to the input/output interface.\n12. The surgical system of claim 11,\nwherein the input/output interface is an adaptable interface capable of adapting a signal format of the control signals based on the equipment information received from the data storage device.\n13. The surgical system of claim 11, further comprising:\na controller configured to control the remote controlled equipment via the input/output interface based on user input.\n14. The surgical system of claim 13,\nwherein the input/output interface is part of the controller.\n15. The surgical system of claim 13,\nwherein the input/output interface is separate from the controller.\n16. The surgical system of claim 15,\nwherein the input/output interface is part of the surgical instrument.\n17. The surgical system of claim 15,\nwherein the surgical instrument is mountable to a manipulator arm, and the input/output interface is located at the manipulator arm.\n18. The surgical system of claim 13,\nwherein the controller is configured to receive the equipment information via the input/output interface and assign a user input device to control the remote controlled equipment based on the equipment information such that a command from the user input device causes the input/output interface to transmit the control signals to the remote controlled equipment via the control lines.\n19. The surgical system of claim 13, further comprising:\na plurality of input/output interfaces, including the input/output interface;\na plurality of remote controlled equipment, including the remote controlled equipment; and\na plurality of smart cables, including the smart cable, each connecting one of the plurality input/output interfaces to one of the plurality of remote controlled equipment;\nwherein the user interface controller is configured to assign a user input device to control a first remote controlled equipment of the plurality of remote controlled equipment based on equipment information received from a first smart cable of the plurality of smart cables connected to the first remote controlled equipment, such that a command from the user input device causes the input/output interface connected to the first remote controlled equipment to transmit the control signals to the first remote controlled equipment via the control lines.\n20. The surgical system of claim 19,\nwherein the controller is configured to reassign the user input device to control a second remote controlled equipment of the plurality of remote controlled equipment responsive to receiving a swap command.\n21. The surgical system of claim 13,\nwherein the controller is configured to receive the equipment information via the input/output interface and to receive tool information from the surgical instrument; and\nwherein the controller is configured assign a user input device to control the remote controlled equipment based on the equipment information and the tool information, such that a command from the user input device causes the input/output interface to transmit the control signals to the remote controlled equipment via the control lines.\n22. The surgical system of claim 21,\nwherein the tool information includes information indicating where the surgical instrument is mounted in the surgical system, a tool type of the surgical instrument, or both.\n23. The surgical system of claim 11,\nwherein the input/output interface is capable of providing the control signals in multiple different signal formats, and\nthe input/output interface is configured to determine which signal format to use for the control signals based on the equipment information.",
    "status": "Active",
    "citations_own": [
        "US2175768A",
        "US2249618A",
        "US3184703A",
        "US4211461A",
        "US4284312A",
        "USD290458S",
        "USD319625S",
        "US5180316A",
        "USD342937S",
        "US5350314A",
        "USD358131S",
        "USD364332S",
        "JPH07308321A",
        "WO1997049340A1",
        "USD412312S",
        "USD415469S",
        "US5991355A",
        "CN1243690A",
        "USD420980S",
        "US6040537A",
        "US6074388A",
        "US6113596A",
        "US6237604B1",
        "JP2001314411A",
        "US20020049004A1",
        "USD460049S1",
        "USD460046S1",
        "US20020152015A1",
        "US20020173799A1",
        "US6493608B1",
        "US6522906B1",
        "US20030040204A1",
        "US20030050654A1",
        "USD472523S1",
        "US20030135204A1",
        "US6602185B1",
        "US6702617B1",
        "USD487724S1",
        "USD488130S1",
        "USD491526S1",
        "JP2004208922A",
        "US20040152354A1",
        "US20040167515A1",
        "US20040169673A1",
        "US6840938B1",
        "US20050008043A1",
        "US20050021021A1",
        "US20050080403A1",
        "US20050251156A1",
        "US20050251228A1",
        "USD512378S1",
        "US6994708B2",
        "US6997723B2",
        "USD517501S1",
        "WO2006039092A2",
        "US20060087746A1",
        "US20060142657A1",
        "US20060167440A1",
        "US20060178559A1",
        "JP2006255395A",
        "US7122032B2",
        "US20060271260A1",
        "USD533501S1",
        "US20070005045A1",
        "US20070013336A1",
        "US20070016174A1",
        "US20070078539A1",
        "US7217269B2",
        "USD543148S1",
        "WO2007075864A1",
        "US20070167968A1",
        "CN101023886A",
        "US20070239172A1",
        "US20080004603A1",
        "US7320700B2",
        "US20080020714A1",
        "USD560610S1",
        "US20080046122A1",
        "USD563883S1",
        "USD563884S1",
        "US7353068B2",
        "USD566046S1",
        "USD565981S1",
        "US7367973B2",
        "US7379563B2",
        "US20080125794A1",
        "US20080140158A1",
        "US20080147089A1",
        "US20080183189A1",
        "WO2008098085A2",
        "US20080217564A1",
        "US20080221473A1",
        "US7428439B1",
        "US20080249547A1",
        "US20080262538A1",
        "CN101297760A",
        "US20080319313A1",
        "US20090009492A1",
        "US20090012533A1",
        "US20090024142A1",
        "USD585380S1",
        "USD587205S1",
        "US20090088774A1",
        "US20090088634A1",
        "US20090248036A1",
        "US20090245600A1",
        "WO2009120940A2",
        "US20090248041A1",
        "US20090254077A1",
        "USD603345S1",
        "US20090275940A1",
        "WO2010008126A1",
        "US20100082039A1",
        "USD617272S1",
        "US20100191088A1",
        "WO2010104753A1",
        "US20100234857A1",
        "CN101902979A",
        "US20100305427A1",
        "US20110079626A1",
        "WO2011060139A2",
        "US20110118752A1",
        "US20110118753A1",
        "US20110121049A1",
        "USD639743S1",
        "USD639744S1",
        "US20110238079A1",
        "WO2011125007A1",
        "US8052470B1",
        "US20110276058A1",
        "US20110282141A1",
        "US20110282140A1",
        "US8083548B1",
        "US8120301B2",
        "US20120046659A1",
        "US20120071892A1",
        "US20120071891A1",
        "USD658586S1",
        "US20120116381A1",
        "US20120180751A1",
        "US20120202388A1",
        "US20120232540A1",
        "USD668226S1",
        "USD668225S1",
        "US20120248167A1",
        "US20120310241A1",
        "USD672722S1",
        "USD673119S1",
        "US20130053840A1",
        "US8398634B2",
        "US8398541B2",
        "US8418073B2",
        "USD684928S1",
        "USD686579S1",
        "USD690266S1",
        "USD691091S1",
        "USD691092S1",
        "USD691090S1",
        "US20130274734A1",
        "US20130304256A1",
        "US8657808B2",
        "US20140094968A1",
        "US20140128886A1",
        "US20140128885A1",
        "US20140142591A1",
        "US20140180272A1",
        "US20140378995A1",
        "US9259283B2",
        "US9301811B2",
        "US20160314710A1",
        "US20170209226A1"
    ],
    "citations_ftf": [
        "US6956579B1"
    ],
    "citedby_own": [
        "US11160622B2"
    ],
    "citedby_ftf": [
        "US7364577B2",
        "US8944070B2",
        "AU2001249933B2",
        "US11229472B2",
        "US11134978B2",
        "US20070084897A1",
        "US9060770B2",
        "US7367976B2",
        "US8182501B2",
        "US8215531B2",
        "US20060079877A1",
        "US9789608B2",
        "US8971597B2",
        "US9492240B2",
        "US11246590B2",
        "US11484312B2",
        "US9237891B2",
        "US7669746B2",
        "US10159482B2",
        "US7934630B2",
        "US20070191713A1",
        "US20070106317A1",
        "US7621930B2",
        "US7845537B2",
        "US11224427B2",
        "US8186555B2",
        "US20120292367A1",
        "US20110290856A1",
        "US8708213B2",
        "US20110024477A1",
        "US8820603B2",
        "US11793518B2",
        "US11278279B2",
        "US7753904B2",
        "US10893912B2",
        "US8992422B2",
        "US20080065097A1",
        "US8322455B2",
        "US10008017B2",
        "US9718190B2",
        "US20090192523A1",
        "US10258425B2",
        "US10568652B2",
        "US8360297B2",
        "US8684253B2",
        "US8652120B2",
        "US11291441B2",
        "US11039836B2",
        "US20080169333A1",
        "US20090001130A1",
        "US8057498B2",
        "US8142461B2",
        "US20080234709A1",
        "US8226675B2",
        "US8911460B2",
        "US8893946B2",
        "US8931682B2",
        "US11564682B2",
        "US9084623B2",
        "US9089256B2",
        "US9138129B2",
        "US8620473B2",
        "US9469034B2",
        "US7753245B2",
        "US8808319B2",
        "US8523889B2",
        "US8882791B2",
        "US9044261B2",
        "US8512365B2",
        "US8430898B2",
        "JP2010540186A",
        "US8960520B2",
        "US8967443B2",
        "US10010339B2",
        "US9179912B2",
        "US8636736B2",
        "US8758391B2",
        "US7819298B2",
        "US7866527B2",
        "BRPI0901282A2",
        "US8573465B2",
        "US9615826B2",
        "US11272927B2",
        "US8864652B2",
        "US9089360B2",
        "US8058771B2",
        "US8332072B1",
        "US9005230B2",
        "US9386983B2",
        "US11648005B2",
        "US8210411B2",
        "US8016827B2",
        "US8608045B2",
        "US8830224B2",
        "US8114122B2",
        "US8517239B2",
        "US8444036B2",
        "EP2393430A1",
        "US8423182B2",
        "US8120301B2",
        "US8924009B2",
        "US8187273B2",
        "US9138207B2",
        "US9700339B2",
        "US9155592B2",
        "US8319400B2",
        "US8246618B2",
        "US8663220B2",
        "US9017326B2",
        "US8461744B2",
        "US8918211B2",
        "US9492927B2",
        "US8133254B2",
        "US8112871B2",
        "US9168054B2",
        "US11090104B2",
        "USRE47996E1",
        "US9039695B2",
        "US10441345B2",
        "US8220688B2",
        "US8851354B2",
        "US8721539B2",
        "EP3251604B1",
        "US8486096B2",
        "US8531064B2",
        "US8961547B2",
        "US8579928B2",
        "US8951272B2",
        "US8469981B2",
        "GB2480498A",
        "US8795327B2",
        "US9192431B2",
        "US8783543B2",
        "US10390694B2",
        "US9364233B2",
        "US11298125B2",
        "US9113865B2",
        "US9566061B2",
        "US20190290267A1",
        "US9211120B2",
        "US9629814B2",
        "US9517063B2",
        "US9386988B2",
        "US10945731B2",
        "US8695866B2",
        "US9113940B2",
        "AU2012250197B2",
        "US9072535B2",
        "US11207064B2",
        "CN103607968B",
        "US9566710B2",
        "WO2012174539A1",
        "US9844384B2",
        "US9259265B2",
        "JP5936914B2",
        "JP5953058B2",
        "JP5931497B2",
        "CN103717169B",
        "JP6009840B2",
        "JP6021353B2",
        "JP6005950B2",
        "JP6021484B2",
        "JP6000641B2",
        "JP5841451B2",
        "JP6081061B2",
        "CN103732173B",
        "EP2740435B8",
        "KR20200010563A",
        "KR101828452B1",
        "US8968360B2",
        "EP2811932B1",
        "US9044230B2",
        "JP6134336B2",
        "US9375282B2",
        "BR112014024102B1",
        "MX353040B",
        "JP6105041B2",
        "US9241731B2",
        "US9724118B2",
        "US9439668B2",
        "US9237921B2",
        "US9226766B2",
        "US20130317519A1",
        "US9101358B2",
        "US20170258535A1",
        "US11253327B2",
        "JP2015528713A",
        "JP6290201B2",
        "US20140001234A1",
        "US9282974B2",
        "US20140005718A1",
        "US20140005705A1",
        "US11202631B2",
        "US9289256B2",
        "BR112014032776B1",
        "US20140001231A1",
        "US9408622B2",
        "US9283045B2",
        "US9226767B2",
        "US20140005702A1",
        "US9351754B2",
        "US9393037B2",
        "US9820768B2",
        "US9198714B2",
        "US9326788B2",
        "US9700310B2",
        "IN2015DN02432A",
        "US10201365B2",
        "US9095367B2",
        "US10631939B2",
        "CN115486942A",
        "US10864048B2",
        "US20140135804A1",
        "US10507066B2",
        "MX352726B",
        "BR112015021082B1",
        "RU2672520C2",
        "US9326822B2",
        "US9351727B2",
        "US9629629B2",
        "US11213363B2",
        "US9173713B2",
        "US10226273B2",
        "US20140277334A1",
        "JP6541640B2",
        "US20140276936A1",
        "US20140276647A1",
        "US9408669B2",
        "US9764468B2",
        "EP2969409A4",
        "US9241728B2",
        "US9788906B2",
        "DE102013002832A1",
        "US10136887B2",
        "BR112015026109B1",
        "WO2014172514A1",
        "US9387045B2",
        "US9242372B2",
        "US9384443B2",
        "US9314924B1",
        "US9792546B2",
        "CN104274244B",
        "RU2678363C2",
        "US9814514B2",
        "US9579789B2",
        "US11020182B1",
        "WO2015052790A1",
        "US9597797B2",
        "US9265926B2",
        "DE102013223027A1",
        "US9937626B2",
        "GB2521228A",
        "GB2521229A",
        "WO2015094493A1",
        "US9795436B2",
        "US9358685B2",
        "US9962161B2",
        "US9259844B2",
        "CN106232029B",
        "CN106102634B",
        "EP3119338B1",
        "EP3119336A4",
        "USD760387S1",
        "US10166061B2",
        "USD767129S1",
        "USD768295S1",
        "USD767130S1",
        "US9554854B2",
        "BR112016021943B1",
        "US10004497B2",
        "US9743929B2",
        "US9804618B2",
        "US10463421B2",
        "US10092310B2",
        "US9737355B2",
        "JP5946859B2",
        "US9913680B2",
        "JP6636452B2",
        "US20150297223A1",
        "BR112016023825B1",
        "US10206677B2",
        "US11185330B2",
        "US10046140B2",
        "CA2946595A1",
        "US20150324317A1",
        "US10569052B2",
        "US9561083B2",
        "US10285724B2",
        "US10058395B2",
        "CN110448345B",
        "CN106573373B",
        "WO2016035084A2",
        "US9724094B2",
        "BR112017004361B1",
        "US11311294B2",
        "US10105142B2",
        "MX2017003960A",
        "US11523821B2",
        "US9630318B2",
        "US10076325B2",
        "US9924944B2",
        "WO2016069660A1",
        "KR102479015B1",
        "JP6774404B2",
        "CN107072725B",
        "US10555777B2",
        "US10272569B2",
        "KR20230003422A",
        "US11141153B2",
        "US10517594B2",
        "US11504192B2",
        "US9844376B2",
        "WO2016077543A1",
        "EP3866174A1",
        "DE102014224122B4",
        "US10639092B2",
        "US10736636B2",
        "US9844375B2",
        "US10004501B2",
        "US9987000B2",
        "US10188385B2",
        "BR112017012996B1",
        "US10085748B2",
        "US9844374B2",
        "US9475198B2",
        "US10245095B2",
        "US9717387B1",
        "US10180463B2",
        "US10159483B2",
        "US11154301B2",
        "US10052044B2",
        "US10617412B2",
        "US9993248B2",
        "US10687806B2",
        "US10245033B2",
        "US10441279B2",
        "US9924961B2",
        "US9808246B2",
        "US9901342B2",
        "JP2018507727A",
        "US10342602B2",
        "US10321950B2",
        "US10595929B2",
        "US10213201B2",
        "US9687982B1",
        "US10959788B2",
        "WO2016201325A1",
        "US10034684B2",
        "US10507068B2",
        "US11020140B2",
        "CN107820412B",
        "US11129669B2",
        "US11141213B2",
        "US11051873B2",
        "US10898256B2",
        "US10357303B2",
        "US10034704B2",
        "US10154852B2",
        "US11058425B2",
        "US10265863B2",
        "EP4137034A1",
        "US10363036B2",
        "US10327769B2",
        "US10238386B2",
        "US10105139B2",
        "US10492790B2",
        "JP6755305B2",
        "US10299878B2",
        "US10980539B2",
        "US10478188B2",
        "US10271849B2",
        "US20220061843A1",
        "US10687884B2",
        "US10595930B2",
        "US10912449B2",
        "US9949749B2",
        "US9955986B2",
        "US10639108B2",
        "US10213250B2",
        "WO2017087439A1",
        "DE102015223955A1",
        "US11209954B2",
        "US10368865B2",
        "US10292704B2",
        "US10179022B2",
        "US10265068B2",
        "US10575892B2",
        "US11229471B2",
        "US10716615B2",
        "US11129670B2",
        "JP6911054B2",
        "US10433837B2",
        "US11213293B2",
        "US10258331B2",
        "US11224426B2",
        "US10448948B2",
        "US10555769B2",
        "DK3219283T3",
        "US10893899B2",
        "US10603101B2",
        "US11510730B2",
        "US10617413B2",
        "US10285705B2",
        "WO2017173524A1",
        "US10357247B2",
        "US10426467B2",
        "US10456137B2",
        "US10828028B2",
        "US11179150B2",
        "US10335145B2",
        "US10492783B2",
        "US11607239B2",
        "US10405859B2",
        "US10363037B2",
        "US20170296173A1",
        "US11317917B2",
        "US10905505B1",
        "US10485607B2",
        "US10702329B2",
        "US10454347B2",
        "US10646269B2",
        "US10456193B2",
        "US10241514B2",
        "WO2017205313A1",
        "CN109152614B",
        "CN107735040B",
        "EP3463162A4",
        "WO2017210074A1",
        "US11553984B2",
        "US9987752B2",
        "US10282849B2",
        "US10016896B2",
        "RU2630177C1",
        "WO2018009274A1",
        "US10245064B2",
        "US10893883B2",
        "USD865164S1",
        "USD865163S1",
        "USD864386S1",
        "US10842522B2",
        "US10376305B2",
        "US10285723B2",
        "US10478256B2",
        "USD847990S1",
        "US10828056B2",
        "US10952759B2",
        "US11241559B2",
        "CN106137399B",
        "AU2016422171B2",
        "US10274325B2",
        "US10001780B2",
        "US10723018B2",
        "US10603064B2",
        "US11266430B2",
        "US10639035B2",
        "US10667811B2",
        "JP6983893B2",
        "US10758230B2",
        "US11419606B2",
        "US10856868B2",
        "JP7010956B2",
        "US10980536B2",
        "US10624635B2",
        "US10758229B2",
        "JP2020501779A",
        "US10426471B2",
        "US10898186B2",
        "US20180168575A1",
        "US11134942B2",
        "US11191539B2",
        "US10667809B2",
        "US20180168615A1",
        "US11090048B2",
        "WO2018122979A1",
        "US10244926B2",
        "US10813695B2",
        "US10377040B2",
        "US10852730B2",
        "WO2018148394A1",
        "US11690691B2",
        "US10973592B2",
        "US11779410B2",
        "GB201703878D0",
        "WO2018170031A1",
        "US10293485B2",
        "US10368955B2",
        "EP3622528A1",
        "CN110650705B",
        "EP3629974A4",
        "US11553974B2",
        "JP2020520748A",
        "CN110621255B",
        "JP6599402B2",
        "DE102017113393A1",
        "US11517325B2",
        "US11071554B2",
        "US11090046B2",
        "US10779820B2",
        "US10881396B2",
        "US10980537B2",
        "US10881399B2",
        "US10624633B2",
        "US11653914B2",
        "USD879808S1",
        "USD879809S1",
        "US10813639B2",
        "US10390841B2",
        "USD890784S1",
        "US10888321B2",
        "US11382638B2",
        "US10327767B2",
        "US10368864B2",
        "US10307170B2",
        "US10646220B2",
        "CN109091237B",
        "US11141154B2",
        "US10993716B2",
        "US10856869B2",
        "US11324503B2",
        "US10772629B2",
        "US11266405B2",
        "USD906355S1",
        "USD854151S1",
        "USD851762S1",
        "US10211586B2",
        "US11246592B2",
        "US20190000461A1",
        "US10779824B2",
        "US10903685B2",
        "USD869655S1",
        "US10765427B2",
        "US11259805B2",
        "US11564686B2",
        "US10716614B2",
        "US11026758B2",
        "US10898183B2",
        "US10258418B2",
        "US10398434B2",
        "US11007022B2",
        "US10932772B2",
        "US10820920B2",
        "CN116725661A",
        "CN107334532B",
        "US11304695B2",
        "US11471155B2",
        "DE102017118347A1",
        "US10888370B2",
        "US10932808B2",
        "US10905493B2",
        "US11160602B2",
        "AU2018328098A1",
        "EP3678573A4",
        "EP3678574A4",
        "CA3074685A1",
        "EP3681368A4",
        "US11399829B2",
        "US10729501B2",
        "US10796471B2",
        "US10743872B2",
        "USD907647S1",
        "USD917500S1",
        "US10765429B2",
        "USD907648S1",
        "US11291510B2",
        "US11801098B2",
        "US11317919B2",
        "US11229436B2",
        "US11090075B2",
        "US11510741B2",
        "US11311342B2",
        "US20190125338A1",
        "US11134944B2",
        "US11564756B2",
        "US11026687B2",
        "US10842490B2",
        "US10779903B2",
        "CN109866220B",
        "WO2019118767A1",
        "US10779826B2",
        "US10966718B2",
        "US11071543B2",
        "US10779825B2",
        "US10828033B2",
        "US10687813B2",
        "US10743874B2",
        "US11033267B2",
        "US11006955B2",
        "US11197670B2",
        "US10743875B2",
        "US10869666B2",
        "US10835330B2",
        "US11020112B2",
        "US10716565B2",
        "US10969817B2",
        "US10729509B2",
        "US11045270B2",
        "USD910847S1",
        "US11369368B2",
        "US11076853B2",
        "US11129680B2",
        "US11311290B2",
        "US11278281B2",
        "US11253315B2",
        "US11096693B2",
        "US11786251B2",
        "US11308075B2",
        "US11304720B2",
        "US11678881B2",
        "US11666331B2",
        "US11234756B2",
        "US10987178B2",
        "US10966791B2",
        "US11160605B2",
        "US11100631B2",
        "US11744604B2",
        "US11484379B2",
        "US11364075B2",
        "US11423007B2",
        "US11304763B2",
        "US11464559B2",
        "US11389164B2",
        "US11304745B2",
        "US11147607B2",
        "US11559308B2",
        "US11257589B2",
        "US20190200981A1",
        "US11284936B2",
        "US11202570B2",
        "US20190201139A1",
        "US11571234B2",
        "US11109866B2",
        "US20190201146A1",
        "US11266468B2",
        "US11179208B2",
        "US11529187B2",
        "US11317937B2",
        "US11132462B2",
        "US11166772B2",
        "US20190201039A1",
        "US11056244B2",
        "US11576677B2",
        "US11786245B2",
        "US11419630B2",
        "US11179175B2",
        "US11446052B2",
        "US20190204201A1",
        "US10892995B2",
        "US11559307B2",
        "US11540855B2",
        "US11410259B2",
        "US10892899B2",
        "US11304699B2",
        "US11069012B2",
        "US11672605B2",
        "US10944728B2",
        "US11045591B2",
        "US10943454B2",
        "US11464535B2",
        "US11589888B2",
        "US11273001B2",
        "US11419667B2",
        "US11602393B2",
        "US11311306B2",
        "US11376002B2",
        "US11291495B2",
        "US10758310B2",
        "US11659023B2",
        "US11324557B2",
        "US11432885B2",
        "US11051876B2",
        "US11424027B2",
        "US11076921B2",
        "US11633237B2",
        "US10932872B2",
        "US20190201142A1",
        "EP3735199A4",
        "KR20200118439A",
        "AU2019214340A1",
        "JP6622872B2",
        "KR102102386B1",
        "KR102100504B1",
        "CN108324368B",
        "US11189379B2",
        "WO2019173056A1",
        "US11259830B2",
        "US11678927B2",
        "US20190274752A1",
        "DE102018106737A1",
        "US11471156B2",
        "US11589865B2",
        "US11096688B2",
        "US11090047B2",
        "US10973520B2",
        "US11166716B2",
        "US11278280B2",
        "US11207067B2",
        "US11219453B2",
        "JP6665263B2",
        "CN108814715B",
        "USD884892S1",
        "CN111989065A",
        "US11224768B2",
        "WO2019222395A1",
        "JP7314175B2",
        "US10769443B2",
        "US11534246B2",
        "WO2019240825A1",
        "JP2021529014A",
        "US11135031B2",
        "US11135030B2",
        "CN112384121A",
        "CN112105312A",
        "US10888383B2",
        "US10503199B1",
        "US11083458B2",
        "US11207065B2",
        "US10779821B2",
        "US10912559B2",
        "US11324501B2",
        "USD914878S1",
        "US11039834B2",
        "US11045192B2",
        "US11291440B2",
        "US11253256B2",
        "US10842492B2",
        "US10856870B2",
        "US11224486B2",
        "US11804679B2",
        "US11696789B2",
        "US11678925B2",
        "US20200078120A1",
        "JP6902639B2",
        "JP6898285B2",
        "JP6856594B2",
        "EP3856001A4",
        "USD887469S1",
        "US11109746B2",
        "US11166769B2",
        "CN111134849A",
        "WO2020092170A1",
        "US10910103B2",
        "US11586106B2",
        "US11517381B2",
        "US11717355B2",
        "CN109674524A",
        "US11576733B2",
        "US11484372B2",
        "US11357503B2",
        "US11317915B2",
        "US11464511B2",
        "US11369377B2",
        "US11291444B2",
        "WO2020174343A2",
        "US11583350B2",
        "US11701190B2",
        "US11471229B2",
        "WO2020188391A1",
        "US11284957B2",
        "US11690690B2",
        "US11666401B2",
        "US11490981B2",
        "CN113613580A",
        "US11147553B2",
        "US11172929B2",
        "US11147551B2",
        "US11696761B2",
        "US11218822B2",
        "US11452528B2",
        "US11432816B2",
        "US11471157B2",
        "US11426251B2",
        "US11648009B2",
        "US11253254B2",
        "USD952144S1",
        "USD950728S1",
        "USD964564S1",
        "US11607278B2",
        "US11723729B2",
        "US11259803B2",
        "US11051807B2",
        "US11771419B2",
        "US11464601B2",
        "US11660163B2",
        "US11684434B2",
        "US11241235B2",
        "US11298127B2",
        "US11627959B2",
        "US11246678B2",
        "US11478241B2",
        "US11224497B2",
        "US11553971B2",
        "US11219455B2",
        "US11291451B2",
        "US11638587B2",
        "US11399837B2",
        "US11497492B2",
        "US11376098B2",
        "US11523822B2",
        "US11298132B2",
        "US11426167B2",
        "US11361176B2",
        "JP7080861B2",
        "USD928725S1",
        "USD928726S1",
        "USD939545S1",
        "USD924139S1",
        "WO2021064536A1",
        "EP4065028A1",
        "GB2589380A",
        "US11446029B2",
        "US11529139B2",
        "US11529137B2",
        "US11464512B2",
        "US11559304B2",
        "US11304696B2",
        "US11234698B2",
        "US11576672B2",
        "US11504122B2",
        "CN110974422B",
        "US11291447B2",
        "US11701111B2",
        "US11607219B2",
        "US11786291B2",
        "US11452525B2",
        "US11779387B2",
        "US20210196349A1",
        "US11779329B2",
        "US11684412B2",
        "US11589916B2",
        "US11759251B2",
        "US11660089B2",
        "US11696776B2",
        "KR20220123269A",
        "US20210205040A1",
        "JP7128326B2",
        "CN111568558B",
        "WO2021208869A1",
        "CN111494014B",
        "USD975851S1",
        "USD975850S1",
        "USD967421S1",
        "USD974560S1",
        "USD966512S1",
        "USD975278S1",
        "USD976401S1",
        "USD963851S1",
        "US11660090B2",
        "US11793597B2",
        "US20220096120A1",
        "US11793500B2",
        "US11452526B2",
        "USD980425S1",
        "US11534259B2",
        "US11617577B2",
        "US11517390B2",
        "US11717289B2",
        "US11779330B2",
        "KR102570097B1",
        "CN116685285A",
        "US11653920B2",
        "US11653915B2",
        "US11678882B2",
        "US11737751B2",
        "US11744581B2",
        "US11627960B2",
        "JP7016400B2",
        "US11696757B2",
        "US11751869B2",
        "US11749877B2",
        "US11701113B2",
        "US11793514B2",
        "US11730473B2",
        "US11723657B2",
        "US11744583B2",
        "US11759202B2",
        "US11737749B2",
        "US11723658B2",
        "US11717291B2",
        "US11793516B2",
        "US11786239B2",
        "US11744603B2",
        "US11786243B2",
        "WO2022208414A1",
        "CN113241169A",
        "US20220378427A1",
        "DE102021119629B3",
        "CN113712673B",
        "CN114242498A"
    ]
}