{
    "patent_id": "US-11203340-B2",
    "title": "Vehicular vision system using side-viewing camera ",
    "assignee": "Magna Electronics Inc.",
    "publication_date": "2021-12-21",
    "patent_link": "https://patents.google.com/patent/US11203340B2/en",
    "inventors": [
        "John A. Pawlicki",
        "Martha A. McMahon",
        "Steven G. Chinn",
        "Joel S. Gibson"
    ],
    "classifications": [
        "B60K31/0008",
        "B60Q1/525",
        "B60Q9/008",
        "B60R11/04",
        "B60T7/22",
        "B60W10/04",
        "B60W10/20",
        "B60W30/09",
        "B60W30/12",
        "B60W30/143",
        "B60W30/16",
        "B60W30/18",
        "B60W50/14",
        "B62D15/025",
        "G01S11/12",
        "G01S13/867",
        "G01S13/931",
        "G06K9/00791",
        "G06K9/00798",
        "G06K9/00805",
        "G06K9/00818",
        "G06K9/00825",
        "G06K9/4604",
        "G06K9/52",
        "G06T7/13",
        "G06T7/174",
        "G06T7/60",
        "G06T7/73",
        "G06V20/56",
        "G06V20/58",
        "G06V20/582",
        "G06V20/584",
        "G06V20/588",
        "G08G1/16",
        "G08G1/167",
        "H04N23/90",
        "H04N5/247",
        "B60K31/00",
        "B60R2011/004",
        "B60T2201/08",
        "B60T2201/082",
        "B60T2201/089",
        "B60T2210/34",
        "B60W2050/143",
        "B60W2420/42",
        "B60W2420/52",
        "B60W2554/4041",
        "B60W2554/80",
        "B60W2554/801",
        "B60W2554/802",
        "B60W2555/20",
        "B60W2556/60",
        "B60W2710/20",
        "B60W2720/10",
        "G06K2209/27",
        "G06T2207/30244",
        "G06T2207/30256",
        "G06T2207/30261",
        "G06V2201/10"
    ],
    "abstract": "A vehicular vision system includes a side-viewing camera mounted within an exterior rearview mirror assembly attached at a side of a vehicle equipped with the vehicular vision system. The side-viewing camera has a field of view at least sideward of the side of the equipped vehicle at which the exterior rearview mirror assembly is attached. The side-viewing camera captures an image of a scene occurring exterior of the equipped vehicle. The captured image includes an image data set representative of the exterior scene. A control includes an image processor, and the image data set is provided to the control. The control processes a reduced image data set of the image data set provided to the control to detect edges present exterior of the equipped vehicle within an area of interest of the scene occurring exterior of the equipped vehicle that is within the field of view of the side-viewing camera.",
    "claims": "\n1. A vehicular vision system, said vehicular vision system comprising:\na side-viewing camera mounted within an exterior rearview mirror assembly that is attached at a side of a vehicle equipped with said vehicular vision system;\nsaid side-viewing camera having a field of view at least sideward of the side of the equipped vehicle at which the exterior rearview mirror assembly is attached;\nwherein said side-viewing camera captures an image of a scene occurring exterior of the equipped vehicle;\nthe captured image comprising an image data set representative of the exterior scene;\na control comprising an image processor;\nwherein the image data set is provided to said control; and\nwherein said control processes a reduced image data set of the image data set provided to said control to detect edges present exterior of the equipped vehicle within an area of interest of the scene occurring exterior of the equipped vehicle that is within the field of view of said side-viewing camera.\n2. The vehicular vision system of claim 1, wherein said side-viewing camera is mounted within a driver-side exterior rearview mirror assembly of the equipped vehicle.\n3. The vehicular vision system of claim 2, wherein said side-viewing camera mounted within the driver-side exterior rearview mirror assembly of the equipped vehicle is part of a panoramic vision system of the equipped vehicle.\n4. The vehicular vision system of claim 1, wherein said side-viewing camera is mounted within a passenger-side exterior rearview mirror assembly of the equipped vehicle.\n5. The vehicular vision system of claim 4, wherein said side-viewing camera mounted within the passenger-side exterior rearview mirror assembly of the equipped vehicle is part of a panoramic vision system of the equipped vehicle.\n6. The vehicular vision system of claim 1, wherein said side-viewing camera comprises an imaging sensor, and wherein said imaging sensor comprises a CMOS imaging array having a plurality of photo-sensing pixels.\n7. The vehicular vision system of claim 1, wherein the reduced image data set is less than 75% of the image data set representative of the exterior scene.\n8. The vehicular vision system of claim 1, wherein the reduced image data set is less than 66% of the image data set representative of the exterior scene.\n9. The vehicular vision system of claim 1, wherein the reduced image data set is less than 50% of the image data set representative of the exterior scene.\n10. The vehicular vision system of claim 1, wherein said control, when processing the reduced image data set, weighs image data within the reduced image data set which is indicative of physical characteristics of an object of interest more than other image data within the reduced image data set which is not likely to be indicative of such an object of interest.\n11. The vehicular vision system of claim 1, wherein the detected edges present exterior of the equipped vehicle within the area of interest comprise edges of another vehicle.\n12. The vehicular vision system of claim 1, wherein the detected edges present exterior of the equipped vehicle within the area of interest comprise edges of a feature of a road the equipped vehicle is travelling on.\n13. The vehicular vision system of claim 12, wherein the feature of the road the equipped vehicle is travelling on comprises a lane marker.\n14. The vehicular vision system of claim 1, wherein said control applies an edge detection algorithm to the reduced image data set of the image data set provided to said control to detect edges present exterior of the equipped vehicle within the area of interest.\n15. A vehicular vision system, said vehicular vision system comprising:\na side-viewing camera mounted within an exterior rearview mirror assembly that is attached at a side of a vehicle equipped with said vehicular vision system;\nwherein said side-viewing camera comprises an imaging sensor;\nwherein said imaging sensor comprises a CMOS imaging array having a plurality of photo-sensing pixels;\nsaid side-viewing camera having a field of view at least sideward of the side of the equipped vehicle at which the exterior rearview mirror assembly is attached;\nwherein said side-viewing camera captures an image of a scene occurring exterior of the equipped vehicle;\nthe captured image comprising an image data set representative of the exterior scene;\na control comprising an image processor;\nwherein the image data set is provided to said control;\nsaid control processing a reduced image data set of the image data set provided to said control to detect edges present exterior of the equipped vehicle within an area of interest of the scene occurring exterior of the equipped vehicle that is within the field of view of said side-viewing camera; and\nwherein the reduced image data set is less than 50% of the image data set representative of the exterior scene.\n16. The vehicular vision system of claim 15, wherein said side-viewing camera is mounted within a driver-side exterior rearview mirror assembly of the equipped vehicle.\n17. The vehicular vision system of claim 16, wherein said side-viewing camera mounted within the driver-side exterior rearview mirror assembly of the equipped vehicle is part of a panoramic vision system of the equipped vehicle.\n18. The vehicular vision system of claim 15, wherein said side-viewing camera is mounted within a passenger-side exterior rearview mirror assembly of the equipped vehicle.\n19. The vehicular vision system of claim 18, wherein said side-viewing camera mounted within the passenger-side exterior rearview mirror assembly of the equipped vehicle is part of a panoramic vision system of the equipped vehicle.\n20. The vehicular vision system of claim 15, wherein said control, when processing the reduced image data set, weighs image data within the reduced image data set which is indicative of physical characteristics of an object of interest more than other image data within the reduced image data set which is not likely to be indicative of such an object of interest.\n21. The vehicular vision system of claim 15, wherein the detected edges present exterior of the equipped vehicle within the area of interest comprise edges of another vehicle.\n22. The vehicular vision system of claim 15, wherein the detected edges present exterior of the equipped vehicle within the area of interest comprise edges of a feature of a road the equipped vehicle is travelling on.\n23. The vehicular vision system of claim 22, wherein the feature of the road the equipped vehicle is travelling on comprises a lane marker.\n24. The vehicular vision system of claim 15, wherein said control applies an edge detection algorithm to the reduced image data set of the image data set provided to said control to detect edges present exterior of the equipped vehicle within the area of interest.\n25. A vehicular vision system, said vehicular vision system comprising:\na driver side-viewing camera mounted within a driver-side exterior rearview mirror assembly that is attached at a driver side of a vehicle equipped with said vehicular vision system;\nsaid driver side-viewing camera having a field of view at least sideward of the side of the equipped vehicle at which the driver-side exterior rearview mirror assembly is attached;\nsaid driver side-viewing camera comprising an imaging sensor operable to capture an image of a scene occurring exterior of the equipped vehicle at the driver side of the equipped vehicle;\nthe image captured by said imaging sensor of said driver side-viewing camera comprising a driver-side image data set representative of the scene occurring exterior of the equipped vehicle at the driver side of the equipped vehicle;\nwherein said imaging sensor of said driver side-viewing camera comprises a CMOS imaging array having a plurality of photo-sensing pixels;\na control comprising an image processor;\nwherein the driver-side image data set is provided to said control;\nsaid control applying an edge detection algorithm to a reduced image data set of the driver-side image data set provided to said control, the reduced image data set of the driver-side image data set being representative of a driver-side area of interest of the scene occurring exterior of the equipped vehicle at the driver side of the equipped vehicle that is within the field of view of said driver side-viewing camera;\nsaid control processing the reduced image data set representative of the driver-side area of interest of the scene occurring exterior of the equipped vehicle at the driver side of the equipped vehicle to detect edges present exterior of the equipped vehicle within the driver-side area of interest;\nwherein the reduced image data set representative of the driver-side area of interest is less than 50% of the image data set representative of the scene occurring exterior of the equipped vehicle at the driver side of the equipped vehicle;\na passenger side-viewing camera mounted within a passenger-side exterior rearview mirror assembly that is attached at a passenger side of the equipped vehicle;\nsaid passenger side-viewing camera having a field of view at least sideward of the side of the equipped vehicle at which the passenger-side exterior rearview mirror assembly is attached;\nsaid passenger side-viewing camera comprising an imaging sensor operable to capture an image of a scene occurring exterior of the equipped vehicle at the passenger side of the equipped vehicle;\nthe image captured by said imaging sensor of said passenger side-viewing camera comprising a passenger-side image data set representative of the scene occurring exterior of the equipped vehicle at the passenger side of the equipped vehicle;\nwherein said imaging sensor of said passenger side-viewing camera comprises a CMOS imaging array having a plurality of photo-sensing pixels;\nwherein the passenger-side image data set is provided to said control;\nsaid control applying an edge detection algorithm to a reduced image data set of the passenger-side image data set provided to said control, the reduced image data set of the passenger-side image data set being representative of a passenger-side area of interest of the scene occurring exterior of the equipped vehicle at the passenger side of the equipped vehicle that is within the field of view of said passenger side-viewing camera;\nsaid control processing the reduced image data set representative of the passenger-side area of interest of the scene occurring exterior of the equipped vehicle at the passenger side of the equipped vehicle to detect edges present exterior of the equipped vehicle within the passenger-side area of interest; and\nwherein the reduced image data set representative of the passenger-side area of interest is less than 50% of the image data set representative of the scene occurring exterior of the equipped vehicle at the passenger side of the equipped vehicle.\n26. The vehicular vision system of claim 25, wherein said driver side-viewing camera mounted within the driver-side exterior rearview mirror assembly of the equipped vehicle and said passenger side-viewing camera mounted within the passenger-side exterior rearview mirror assembly of the equipped vehicle are part of a panoramic vision system of the equipped vehicle.\n27. The vehicular vision system of claim 26, wherein said control, when processing the reduced image data set representative of the driver-side area of interest of the scene occurring exterior of the equipped vehicle at the driver side of the equipped vehicle, weighs image data within the reduced image data set representative of the driver-side area of interest which is indicative of physical characteristics of an object of interest more than other image data within the reduced image data set representative of the driver-side area of interest which is not likely to be indicative of such an object of interest.\n28. The vehicular vision system of claim 26, wherein said control, when processing the reduced image data set representative of the passenger-side area of interest of the scene occurring exterior of the equipped vehicle at the passenger side of the equipped vehicle, weighs image data within the reduced image data set representative of the passenger-side area of interest which is indicative of physical characteristics of an object of interest more than other image data within the reduced image data set representative of the passenger-side area of interest which is not likely to be indicative of such an object of interest.\n29. The vehicular vision system of claim 26, wherein the detected edges present exterior of the equipped vehicle within the driver-side area of interest comprise edges of a feature of a road the equipped vehicle is travelling on.\n30. The vehicular vision system of claim 26, wherein the detected edges present exterior of the equipped vehicle within the passenger-side area of interest comprise edges of a feature of a road the equipped vehicle is travelling on.",
    "status": "Expired - Lifetime",
    "citations_own": [
        "GB1054064A",
        "US1472509A",
        "US2074251A",
        "US2148119A",
        "US2240843A",
        "US2317400A",
        "US2331144A",
        "US2339291A",
        "US2424288A",
        "US2598420A",
        "US2632040A",
        "US2750583A",
        "US2762932A",
        "US2827594A",
        "US2855523A",
        "US2856146A",
        "US2863064A",
        "US2892094A",
        "US2907920A",
        "US2912593A",
        "US2934676A",
        "US2959709A",
        "US3008532A",
        "US3011580A",
        "US3069654A",
        "GB914827A",
        "US3085646A",
        "DE1152627B",
        "US3158835A",
        "DE1182971B",
        "US3172496A",
        "DE1190413B",
        "US3179845A",
        "DE1196598B",
        "GB1000265A",
        "US3201750A",
        "US3208070A",
        "GB1008411A",
        "DE1214174B",
        "US3249761A",
        "US3271577A",
        "US3325680A",
        "GB1098610A",
        "GB1098608A",
        "US3367616A",
        "GB1106339A",
        "US3411843A",
        "US3486066A",
        "GB1178416A",
        "US3515472A",
        "GB1197710A",
        "US3572428A",
        "SE336535B",
        "US3623671A",
        "US3673560A",
        "DE2064839A1",
        "US3680951A",
        "US3689695A",
        "US3708668A",
        "US3751711A",
        "US3845572A",
        "US3876940A",
        "US3971065A",
        "US3986022A",
        "US3985424A",
        "US4003445A",
        "US4037134A",
        "US4044853A",
        "US4049961A",
        "US4058796A",
        "US4093364A",
        "US4127778A",
        "US4139801A",
        "US4143264A",
        "US4176728A",
        "JPS5539843A",
        "US4200361A",
        "US4209853A",
        "US4214266A",
        "US4218698A",
        "US4236099A",
        "JPS55156901A",
        "US4238778A",
        "US4243196A",
        "US4247870A",
        "US4249160A",
        "US4254931A",
        "US4257703A",
        "US4266856A",
        "CA1101522A",
        "US4277804A",
        "JPS5685110A",
        "US4278142A",
        "US4281898A",
        "DE3004247A1",
        "US4288814A",
        "USRE30835E",
        "EP0048492A2",
        "EP0049722A1",
        "DE3040555A1",
        "DE3101855A1",
        "US4348652A",
        "US4348653A",
        "US4355271A",
        "US4357558A",
        "US4357594A",
        "EP0072406A2",
        "JPS5871230A",
        "US4381888A",
        "US4389639A",
        "US4389537A",
        "US4390742A",
        "US4390895A",
        "JPS58110334A",
        "JPS58122421A",
        "US4401181A",
        "US4403208A",
        "US4420238A",
        "US4431896A",
        "US4441125A",
        "US4443057A",
        "DE3240498A1",
        "JPS59114139A",
        "DE3248511A1",
        "US4460831A",
        "JPS59127200A",
        "CH644315A5",
        "US4464789A",
        "US4471228A",
        "US4481450A",
        "US4483011A",
        "US4485402A",
        "US4491390A",
        "US4495589A",
        "JPS6047737A",
        "DE3433671A1",
        "US4512637A",
        "JPS6078312A",
        "US4521804A",
        "US4529275A",
        "US4529873A",
        "US4532550A",
        "US4538181A",
        "US4546551A",
        "JPS60206746A",
        "US4549208A",
        "JPS60219133A",
        "JPS60240545A",
        "JPS60255537A",
        "US4564833A",
        "US4566032A",
        "EP0169734A2",
        "US4571082A",
        "US4572619A",
        "JPS6141929A",
        "US4580875A",
        "EP0176615A1",
        "JPS6185238A",
        "US4587522A",
        "US4588041A",
        "JPS61105245A",
        "US4599544A",
        "US4601053A",
        "US4600913A",
        "US4603946A",
        "JPS61191937A",
        "WO1986005147A1",
        "US4614415A",
        "US4620141A",
        "DE3515116A1",
        "US4623222A",
        "JPS61260217A",
        "US4625329A",
        "EP0202460A2",
        "US4626850A",
        "JPS61285151A",
        "JPS61285152A",
        "US4629941A",
        "US4630109A",
        "US4632509A",
        "JPS621652A",
        "US4638287A",
        "JPS6216073A",
        "JPS6221010A",
        "JPS6226141A",
        "DE3528220A1",
        "US4645320A",
        "US4645975A",
        "US4647161A",
        "US4647975A",
        "US4653316A",
        "DE3535588A1",
        "JPS6280143A",
        "US4665321A",
        "JPS62115600A",
        "US4669825A",
        "US4671615A",
        "US4672457A",
        "US4671614A",
        "JPS62131837A",
        "US4676601A",
        "US4679077A",
        "US4681431A",
        "DE3601388A1",
        "US4688085A",
        "US4690508A",
        "US4692798A",
        "US4693788A",
        "US4697883A",
        "US4699484A",
        "US4701613A",
        "US4701022A",
        "JPS62253543A",
        "JPS62253546A",
        "JPS62287164A",
        "US4713685A",
        "US4717830A",
        "JPS6311446A",
        "US4727290A",
        "US4728804A",
        "US4731769A",
        "US4731669A",
        "US4741603A",
        "DE3637165A1",
        "DE3636946A1",
        "DE3642196A1",
        "US4755664A",
        "US4758883A",
        "FR2610401A1",
        "US4772942A",
        "US4779095A",
        "JPS63258237A",
        "JPS63258236A",
        "US4785280A",
        "WO1988009023A1",
        "US4789904A",
        "JPS63192788U",
        "US4793690A",
        "US4799267A",
        "JPS6414700A",
        "US4805015A",
        "US4816828A",
        "US4817948A",
        "US4820933A",
        "DE3734066A1",
        "US4825232A",
        "JPH01123587A",
        "DE3737395A1",
        "US4833534A",
        "US4833469A",
        "DE3838365A1",
        "US4839749A",
        "US4838650A",
        "US4841348A",
        "GB2210835A",
        "US4843463A",
        "US4847489A",
        "US4847772A",
        "US4849731A",
        "US4855822A",
        "US4859031A",
        "US4862037A",
        "US4863130A",
        "JPH01233129A",
        "US4867561A",
        "US4870264A",
        "JPH01242917A",
        "US4871917A",
        "US4872051A",
        "JPH01265400A",
        "JPH01275237A",
        "EP0340735A2",
        "US4881019A",
        "EP0341985A2",
        "US4882565A",
        "US4882466A",
        "US4883349A",
        "US4884055A",
        "US4886960A",
        "US4891559A",
        "EP0348691A2",
        "US4892345A",
        "US4896030A",
        "US4895790A",
        "EP0353200A2",
        "US4899296A",
        "JPH0236417A",
        "US4900133A",
        "EP0354561A2",
        "US4905151A",
        "US4906940A",
        "JPH0268237A",
        "US4907870A",
        "US4910591A",
        "EP0361914A2",
        "EP0360880A1",
        "DE3833022A1",
        "US4916374A",
        "US4917477A",
        "JPH02117935A",
        "WO1990004528A1",
        "US4926346A",
        "DE3937576A1",
        "DE3839513A1",
        "DE3839512A1",
        "US4930742A",
        "US4931937A",
        "DE3840425A1",
        "US4937796A",
        "DE3844364A1",
        "JPH02190978A",
        "US4948246A",
        "US4949186A",
        "JPH02212232A",
        "US4953305A",
        "US4954962A",
        "DE9010196U1",
        "US4956591A",
        "EP0387817A2",
        "US4961625A",
        "US4963788A",
        "US4966441A",
        "FR2646383A1",
        "US4970589A",
        "US4970509A",
        "US4970653A",
        "US4971405A",
        "US4971430A",
        "DE4015927A1",
        "US4974078A",
        "US4975703A",
        "US4985847A",
        "US4987357A",
        "US4987410A",
        "JPH0314739A",
        "US4991054A",
        "US5001558A",
        "US5003288A",
        "US5003339A",
        "JPH0374231A",
        "CN2074262U",
        "DE3932216A1",
        "US5008946A",
        "US5008739A",
        "JPH0399952A",
        "US5012092A",
        "US5012335A",
        "US5012082A",
        "EP0426503A1",
        "US5016977A",
        "US5020114A",
        "US5027200A",
        "US5027001A",
        "US5027104A",
        "EP0433538A2",
        "US5031101A",
        "US5036437A",
        "US5044706A",
        "US5044956A",
        "DE4007646A1",
        "US5051906A",
        "US5050966A",
        "DE4107965A1",
        "US5055668A",
        "EP0450553A2",
        "US5059877A",
        "US5059947A",
        "DE4111993A1",
        "EP0454516A1",
        "JPH03246413A",
        "US5063603A",
        "EP0455524A1",
        "US5064274A",
        "DE4015959A1",
        "JPH03266739A",
        "EP0459433A1",
        "JPH03273953A",
        "US5072154A",
        "JPH03282709A",
        "JPH03282707A",
        "DE4116255A1",
        "JPH03286399A",
        "US5075768A",
        "JPH042909A",
        "US5080309A",
        "US5080207A",
        "JPH0410200A",
        "US5081585A",
        "US5086253A",
        "US5086510A",
        "DE4023952A1",
        "US5087969A",
        "EP0473866A2",
        "US5097362A",
        "DE4130010A1",
        "US5100093A",
        "US5101351A",
        "EP0477986A2",
        "EP0479271A2",
        "JPH04114587A",
        "JPH04127280A",
        "DE4133882A1",
        "DE4032927A1",
        "US5111289A",
        "JPH04137112A",
        "JPH04137014A",
        "DE4035956A1",
        "US5113721A",
        "US5115398A",
        "EP0487465A1",
        "EP0487100A1",
        "EP0487332A2",
        "US5121200A",
        "US5122957A",
        "US5124549A",
        "US5128769A",
        "JPH04194827A",
        "US5130709A",
        "EP0495508A2",
        "US5133605A",
        "EP0496411A2",
        "US5137238A",
        "JPH04238219A",
        "JPH04239400A",
        "JPH04242391A",
        "US5144685A",
        "EP0501345A2",
        "JPH04250786A",
        "US5146340A",
        "US5148014A",
        "EP0505237A1",
        "FR2674354A1",
        "FR2674201A1",
        "US5153760A",
        "US5155426A",
        "US5155775A",
        "JPH04291405A",
        "JPH04303047A",
        "US5159557A",
        "US5160780A",
        "US5160971A",
        "US5162861A",
        "US5161632A",
        "US5162841A",
        "GB2255649A",
        "US5165108A",
        "EP0514343A2",
        "EP0513476A1",
        "US5166681A",
        "US5168355A",
        "US5168378A",
        "US5170374A",
        "US5172317A",
        "US5173881A",
        "US5177685A",
        "US5177462A",
        "WO1993000647A2",
        "DE4122531A1",
        "US5182502A",
        "JPH0516722A",
        "DE4124654A1",
        "US5185812A",
        "US5184956A",
        "US5187383A",
        "EP0527665A1",
        "JPH0538977A",
        "US5189561A",
        "JPH0550883A",
        "EP0529346A2",
        "WO1993004556A1",
        "US5193000A",
        "US5193029A",
        "DE4137551A1",
        "EP0532379A1",
        "EP0533508A2",
        "JPH0577657A",
        "JPH0593981A",
        "US5204536A",
        "US5204778A",
        "US5208701A",
        "US5208750A",
        "DE4136427A1",
        "GB2261339A",
        "US5212468A",
        "US5214408A",
        "WO1993010550A1",
        "JPH05137144A",
        "US5216408A",
        "US5218414A",
        "WO1993011631A1",
        "US5220508A",
        "US5223814A",
        "US5223907A",
        "GB2262829A",
        "EP0550397A1",
        "JPH05172638A",
        "GB9310728D0",
        "US5229941A",
        "DE4300941A1",
        "US5230400A",
        "US5231379A",
        "JPH05189694A",
        "US5233527A",
        "FR2687000A1",
        "US5234070A",
        "US5235178A",
        "JPH05201298A",
        "US5237249A",
        "JPH05213113A",
        "EP0558027A1",
        "DE4206142A1",
        "US5243524A",
        "US5245422A",
        "JPH05244596A",
        "US5246193A",
        "US5249128A",
        "US5249126A",
        "US5253109A",
        "US5251680A",
        "US5253050A",
        "EP0564858A2",
        "EP0567059A1",
        "DE4214223A1",
        "JPH05297141A",
        "JPH05298594A",
        "US5265172A",
        "JPH05313736A",
        "US5266873A",
        "US5267160A",
        "US5276389A",
        "JPH06927A",
        "US5285060A",
        "EP0582236A1",
        "JPH0640286A",
        "DE4231137A1",
        "US5289321A",
        "US5289182A",
        "JPH0648247A",
        "US5291424A",
        "DE4328304A1",
        "US5293162A",
        "DE4328902A1",
        "JPH0672234A",
        "EP0586857A1",
        "JPH0676200A",
        "JPH0680953A",
        "JPH0679889A",
        "US5298732A",
        "EP0588815A1",
        "US5301115A",
        "EP0590588A1",
        "GB2271139A",
        "DE4332612A1",
        "US5302956A",
        "EP0591743A1",
        "JPH06107035A",
        "US5305012A",
        "JPH06113215A",
        "US5307419A",
        "JPH06117924A",
        "US5313072A",
        "JPH06150198A",
        "US5318143A",
        "DE4337756A1",
        "DE4238599A1",
        "JPH06162398A",
        "US5321556A",
        "DE4344485A1",
        "JPH06174845A",
        "US5325096A",
        "US5325386A",
        "US5327288A",
        "EP0605045A1",
        "JPH06191344A",
        "US5331312A",
        "EP0606586A1",
        "JPH06215291A",
        "US5336980A",
        "JPH06229759A",
        "JPH06230115A",
        "JPH06229739A",
        "US5341437A",
        "US5343206A",
        "GB2275452A",
        "WO1994019212A2",
        "US5345266A",
        "JPH06247246A",
        "DE4407082A1",
        "US5347456A",
        "DE4407757A1",
        "DE4332836C1",
        "JPH06262963A",
        "JPH06267303A",
        "JPH06267304A",
        "JPH06266825A",
        "JPH06270733A",
        "JPH06272245A",
        "EP0617296A1",
        "JPH06276524A",
        "JPH06275104A",
        "JPH06274626A",
        "DE4411179A1",
        "US5355118A",
        "USD351370S",
        "JPH06289138A",
        "DE4412669A1",
        "JPH06295601A",
        "US5359666A",
        "JPH06310740A",
        "JPH06321010A",
        "JPH06321007A",
        "US5367457A",
        "JPH06324144A",
        "US5369590A",
        "EP0626654A2",
        "DE4418122A1",
        "JPH06332370A",
        "JPH06337938A",
        "US5371535A",
        "JPH06341821A",
        "FR2706211A1",
        "US5373911A",
        "US5374852A",
        "CN2185701Y",
        "US5379196A",
        "JPH072021A",
        "JPH07202A",
        "JPH074170A",
        "DE4423966A1",
        "JPH0725286A",
        "JPH0730149A",
        "US5386285A",
        "JPH0732936A",
        "JPH0732935A",
        "JPH0737180A",
        "US5388048A",
        "GB2280810A",
        "JPH0740782A",
        "JPH0746460A",
        "JPH0747878A",
        "JPH0752706A",
        "US5394333A",
        "EP0640903A1",
        "DE4428069A1",
        "JPH0757200A",
        "JPH0764632A",
        "US5398041A",
        "JPH0769125A",
        "EP0642950A1",
        "JPH0771916A",
        "JPH0778240A",
        "JPH0778258A",
        "DE4434698A1",
        "DE4336288C1",
        "US5406395A",
        "US5408330A",
        "US5408346A",
        "JPH07101291A",
        "JPH07105496A",
        "JPH07105487A",
        "JPH07108874A",
        "US5410346A",
        "JPH07108873A",
        "US5414461A",
        "US5414439A",
        "US5414625A",
        "US5414257A",
        "JPH07125570A",
        "US5416318A",
        "JPH07125571A",
        "US5416478A",
        "US5416711A",
        "EP0654392A1",
        "JPH07137574A",
        "JPH07141588A",
        "JPH07144577A",
        "DE4341409A1",
        "US5424952A",
        "DE4446452A1",
        "US5430450A",
        "US5430431A",
        "CN1104741A",
        "WO1995018979A1",
        "US5434927A",
        "US5434407A",
        "US5436839A",
        "JPH07186818A",
        "JPH07192192A",
        "CN2204254Y",
        "US5440428A",
        "EP0667708A1",
        "WO1995023082A1",
        "DE4403937A1",
        "US5448180A",
        "JPH07239714A",
        "US5450057A",
        "DE19505487A1",
        "JPH07242147A",
        "US5451822A",
        "JPH07249128A",
        "US5457493A",
        "US5459660A",
        "EP0677428A1",
        "US5461357A",
        "US5461361A",
        "JPH07280563A",
        "US5465079A",
        "GB2289332A",
        "US5469298A",
        "US5471515A",
        "DE19518978A1",
        "JPH07315122A",
        "US5473515A",
        "US5475366A",
        "EP0687594A1",
        "US5481257A",
        "FR2721872A1",
        "US5482133A",
        "US5483453A",
        "US5483168A",
        "US5487116A",
        "BE1008142A7",
        "US5488496A",
        "WO1996002817A1",
        "JPH0840138A",
        "JPH0840140A",
        "JPH0844999A",
        "JPH0843082A",
        "JPH0850697A",
        "US5493392A",
        "EP0697641A2",
        "US5498866A",
        "US5500766A",
        "US5508592A",
        "US5510983A",
        "US5515448A",
        "WO1996015921A1",
        "JPH08138036A",
        "WO1996018275A1",
        "US5528698A",
        "US5530771A",
        "US5530330A",
        "JPH08166221A",
        "US5529138A",
        "US5537003A",
        "WO1996021581A1",
        "US5539397A",
        "US5545960A",
        "US5555503A",
        "US5555312A",
        "US5555555A",
        "US5555136A",
        "JPH08235484A",
        "US5558123A",
        "US5559695A",
        "US5562336A",
        "US5566224A",
        "US5568316A",
        "US5568027A",
        "WO1996034365A1",
        "US5572315A",
        "US5574443A",
        "JPH08320997A",
        "US5581464A",
        "WO1996038319A2",
        "US5582383A",
        "US5588123A",
        "WO1997001246A1",
        "US5594222A",
        "US5596319A",
        "US5596382A",
        "US5598164A",
        "EP0756968A1",
        "US5602457A",
        "DE19530617A1",
        "US5612883A",
        "US5614788A",
        "US5614885A",
        "US5615857A",
        "JPH0991596A",
        "US5619370A",
        "DE29703084U1",
        "US5627586A",
        "US5633944A",
        "US5634709A",
        "US5638116A",
        "US5642299A",
        "US5646612A",
        "US5648835A",
        "JP2630604B2",
        "WO1997029926A1",
        "US5661303A",
        "US5666028A",
        "US5667896A",
        "US5668663A",
        "US5673019A",
        "WO1997035743A1",
        "US5675489A",
        "US5677851A",
        "US5676484A",
        "US5680263A",
        "US5699057A",
        "US5699149A",
        "WO1997048134A1",
        "JPH09330415A",
        "USD388107S",
        "US5710633A",
        "US5715093A",
        "JPH1038562A",
        "US5719551A",
        "US5724316A",
        "JPH1063985A",
        "WO1998010246A1",
        "US5737226A",
        "WO1998014974A1",
        "JPH1090188A",
        "DE29805142U1",
        "JPH10134183A",
        "US5757949A",
        "US5760828A",
        "US5760931A",
        "US5760826A",
        "US5761094A",
        "US5764139A",
        "US5765940A",
        "JPH10171966A",
        "US5781437A",
        "US5781105A",
        "IE970014A1",
        "US5786772A",
        "US5790973A",
        "US5793308A",
        "US5793420A",
        "JPH10222792A",
        "US5798575A",
        "EP0860325A2",
        "US5804719A",
        "US5808589A",
        "US5811888A",
        "CN1194056A",
        "JPH10261189A",
        "US5820097A",
        "EP0874331A2",
        "US5835255A",
        "US5835613A",
        "US5835614A",
        "US5837994A",
        "US5841126A",
        "US5844682A",
        "US5845000A",
        "US5844505A",
        "US5847755A",
        "US5850176A",
        "US5850254A",
        "US5848802A",
        "EP0893308A2",
        "JPH1123305A",
        "US5867591A",
        "US5878370A",
        "US5877707A",
        "US5877897A",
        "EP0899157A1",
        "JPH1169211A",
        "JPH1168538A",
        "US5883739A",
        "US5883684A",
        "US5883193A",
        "US5884212A",
        "JPH1178693A",
        "JPH1178717A",
        "JPH1178737A",
        "US5890021A",
        "US5890083A",
        "US5896085A",
        "US5899956A",
        "EP0913751A1",
        "WO1999023828A1",
        "US5905457A",
        "US5904725A",
        "US5912534A",
        "US5914815A",
        "DE19755008A1",
        "US5920367A",
        "US5922036A",
        "US5923027A",
        "US5938810A",
        "US5940120A",
        "US5938320A",
        "US5942853A",
        "WO1999043242A1",
        "JPH11250228A",
        "US5956181A",
        "US5955941A",
        "JPH11259634A",
        "US5959555A",
        "US5961571A",
        "US5963247A",
        "US5964822A",
        "EP0949818A2",
        "US5971552A",
        "US5982288A",
        "WO1999059100A1",
        "US5990469A",
        "US5991427A",
        "US5990649A",
        "CN1235913A",
        "JPH11345392A",
        "US6001486A",
        "US6009336A",
        "DE19829162A1",
        "JP2000016352A",
        "US6020704A",
        "US6028537A",
        "US6031484A",
        "US6037975A",
        "WO2000015462A1",
        "JP2000085474A",
        "US6049171A",
        "US6052124A",
        "JP2000113374A",
        "US6057754A",
        "JP2000127849A",
        "US6066933A",
        "US6084519A",
        "US6087953A",
        "US6091833A",
        "US6094198A",
        "EP1022903A2",
        "JP2000207575A",
        "JP2000215299A",
        "US6100811A",
        "US6107939A",
        "US6116743A",
        "US6124647A",
        "US6139172A",
        "US6140980A",
        "JP2000305136A",
        "US6144158A",
        "US6144022A",
        "JP2000311289A",
        "US6150014A",
        "US6150930A",
        "EP1058220A1",
        "US6158655A",
        "US6166628A",
        "EP1065642A2",
        "US6172613B1",
        "JP2001001832A",
        "US6175300B1",
        "US6176590B1",
        "EP1074430A1",
        "US6188939B1",
        "US6201642B1",
        "KR20010018981A",
        "US6211907B1",
        "JP2001092970A",
        "WO2001026332A2",
        "US6219444B1",
        "US6218934B1",
        "US6226061B1",
        "US6229319B1",
        "CA2392578A1",
        "WO2001039120A2",
        "US20010002451A1",
        "US6243003B1",
        "US6247819B1",
        "US6250148B1",
        "JP2001180401A",
        "JP2001188988A",
        "US6259412B1",
        "US6259423B1",
        "EP1115250A1",
        "US6266442B1",
        "US6266082B1",
        "US6278377B1",
        "US6281804B1",
        "WO2001064481A2",
        "US6291905B1",
        "US6292752B1",
        "US6294989B1",
        "WO2001070538A2",
        "US6297781B1",
        "WO2001077763A1",
        "WO2001080353A1",
        "WO2001080068A1",
        "JP2001297397A",
        "US6311119B2",
        "US6310611B1",
        "US6313454B1",
        "US6317057B1",
        "US6315421B1",
        "US6318870B1",
        "US6320282B1",
        "US6324450B1",
        "US6326613B1",
        "US6329925B1",
        "JP2001351107A",
        "US6333759B1",
        "EP1170173A2",
        "US20020005778A1",
        "JP2002022439A",
        "US20020011611A1",
        "JP2002046506A",
        "US20020029103A1",
        "JP2002074339A",
        "JP2002079895A",
        "US6359392B1",
        "JP2002084533A",
        "US6362729B1",
        "US6366236B1",
        "JP2002099908A",
        "US6370329B1",
        "JP2002109699A",
        "US6388565B1",
        "US6388580B1",
        "US6389340B1",
        "US6396408B2",
        "US6396397B1",
        "JP2002175534A",
        "US6411328B1",
        "US6411204B1",
        "US20020080235A1",
        "US6420975B1",
        "US6424273B1",
        "JP2002211428A",
        "US6430303B1",
        "US6428172B1",
        "US6433817B1",
        "US20020116106A1",
        "US20020113873A1",
        "US6441748B1",
        "US6442465B2",
        "US6445287B1",
        "US6445809B1",
        "US6449540B1",
        "WO2002071487A1",
        "US20020126002A1",
        "US6452148B1",
        "US20020135468A1",
        "US6466684B1",
        "US6472977B1",
        "US6477260B1",
        "US6477464B2",
        "US6485155B1",
        "JP2002341432A",
        "CN1383032A",
        "US6497503B1",
        "US6498620B2",
        "JP2003030665A",
        "US6516272B2",
        "US6513252B1",
        "JP2003076987A",
        "US6535242B1",
        "JP2003083742A",
        "US6539306B2",
        "US6540193B1",
        "JP3395289B2",
        "US20030070741A1",
        "US6553130B1",
        "JP2003123058A",
        "JP2003150938A",
        "US6570998B1",
        "US6574033B1",
        "US20030103142A1",
        "US6577334B1",
        "US6578017B1",
        "JP2003168197A",
        "JP2003178397A",
        "US6587968B1",
        "US20030125855A1",
        "US20030122930A1",
        "US6589625B1",
        "US20030128106A1",
        "US6593960B1",
        "US6593011B2",
        "US6594583B2",
        "US20030137586A1",
        "JP2003217099A",
        "WO2003065084A1",
        "US6611610B1",
        "US6614579B2",
        "JP2003248895A",
        "US6617564B2",
        "JP2003259361A",
        "US6627918B2",
        "JP2003281700A",
        "US20030191568A1",
        "US6631994B2",
        "US6636258B2",
        "US20030202683A1",
        "WO2003093857A2",
        "US20030209893A1",
        "US6648477B2",
        "US6650455B2",
        "US20030222982A1",
        "US6672731B2",
        "US6674562B1",
        "US6674878B2",
        "JP2004001658A",
        "WO2004004320A1",
        "US6678590B1",
        "US6678056B2",
        "WO2004005073A2",
        "US6680792B2",
        "US6681163B2",
        "JP2004032460A",
        "US6700605B1",
        "US6703925B2",
        "US6704621B1",
        "DE10237554A1",
        "KR100412434B1",
        "US6711474B1",
        "US6710908B2",
        "US6714331B2",
        "US6717610B1",
        "US6728623B2",
        "US20040086153A1",
        "US6735506B2",
        "DE10251949A1",
        "JP2004146904A",
        "US20040096082A1",
        "US6741377B2",
        "US6744353B2",
        "US6754367B1",
        "US6757109B2",
        "US6762867B2",
        "US6765480B2",
        "US6764210B2",
        "US20040146184A1",
        "US20040148063A1",
        "US6774988B2",
        "US20040164228A1",
        "US6784828B2",
        "US6795221B1",
        "US6794119B2",
        "US6801244B2",
        "US6801127B2",
        "US6807287B1",
        "US6813545B2",
        "US6811330B1",
        "US6812463B2",
        "US6819779B1",
        "US6819231B2",
        "US6823261B2",
        "US6823241B2",
        "JP2004336613A",
        "JP2004355139A",
        "US6838980B2",
        "US6842189B2",
        "US6847487B2",
        "US6853738B1",
        "US20050036325A1",
        "US6859148B2",
        "US6861809B2",
        "US6864930B2",
        "US6873253B2",
        "US6882287B2",
        "US6888447B2",
        "US6889161B2",
        "US6898518B2",
        "DE4480341B4",
        "US20050131607A1",
        "US6909753B2",
        "US6914521B2",
        "JP2005182158A",
        "US6933837B2",
        "US6932669B2",
        "US6940423B2",
        "US6946978B2",
        "US6950035B2",
        "US20050226490A1",
        "US6956469B2",
        "WO2005098782A1",
        "WO2005098751A1",
        "US20050237385A1",
        "US6961661B2",
        "US6961178B2",
        "US6959994B2",
        "US6963661B1",
        "US6967569B2",
        "US6975775B2",
        "US6990397B2",
        "US6989736B2",
        "US6995687B2",
        "US7004606B2",
        "US7004593B2",
        "US7005974B2",
        "US20060050018A1",
        "US7023331B2",
        "US7027387B2",
        "US7027615B2",
        "US7030778B2",
        "US7030775B2",
        "US20060095175A1",
        "US20060103727A1",
        "US7057681B2",
        "US7057505B2",
        "US7062300B1",
        "US7065432B2",
        "US7068844B1",
        "US7068289B2",
        "US7085637B2",
        "US7085633B2",
        "US7091837B2",
        "US7095432B2",
        "US7106213B2",
        "US7110021B2",
        "US7110156B2",
        "US7113867B1",
        "US7116246B2",
        "US7121028B2",
        "US7123168B2",
        "US7133661B2",
        "US20060250501A1",
        "US20060250224A1",
        "EP1727089A2",
        "US7167796B2",
        "EP1748644A2",
        "EP1754179A1",
        "US7187498B2",
        "US7195381B2",
        "US7202776B2",
        "US7202987B2",
        "US20070104476A1",
        "US7221363B2",
        "US20070115357A1",
        "US7224324B2",
        "US7227611B2",
        "US7235918B2",
        "US20070154068A1",
        "US20070154063A1",
        "US7248344B2",
        "US7248283B2",
        "US7249860B2",
        "US7253723B2",
        "US7255451B2",
        "US20070193811A1",
        "US7271951B2",
        "EP1837803A2",
        "US20070229238A1",
        "US20070242339A1",
        "US7304661B2",
        "EP1887492A1",
        "US20080036576A1",
        "US20080043099A1",
        "US7337055B2",
        "US7338177B2",
        "US7339149B1",
        "US7360932B2",
        "US7362883B2",
        "US7370983B2",
        "US7375803B1",
        "EP1930863A2",
        "US20080147321A1",
        "US7403659B2",
        "US7420756B2",
        "US7423821B2",
        "US20080234899A1",
        "US20080231710A1",
        "US7429998B2",
        "US20080239393A1",
        "US7432248B2",
        "EP1978484A1",
        "US20080266396A1",
        "US7446924B2",
        "US7480149B2",
        "US7489374B2",
        "US7495719B2",
        "US20090066065A1",
        "US7525604B2",
        "US7526103B2",
        "US20090113509A1",
        "US7541743B2",
        "US7545429B2",
        "US7548291B2",
        "US20090182690A1",
        "US7565006B2",
        "US7567291B2",
        "US7566639B2",
        "US20090190015A1",
        "US20090201137A1",
        "EP2101258A1",
        "US20090243824A1",
        "US20090256938A1",
        "US7605856B2",
        "US20090300629A1",
        "US7629996B2",
        "US7633383B2",
        "US7639149B2",
        "US7650030B2",
        "US7653215B2",
        "US7655894B2",
        "US7663798B2",
        "US7676087B2",
        "EP2172873A2",
        "US7702133B2",
        "US7720580B2",
        "EP2187316A1",
        "US7724434B2",
        "US7742864B2",
        "US20100172547A1",
        "US7791694B2",
        "US7843451B2",
        "US7855778B2",
        "US7854514B2",
        "US7881496B2",
        "US7903324B2",
        "US7903335B2",
        "US7914187B2",
        "US7930160B1",
        "US7965357B2",
        "US7972045B2",
        "US8013889B1",
        "US20110219217A1",
        "US8017898B2",
        "US8027691B2",
        "EP2377094A1",
        "US8045760B2",
        "US20110280495A1",
        "EP2395472A1",
        "US20110307684A1",
        "US8120652B2",
        "US20120045112A1",
        "EP2431917A1",
        "EP2448251A2",
        "US8184159B2",
        "US20120140076A1",
        "CN102542256A",
        "US8224031B2",
        "US8233045B2",
        "US20120212593A1",
        "US20120233841A1",
        "US8289430B2",
        "US8288711B2",
        "US8300058B2",
        "US8305471B2",
        "US8308325B2",
        "US20120314071A1",
        "US8339526B2",
        "US8362883B2",
        "US8414137B2",
        "US20130141580A1",
        "US20130147957A1",
        "US20130169536A1",
        "EP2629242A1",
        "WO2013121357A1",
        "US20130271584A1",
        "EP2690548A1",
        "US20140033203A1",
        "EP2709020A1",
        "US20140122551A1",
        "US20140160244A1",
        "US20140161323A1",
        "US20140198184A1",
        "JP6079889B2",
        "JP6080953B2",
        "JP6227318B2",
        "JP6266825B1",
        "JP6272245B2",
        "AT519193A1",
        "JP6414700B2"
    ],
    "citations_ftf": [
        "US52773A",
        "US156015A",
        "US25597A",
        "US188392A",
        "CH6446A",
        "US1011861A",
        "JPS5539843Y2",
        "US4258979A",
        "JPS55156901U",
        "JPS6221010Y2",
        "JPS605244Y2",
        "JPS6226141Y2",
        "JPS6216073Y2",
        "JPS621652Y2",
        "JPS6311446Y2",
        "JPS6211072Y2",
        "JPS5885110A",
        "JPS6138006Y2",
        "JPS6237623Y2",
        "JPS58122421U",
        "JPS6141929Y2",
        "JPS64918Y2",
        "JPS59127200U",
        "JPS6047737U",
        "JPS6079889A",
        "JPH0347213B2",
        "JPS6312094Y2",
        "JPH0374231B2",
        "JPS6185238U",
        "JPS61105245U",
        "JPH0516722Y2",
        "JPS61191937U",
        "JPH0550883B2",
        "GB8518872D0",
        "JPH0481524B2",
        "JPH052325B2",
        "JPS6272245A",
        "JPH07105487B2",
        "JPS6272245U",
        "JPH0236035Y2",
        "JPH042909Y2",
        "JPH06927Y2",
        "JPS62115600U",
        "JPH0410200Y2",
        "JPS62131837U",
        "JPS6370499A",
        "JPS6370499U",
        "JPH0114700Y2",
        "JPH07108873B2",
        "JPH0314739Y2",
        "JPH06258Y2",
        "DE3713007A1",
        "JPH0538977Y2",
        "JPH074170Y2",
        "JPH07108874B2",
        "JPH0764632B2",
        "JP2535927B2",
        "US4794147A",
        "JPH07101291B2",
        "JPH0648247Y2",
        "JPH0737180Y2",
        "US4783592A",
        "JPH01168538A",
        "US4809440A",
        "JPH0539992Y2",
        "NO164253C",
        "JPH0725286Y2",
        "JPH0740782Y2",
        "JPH0640286Y2",
        "JPH07105496B2",
        "JPH038157A",
        "JPH0757200B2",
        "JPH0771916B2",
        "JPH072021Y2",
        "US5128874A",
        "JPH0399952U",
        "JPH0747878Y2",
        "JPH0732935Y2",
        "JPH0752706Y2",
        "JPH0746460Y2",
        "WO1992002894A1",
        "JP2525191Y2",
        "JPH04127280U",
        "JPH04137014U",
        "JP2582810Y2",
        "US5493269A",
        "JPH0593981U",
        "JPH06258A",
        "US5448484A",
        "AU682335B2",
        "JPH06227318A",
        "DE4304005A1",
        "JPH0778240B2",
        "JPH0734880Y2",
        "KR950002184Y1",
        "US5642093A",
        "JPH0995194A",
        "JPH09142236A",
        "US6049619A",
        "US5745310A",
        "JP3143063B2",
        "JP3874456B2",
        "DE29621172U1",
        "KR100214549B1",
        "JP3983324B2",
        "CA2199999A1",
        "US6738088B1",
        "JPH1166488A",
        "JPH11144185A",
        "DE19741631B4",
        "KR100250323B1",
        "US6201236B1",
        "ES2184218T3",
        "JP3373773B2",
        "JPH11353565A",
        "US6269308B1",
        "CN100339374C",
        "JP4287532B2",
        "DE60009976T2",
        "US6226592B1",
        "JP3776263B2",
        "JP3853542B2",
        "JP3565749B2",
        "JP3681052B2",
        "JP2001233150A",
        "EP1155900B8",
        "AU2001284953A1",
        "US6708100B2",
        "JP2003154960A",
        "US7151844B2",
        "US7543946B2",
        "DE10207580A1",
        "JP3891011B2",
        "US6968266B2",
        "US6580996B1",
        "WO2004047421A2",
        "CN1235913C",
        "CN1194056C",
        "JP4114587B2",
        "JP5213113B2",
        "JP4291405B1",
        "JP5313736B2",
        "JP5189694B1"
    ],
    "citedby_own": [],
    "citedby_ftf": [
        "US5910854A",
        "US6822563B2",
        "US5877897A",
        "US5668663A",
        "US6891563B2",
        "US7655894B2",
        "US6326613B1",
        "US8294975B2",
        "US6124886A",
        "US6172613B1",
        "US8288711B2",
        "US6445287B1",
        "US6477464B2",
        "US6329925B1",
        "US6693517B2",
        "EP1263626A2",
        "US7370983B2",
        "US7167796B2",
        "US7855755B2",
        "US7899243B2",
        "ES2287266T3",
        "US7581859B2",
        "US6591168B2",
        "US6882287B2",
        "US7697027B2",
        "US20060050927A1",
        "AU2003225228A1",
        "US6918674B2",
        "US7329013B2",
        "US20060061008A1",
        "EP1514246A4",
        "US7382236B2",
        "US11208029B2",
        "US9955551B2",
        "US10144353B2",
        "DE10241134A1",
        "US7253723B2",
        "US7310177B2",
        "AU2003278863A1",
        "WO2004047421A2",
        "JP2004175252A",
        "DE10255797A1",
        "DE10311653A1",
        "JP4299036B2",
        "JP4223320B2",
        "JP3879696B2",
        "US7499104B2",
        "US7420756B2",
        "JP3925474B2",
        "DE10332961A1",
        "DE10341905A1",
        "US7446924B2",
        "US7308341B2",
        "KR100559870B1",
        "JP2005173929A",
        "JP2005182306A",
        "DE10360129A1",
        "US7389171B2",
        "US10664115B2",
        "DE102004001555B4",
        "JP3952305B2",
        "US7526103B2",
        "US7561720B2",
        "DE102004021561A1",
        "JP4379199B2",
        "US20050259033A1",
        "JP4400316B2",
        "JP4453514B2",
        "DE102004029369B4",
        "JP4899340B2",
        "US20060056077A1",
        "US20060054802A1",
        "US8862379B2",
        "US7881496B2",
        "JP4541101B2",
        "US8924078B2",
        "JP4838261B2",
        "JP4421450B2",
        "DE102004057296A1",
        "EP1827908B1",
        "US7639841B2",
        "US7720580B2",
        "JP4533762B2",
        "US7561721B2",
        "ES2258399B1",
        "TWI305757B",
        "US7130745B2",
        "JP4480083B2",
        "JP2006234494A",
        "KR101279220B1",
        "US7231288B2",
        "JP2006268097A",
        "JP4539415B2",
        "DE102005018688A1",
        "EP1883855B1",
        "JP4333639B2",
        "US7527403B2",
        "US7492281B2",
        "US11242009B2",
        "US11498487B2",
        "DE102005032848A1",
        "US20070031008A1",
        "WO2007015446A1",
        "DE102005039103A1",
        "DE102006016073A1",
        "US20070088488A1",
        "WO2007053404A2",
        "DE102005055348A1",
        "DE102005055347A1",
        "US7623681B2",
        "ES2283204B1",
        "US8164628B2",
        "US8194132B2",
        "US20070225914A1",
        "JP4696991B2",
        "JP4632987B2",
        "JP4725391B2",
        "WO2007118272A1",
        "DE102006018585A1",
        "EP2096403B1",
        "US7565196B2",
        "US20090128630A1",
        "US20090245580A1",
        "US7940955B2",
        "WO2008024639A2",
        "US7633383B2",
        "US7722199B2",
        "US7676087B2",
        "GB2442502A",
        "US7567168B2",
        "US7944371B2",
        "US8058977B2",
        "EP1918896B1",
        "US8072370B2",
        "US7777611B2",
        "US8199975B2",
        "US8462988B2",
        "US8013780B2",
        "EP2115665A1",
        "JP4893945B2",
        "ITPR20070006A1",
        "US8194920B2",
        "US7881497B2",
        "US20080228400A1",
        "US7612658B2",
        "US9826200B2",
        "US7748856B2",
        "US7914187B2",
        "EP2023265A1",
        "US8446267B2",
        "US8786704B2",
        "US8017898B2",
        "DE102007040042B4",
        "EP2181415A2",
        "US20090069973A1",
        "WO2009036176A1",
        "US20090174773A1",
        "GB2452929B",
        "JP4366419B2",
        "JP2009086787A",
        "US8446470B2",
        "US20100245066A1",
        "WO2009071106A1",
        "US8332097B2",
        "JP2009169776A",
        "JP4521642B2",
        "US8106755B1",
        "US8400507B2",
        "US9043483B2",
        "US9123241B2",
        "US8345098B2",
        "US7843360B2",
        "EP2256691B1",
        "US8154418B2",
        "US8310353B2",
        "US8060280B2",
        "US7898400B2",
        "US8170787B2",
        "JP4557041B2",
        "KR100880115B1",
        "US20090284361A1",
        "US20090310237A1",
        "US8160811B2",
        "US20100020170A1",
        "JP5200732B2",
        "DE102008038731A1",
        "US20100238290A1",
        "JP4849346B2",
        "US20100085653A1",
        "US8491137B2",
        "DE102008049921A1",
        "US8473171B2",
        "US8465161B2",
        "US8482664B2",
        "JP4656456B2",
        "DE102009050368A1",
        "JP5074365B2",
        "US8405524B2",
        "US20100169007A1",
        "US8964032B2",
        "US8068016B2",
        "US8237909B2",
        "US8411245B2",
        "CN102379119B",
        "US8616320B2",
        "EP2401176B1",
        "EP2411856B1",
        "DE102009003697A1",
        "US20100266326A1",
        "JP5233816B2",
        "CN102197279A",
        "US8376595B2",
        "CN101907700B",
        "US9036026B2",
        "DE102009027547A1",
        "JP4877364B2",
        "DE102009033124A1",
        "KR101735134B1",
        "WO2011014497A1",
        "DE102009028774A1",
        "US9041806B2",
        "US8731815B2",
        "US8004425B2",
        "US9346403B2",
        "US10261648B2",
        "US11498486B2",
        "US20110098922A1",
        "TWI365145B",
        "KR101424421B1",
        "JP2011135246A",
        "JP5325765B2",
        "WO2011085489A1",
        "US9969334B2",
        "US8915601B2",
        "US11325535B2",
        "US8890955B2",
        "US10099618B2",
        "DE102010008258A1",
        "JP4962581B2",
        "US8406472B2",
        "JP5570284B2",
        "US10395125B2",
        "DE102010020984A1",
        "KR101562589B1",
        "JP5113881B2",
        "US9117123B2",
        "US20120013742A1",
        "JP5591613B2",
        "DE102010034262A1",
        "US9280711B2",
        "US9959595B2",
        "US8717192B2",
        "US20120106778A1",
        "DE112011103834T8",
        "US9900522B2",
        "KR20120063301A",
        "JP5187381B2",
        "US8754988B2",
        "US9264672B2",
        "JP2012141691A",
        "DE102011009209A1",
        "US9085261B2",
        "DE102011003881A1",
        "EP2858755B1",
        "US10350647B2",
        "JP5031126B1",
        "US9194943B2",
        "US10142595B2",
        "US8620026B2",
        "WO2012145313A2",
        "WO2012145501A1",
        "WO2012145822A1",
        "WO2012145819A1",
        "WO2012145818A1",
        "DE102011077038A1",
        "EP2720211B1",
        "DE112012002885B4",
        "US8441394B2",
        "US10793067B2",
        "US9098751B2",
        "JP5892876B2",
        "WO2013019707A1",
        "US9487159B2",
        "EP2741270B1",
        "DE112012003221B4",
        "US9871971B2",
        "ES2402422B1",
        "JP5760884B2",
        "US20140218535A1",
        "US9681062B2",
        "US8736940B2",
        "US8897905B2",
        "US9174574B2",
        "US9696897B2",
        "DE102011084762A1",
        "US9146898B2",
        "US9067541B2",
        "US9580013B2",
        "US8801245B2",
        "WO2013074604A2",
        "US9264673B2",
        "WO2013081984A1",
        "US10099614B2",
        "US8605949B2",
        "WO2013086249A2",
        "JP5477394B2",
        "US20150022664A1",
        "US9511711B2",
        "US20140139669A1",
        "US20130204495A1",
        "JP5850066B2",
        "US9245445B2",
        "US10457209B2",
        "US10493916B2",
        "US9269263B2",
        "JP6045796B2",
        "US8694224B2",
        "US8948954B1",
        "US10609335B2",
        "WO2013148675A1",
        "US9319637B2",
        "US9751465B2",
        "US8879139B2",
        "JP5867273B2",
        "US9738253B2",
        "US10089537B2",
        "US8983135B2",
        "EP2859436B1",
        "CN104335264A",
        "KR101326943B1",
        "JP6035064B2",
        "US11179981B2",
        "US9914333B2",
        "US8917437B2",
        "US9721460B2",
        "EP2879386B1",
        "WO2014022630A1",
        "DE102012107392B3",
        "US9340227B2",
        "US9365162B2",
        "JP6128413B2",
        "DE102012215465A1",
        "DE102013217430A1",
        "US9199574B2",
        "JP5811975B2",
        "US9446713B2",
        "US9558409B2",
        "US9292136B2",
        "US9723272B2",
        "US20140098230A1",
        "US9707896B2",
        "TWI545041B",
        "KR101896715B1",
        "US9090234B2",
        "US9307640B2",
        "US9743002B2",
        "US10063757B2",
        "US10025994B2",
        "US9481301B2",
        "US9063548B1",
        "DE102012112724A1",
        "DE102012112725A1",
        "US9081385B1",
        "JP5922257B2",
        "TWI493513B",
        "JP6178580B2",
        "US20140218529A1",
        "US9092986B2",
        "DE102013101639A1",
        "US9445057B2",
        "US9216691B2",
        "US8855849B1",
        "US10179543B2",
        "US9185363B2",
        "US9688200B2",
        "US9221405B2",
        "JP5962552B2",
        "US9327649B2",
        "US20140277833A1",
        "EP2972478B1",
        "DE102013005248A1",
        "JP6376354B2",
        "US10027930B2",
        "US9327693B2",
        "US9164511B1",
        "US9224297B2",
        "US10232797B2",
        "US9508014B2",
        "US9815409B2",
        "US9280202B2",
        "DE102013105103A1",
        "US9205776B2",
        "US9563951B2",
        "US9800794B2",
        "DE102013009339A1",
        "US10567705B2",
        "US9260095B2",
        "US20140375476A1",
        "US10755110B2",
        "US9701258B2",
        "CN104331703A",
        "DE102013012181A1",
        "KR101519209B1",
        "US20150042807A1",
        "US9619716B2",
        "US10326969B2",
        "US9721161B2",
        "US9619720B2",
        "EP3036132B1",
        "DE102013216994A1",
        "EP3041720B1",
        "EP2845773B1",
        "US10908417B2",
        "DE202014010751U1",
        "JP2015067193A",
        "KR101805585B1",
        "JP6131813B2",
        "US9487161B2",
        "BR112016007927B1",
        "US9881220B2",
        "US9451138B2",
        "US8946990B1",
        "KR101510336B1",
        "DE102013223367A1",
        "KR101794821B1",
        "KR101510338B1",
        "KR20150062490A",
        "US9911066B2",
        "US9499139B2",
        "US9988047B2",
        "US10210597B2",
        "US11081008B2",
        "US10210399B2",
        "US10095935B2",
        "KR101541483B1",
        "US9511715B2",
        "US10017114B2",
        "GB2523353B",
        "US9688199B2",
        "US9352692B2",
        "US9749509B2",
        "CN104924877B",
        "US10406981B2",
        "EP3119643B1",
        "FR3018940B1",
        "US10126928B2",
        "KR20150113589A",
        "KR101894262B1",
        "US9623878B2",
        "TW201538369A",
        "US9487235B2",
        "US10328906B2",
        "US9342747B2",
        "CN106573581B",
        "US9120486B1",
        "JP6178280B2",
        "US9896039B2",
        "CN105093210A",
        "US11634078B2",
        "WO2017191558A1",
        "US10967796B2",
        "JP6497158B2",
        "US10328932B2",
        "FR3022037B1",
        "JP6424488B2",
        "US9773184B1",
        "US10733471B1",
        "US9558419B1",
        "US10515285B2",
        "US10540564B2",
        "US9589201B1",
        "US9589202B1",
        "US9818154B1",
        "US9779318B1",
        "US10579892B1",
        "US10867327B1",
        "US9892337B1",
        "US10572758B1",
        "DE102014109062A1",
        "US9760776B1",
        "US9594971B1",
        "US9600733B1",
        "US9563814B1",
        "US9754171B1",
        "US9607236B1",
        "KR101583950B1",
        "US9800983B2",
        "CN105321164B",
        "US9971947B2",
        "US9729636B2",
        "US9526896B2",
        "US9558411B1",
        "CN106660553B",
        "US10442355B2",
        "US9925980B2",
        "WO2016044746A1",
        "KR101596751B1",
        "US10356337B2",
        "EP3007099B1",
        "JP6075888B2",
        "US10438073B2",
        "EP3215398B1",
        "EP3218227B1",
        "US9405120B2",
        "US9784839B2",
        "JP2016103194A",
        "KR101655587B1",
        "KR101997815B1",
        "US9540007B1",
        "US9881422B2",
        "USD746744S1",
        "US10043091B2",
        "EP3035315B1",
        "US9946940B2",
        "US10713506B2",
        "EP3038011B1",
        "US9744907B2",
        "US9740945B2",
        "US10032369B2",
        "US9916660B2",
        "US10247941B2",
        "EP3048557B1",
        "JP6363516B2",
        "US9720278B2",
        "US9649979B2",
        "US9776569B2",
        "US9764744B2",
        "EP3062130B1",
        "US10115024B2",
        "US10112552B2",
        "US9916508B2",
        "US20160264047A1",
        "US9766336B2",
        "ES2861024T3",
        "US10298818B2",
        "US10023118B2",
        "US10286855B2",
        "US9555736B2",
        "JP6393653B2",
        "JP6350374B2",
        "CN107531183B",
        "US10946799B2",
        "EP3292024A4",
        "US9931985B1",
        "US10819943B2",
        "US10449899B2",
        "US9898671B2",
        "KR102050315B1",
        "GB2538572B",
        "JP6396850B2",
        "EP3310618A4",
        "US10046706B2",
        "JP6657618B2",
        "KR102278387B1",
        "CA2991471C",
        "DE112016003126T5",
        "US10214206B2",
        "US10486599B2",
        "US10078789B2",
        "DE102015112389A1",
        "US20190009784A1",
        "US10313597B2",
        "KR102490602B1",
        "JP6409720B2",
        "US10113877B1",
        "US10331956B2",
        "US9659498B2",
        "JP6919567B2",
        "US11228700B2",
        "KR101724921B1",
        "WO2017061148A1",
        "US10137904B2",
        "KR102560684B1",
        "US11266056B2",
        "US10187590B2",
        "US10875403B2",
        "US10217363B2",
        "EP3368375B1",
        "EP3368374A4",
        "USD797627S1",
        "USD798207S1",
        "USD800618S1",
        "WO2017076439A1",
        "JP6485328B2",
        "US10417506B2",
        "US10144419B2",
        "EP3385904A4",
        "US9580073B1",
        "US11027654B2",
        "US10202144B2",
        "KR101759138B1",
        "US10430674B2",
        "KR20170071120A",
        "US9740944B2",
        "JP2017114155A",
        "US9956956B2",
        "EP3196861B1",
        "US10906463B2",
        "US11277558B2",
        "US11433809B2",
        "JP6323470B2",
        "US9987983B2",
        "DE102016202829A1",
        "DE102016202830A1",
        "JP6975945B2",
        "US10160437B2",
        "US20170253237A1",
        "US10863335B2",
        "US10132971B2",
        "JP6597415B2",
        "US10055651B2",
        "US10077007B2",
        "US20170270378A1",
        "EP3430423B1",
        "US10453217B2",
        "USD845851S1",
        "US10019904B1",
        "US10486708B1",
        "US10233679B1",
        "US10026309B1",
        "US10222228B1",
        "US10247565B2",
        "US11498537B1",
        "US10872379B1",
        "US9994151B2",
        "US9931981B2",
        "US10694150B2",
        "US9947226B2",
        "US9975480B2",
        "KR20170118501A",
        "KR101838968B1",
        "USD817238S1",
        "US10166924B2",
        "US10647266B2",
        "US10589676B2",
        "US10025138B2",
        "DE102016210092B4",
        "US10300859B2",
        "US9972096B2",
        "US10768298B2",
        "US11772647B2",
        "US10666909B2",
        "US10783397B2",
        "WO2018007995A1",
        "US10708227B2",
        "KR102455835B1",
        "JP6293213B2",
        "US10587818B2",
        "JP2018020682A",
        "US10310064B2",
        "US10380765B2",
        "US10852418B2",
        "US11423783B2",
        "US10677894B2",
        "US10380439B2",
        "US10093315B2",
        "KR101976425B1",
        "DE102016218350A1",
        "US11260749B2",
        "DE102016118538A1",
        "US11400860B2",
        "US10750119B2",
        "US10160448B2",
        "JP6336010B2",
        "US9971352B1",
        "US10562624B2",
        "US10515390B2",
        "WO2018097609A1",
        "KR20180060784A",
        "US11017243B2",
        "US10078334B2",
        "USD809984S1",
        "US10347129B2",
        "JP6589840B2",
        "JP6602743B2",
        "US10462354B2",
        "JP6536554B2",
        "USD854473S1",
        "US10504241B2",
        "JP6794243B2",
        "JP6597588B2",
        "US20180191966A1",
        "US10452076B2",
        "US11560145B2",
        "JP6601422B2",
        "US10440249B2",
        "US10936884B2",
        "US10580167B1",
        "US10593122B1",
        "US11244564B2",
        "US11034295B2",
        "US10703341B2",
        "US10607094B2",
        "US11493918B2",
        "US11536829B2",
        "US10782388B2",
        "US11142200B2",
        "CN106950950A",
        "KR102356259B1",
        "US9988048B1",
        "US10706291B2",
        "DE102017002221A1",
        "US10671873B2",
        "US10311312B2",
        "US11587304B2",
        "US10067509B1",
        "US9953236B1",
        "US10147193B2",
        "CN110312641A",
        "CN107161146B",
        "US10471963B2",
        "US10710592B2",
        "US9952594B1",
        "US10234858B2",
        "US10552691B2",
        "JP6819448B2",
        "JP6794918B2",
        "US10134279B1",
        "US11615566B2",
        "US10740627B2",
        "US10984275B1",
        "US10331960B2",
        "US10558864B2",
        "US10481044B2",
        "US10906554B2",
        "JP2018198406A",
        "US10304210B2",
        "US10474790B2",
        "WO2018226641A1",
        "US10762635B2",
        "US10948922B2",
        "US10870426B2",
        "CN108924543B",
        "US10234302B2",
        "CN208376630U",
        "US10737695B2",
        "US10752246B2",
        "US10308242B2",
        "US10493988B2",
        "US10303522B2",
        "CN109144052B",
        "US10942519B2",
        "US10185322B1",
        "US10360257B2",
        "US11029693B2",
        "US10816354B2",
        "US10883846B2",
        "US10303956B2",
        "US10565457B2",
        "DE112018004838B4",
        "US10762673B2",
        "US10678234B2",
        "US11067993B2",
        "DE102017119394A1",
        "US10783381B2",
        "US10962641B2",
        "US10953880B2",
        "US10877148B2",
        "US10962638B2",
        "US10782693B2",
        "US10953881B2",
        "US10782694B2",
        "JP6592852B2",
        "US11150342B2",
        "US10656644B2",
        "US10649458B2",
        "DE102017120773A1",
        "US10552979B2",
        "US10671083B2",
        "US10850741B2",
        "US10387736B2",
        "US10733465B2",
        "US10933798B2",
        "JP7018285B2",
        "US10970564B2",
        "US10962979B2",
        "US10768626B2",
        "US10671868B2",
        "US10583779B2",
        "US10410055B2",
        "US11453393B2",
        "US10744941B2",
        "US10635109B2",
        "US10855890B2",
        "US10750064B2",
        "US10666730B2",
        "US10812589B2",
        "US10739775B2",
        "US10935978B2",
        "US11403057B2",
        "US10647282B2",
        "US10836315B2",
        "US11554727B2",
        "US10967862B2",
        "US11486968B2",
        "US10682966B2",
        "CN109841088B",
        "US10528823B2",
        "US10657390B2",
        "US10528851B2",
        "US10877476B2",
        "US10860018B2",
        "EP3493178A1",
        "US10870400B2",
        "CN108099819B",
        "JP6970008B2",
        "US10999539B2",
        "WO2019140005A1",
        "CN111989716B",
        "US11685396B2",
        "US11022971B2",
        "US11009365B2",
        "US11009356B2",
        "US11210537B2",
        "US11380000B2",
        "US11417107B2",
        "DE112019000122T5",
        "US10685244B2",
        "US11537139B2",
        "US10685239B2",
        "WO2019180665A1",
        "US10969237B1",
        "WO2019186583A2",
        "US10311704B1",
        "US10567724B2",
        "CN110378185A",
        "CN110458854B",
        "US10493900B2",
        "US10640043B2",
        "US10733757B2",
        "US10839522B2",
        "EP3570206A1",
        "US11618469B2",
        "CN108710368B",
        "US10958830B2",
        "DE112019002651T5",
        "US11104334B2",
        "BR112020024610A2",
        "US10899275B2",
        "US10676041B2",
        "WO2020011501A1",
        "US11273868B2",
        "EP3605383A1",
        "US11124130B2",
        "CN112533810A",
        "CN113486797B",
        "JP7185219B2",
        "US10839234B2",
        "US11292480B2",
        "US10300851B1",
        "US10957023B2",
        "US20200114898A1",
        "US10796402B2",
        "JP7077910B2",
        "US11244176B2",
        "US11683911B2",
        "US10909714B2",
        "US10942271B2",
        "US11507087B2",
        "US10911647B2",
        "CN109326065A",
        "US11373520B2",
        "SE1851463A1",
        "US11454720B2",
        "US10928828B2",
        "US11488399B2",
        "US11012684B2",
        "US11167592B2",
        "JP6958537B2",
        "CN109606260B",
        "US11170299B2",
        "WO2020140049A1",
        "DE112019006484T5",
        "US11536846B2",
        "US11332124B2",
        "US11290622B2",
        "US11609304B2",
        "JP7163817B2",
        "US11333739B2",
        "US11438487B2",
        "CN109835333B",
        "US11648945B2",
        "US11082630B2",
        "CN110509932A",
        "US11535158B2",
        "US11205083B2",
        "JP7310252B2",
        "US11417116B2",
        "US11197407B2",
        "US11662196B2",
        "US11135883B2",
        "US11267393B2",
        "CN110329152A",
        "JP6913716B2",
        "WO2021008712A1",
        "US11613210B2",
        "US11607997B2",
        "US11787339B2",
        "US11613208B2",
        "US11199758B2",
        "KR20210020361A",
        "US11347974B2",
        "US11669092B2",
        "DE112020004139T5",
        "WO2021061459A1",
        "US11453391B2",
        "US11260867B2",
        "US11579400B2",
        "US20210114439A1",
        "US11643104B2",
        "AU2020389110A1",
        "RU2769921C2",
        "US11505123B2",
        "US11377029B2",
        "US11679635B2",
        "US11548505B2",
        "US11718296B2",
        "US11176647B2",
        "US11608112B2",
        "US11572018B2",
        "US11508156B2",
        "US11745749B2",
        "US11620522B2",
        "US11383715B2",
        "US11511576B2",
        "US11410334B2",
        "US11055998B1",
        "US11290856B2",
        "KR20210124603A",
        "US11465561B2",
        "KR20210129913A",
        "US11429176B2",
        "US11560143B2",
        "US11635672B2",
        "US11582425B2",
        "US11738767B2",
        "AU2021203567A1",
        "US20220005210A1",
        "US11363745B1",
        "US11724707B2",
        "US11704902B2",
        "US11702017B2",
        "CN112061027B",
        "US11750905B2",
        "US20220081004A1",
        "US11801795B2",
        "US11491924B2",
        "US11749105B2",
        "US11721113B2",
        "US11518401B2",
        "US11557132B2",
        "JP2022072931A",
        "US11800222B2",
        "TWI793518B",
        "US11780372B2",
        "WO2022187805A1",
        "US11661109B2",
        "US11766968B2",
        "US20220379911A1",
        "CN113552566B",
        "US20220388510A1",
        "EP4141472A1",
        "US11589443B1",
        "US11541910B1",
        "US20230243927A1",
        "US20230303119A1",
        "US11790776B1"
    ]
}