{
    "patent_id": "US-11106893-B1",
    "title": "System and method for evaluating the perception system of an autonomous vehicle ",
    "assignee": "Waymo Llc",
    "publication_date": "2021-08-31",
    "patent_link": "https://patents.google.com/patent/US11106893B1/en",
    "inventors": [
        "Jiajun Zhu",
        "Christopher Paul Urmson",
        "Dirk Haehnel",
        "Nathaniel Fairfield",
        "Russell Leigh Smith"
    ],
    "classifications": [
        "B60R1/00",
        "G06K9/00201",
        "B60W60/0051",
        "B60T17/18",
        "B60T17/221",
        "B60T7/22",
        "B60T8/00",
        "B60T8/17",
        "B60T8/885",
        "B60W10/18",
        "B60W10/20",
        "B60W30/08",
        "B60W40/02",
        "B60W40/06",
        "B60W40/107",
        "B60W50/14",
        "B60W60/001",
        "G01C21/3617",
        "G01S17/86",
        "G01S17/931",
        "G05D1/0055",
        "G05D1/0061",
        "G05D1/0088",
        "G05D1/021",
        "G05D1/0212",
        "G05D1/0214",
        "G05D1/0276",
        "G06K9/00805",
        "G06Q10/02",
        "G06Q30/02",
        "G06Q30/0207",
        "G06Q40/08",
        "G06T7/20",
        "G06T7/223",
        "G06T7/231",
        "G06T7/521",
        "G06T7/74",
        "G06V20/58",
        "G06V20/64",
        "G07C9/00563",
        "B60R2300/30",
        "B60T2201/022",
        "B60T2210/32",
        "B60T2270/406",
        "B60W2050/0005",
        "B60W2050/0292",
        "B60W2050/146",
        "B60W2420/42",
        "B60W2420/52",
        "B60W2530/14",
        "B60W2552/05",
        "B60W2555/60",
        "B60W2556/10",
        "B60W2556/50",
        "B60W2720/106",
        "B60W30/186",
        "B60Y2400/81",
        "B62D6/00",
        "G01S13/865",
        "G01S13/867",
        "G05B2219/2637",
        "G05D1/024",
        "G05D1/0246",
        "G05D1/0257",
        "G05D1/0274",
        "G05D1/0278",
        "G05D2201/0213",
        "G06K9/00791",
        "G06K9/00798",
        "G06K9/3241",
        "G06T2207/10004",
        "G06T2207/10028",
        "G06T2207/30236",
        "G06T2207/30252",
        "G06T2207/30261",
        "G06V10/255",
        "G06V20/56",
        "G06V20/588"
    ],
    "abstract": "A method and apparatus are provided for optimizing one or more object detection parameters used by an autonomous vehicle to detect objects in images. The autonomous vehicle may capture the images using one or more sensors. The autonomous vehicle may then determine object labels and their corresponding object label parameters for the detected objects. The captured images and the object label parameters may be communicated to an object identification server. The object identification server may request that one or more reviewers identify objects in the captured images. The object identification server may then compare the identification of objects by reviewers with the identification of objects by the autonomous vehicle. Depending on the results of the comparison, the object identification server may recommend or perform the optimization of one or more of the object detection parameters.",
    "claims": "\n1. A method for optimizing object detection performed by autonomous vehicles, the method comprising:\nreceiving, by one or more computing devices having one or more processors, sensor data captured by a sensor of an autonomous vehicle, wherein the sensor data includes one or more first object labels for an object that are applied by one or more systems of the autonomous vehicle;\nreceiving, by the one or more computing devices, one or more second object labels for the object that are applied at least in part by a human reviewer using an input device in conjunction with a reviewer object identification application to generate the one or more second object labels;\ncomparing, by the one or more computing devices, the one or more first object labels to the one or more second object labels to identify one or more differences between parameters of the one or more first object labels and parameters of the one or more second object labels; and\ngenerating, by the one or more computing devices, a recommendation for an adjustment of at least one object detection parameter of the one or more systems based on the comparing in order to optimize object detection.\n2. The method of claim 1, wherein the type of sensor is a camera.\n3. The method of claim 1, wherein the type of sensor is a LIDAR sensor.\n4. The method of claim 1, wherein the one or more second object labels include a name of the object provided by the reviewer.\n5. The method of claim 1, wherein the one or more second object labels include a bounding shape for the object provided by the reviewer.\n6. The method of claim 1, wherein the one or more second object labels include a first object label applied by the reviewer, a second object label applied by the reviewer, and a third object label automatically generated by a computing device based on the first object label and the second object label.\n7. The method of claim 1, wherein the comparing includes comparing object label parameters of the one or more first labels with corresponding object label parameters of the one or more second object labels.\n8. The method of claim 7, wherein the object label parameters for the one or more second object labels include one or more of a width parameter, a height parameter, an image number parameter, or one or more location parameters.\n9. The method of claim 7, further comprising, determining the object label parameters for the one or more second object labels using dimensions of a bounding shape provided by the reviewer.\n10. The method of claim 7, wherein the object label parameters for the one or more second object labels include a speed for the object.\n11. The method of claim 1, wherein the one or more first object labels for an object were applied by one or more systems of the autonomous vehicle while the autonomous vehicle was operating autonomously.\n12. The method of claim 1, wherein the object detection parameter enables the one or more systems to detect an object in an image.\n13. A system for optimizing object detection performed by autonomous vehicles, the system comprising one or more computing devices having one or more processors configured to:\nreceive sensor data captured by a sensor of an autonomous vehicle, wherein the sensor data includes one or more first object labels for an object that are applied by one or more systems of the autonomous vehicle;\nreceive one or more second object labels for the object that are applied at least in part by a human reviewer using an input device in conjunction with a reviewer object identification application to generate the one or more second object labels;\ncompare the one or more first object labels to the one or more second object labels to identify one or more differences between parameters of the one or more first object labels and parameters of the one or more second object labels; and\ngenerate a recommendation for an adjustment of at least one object detection parameter of the one or more systems based on the comparing in order to optimize object detection.\n14. The system of claim 13, wherein the type of sensor is a camera.\n15. The system of claim 13, wherein the type of sensor is a LIDAR sensor.\n16. The system of claim 13, wherein the one or more second object labels include a name of the object provided by the reviewer.\n17. The system of claim 13, wherein the one or more second object labels include a bounding shape for the object provided by the reviewer.\n18. The system of claim 13, wherein the one or more second object labels include a first object label applied by the reviewer, a second object label applied by the reviewer, and a third object label automatically generated by a computing device based on the first object label and the second object label.\n19. The system of claim 13, wherein the comparing includes comparing object label parameters of the one or more first labels with corresponding object label parameters of the one or more second object labels.\n20. The system of claim 19, wherein the one or more processors are further configured to determine the object label parameters for the one or more second object labels using dimensions of a bounding shape provided by the reviewer.",
    "status": "Active",
    "citations_own": [
        "US1924984A",
        "US3186508A",
        "US3324805A",
        "US3411139A",
        "US3596728A",
        "US4372414A",
        "US4387783A",
        "US4656834A",
        "US4924795A",
        "US4970653A",
        "US4982072A",
        "US5187666A",
        "JPH05246635A",
        "FR2692064A1",
        "US5415468A",
        "US5448487A",
        "US5470134A",
        "JPH08110998A",
        "US5521579A",
        "JPH0966853A",
        "JPH09161196A",
        "JPH09160643A",
        "JPH09166209A",
        "US5684696A",
        "US5790403A",
        "EP0884666A1",
        "JPH1139598A",
        "US5906645A",
        "US5913376A",
        "US5954781A",
        "JPH11282530A",
        "US6055042A",
        "US6064926A",
        "JP2000149188A",
        "US6070682A",
        "JP2000193471A",
        "JP2000305625A",
        "US6151539A",
        "WO2000070941A1",
        "JP2000338008A",
        "US6195610B1",
        "JP2001101599A",
        "US6226570B1",
        "US20010024095A1",
        "US20010037927A1",
        "US6321147B1",
        "WO2001088827A1",
        "US6332354B1",
        "US6343247B2",
        "US6385539B1",
        "US6414635B1",
        "US6438472B1",
        "US6438491B1",
        "JP2002236993A",
        "JP2002251690A",
        "US6453056B2",
        "US6470874B1",
        "US20020188499A1",
        "US6504259B1",
        "US20030014302A1",
        "US20030016804A1",
        "US6516262B2",
        "US20030037977A1",
        "JP2003081039A",
        "US20030055554A1",
        "US6560529B1",
        "US20030093209A1",
        "JP2003162799A",
        "US20030125963A1",
        "US6591172B2",
        "JP2003205804A",
        "US6606557B2",
        "US6643576B1",
        "DE10218010A1",
        "JP2004206510A",
        "JP2004326730A",
        "US20040243292A1",
        "JP2004345862A",
        "US20050012589A1",
        "US6847869B2",
        "WO2005013235A1",
        "US6862524B1",
        "JP2005062912A",
        "JP2005071114A",
        "DE10336986A1",
        "JP2005067483A",
        "US6876908B2",
        "US20050099146A1",
        "US20050125154A1",
        "US20050131645A1",
        "US20050149251A1",
        "JP2005297621A",
        "US6963657B1",
        "JP2005339181A",
        "US20050273251A1",
        "US20060037573A1",
        "US7011186B2",
        "US7031829B2",
        "US20060082437A1",
        "US20060089800A1",
        "US20060089765A1",
        "US20060089764A1",
        "US20060116801A1",
        "US7085633B2",
        "US20060173841A1",
        "US20060178240A1",
        "US7102496B1",
        "JP2006264530A",
        "JP2006322752A",
        "US20060276942A1",
        "US20070010942A1",
        "JP2007001475A",
        "US20070024501A1",
        "JP2007022135A",
        "US7177760B2",
        "US7194347B2",
        "US7207304B2",
        "US20070112477A1",
        "US7233861B2",
        "US20070142992A1",
        "US20070149214A1",
        "US20070165910A1",
        "US20070193798A1",
        "US20070203617A1",
        "US20070225909A1",
        "US20070239331A1",
        "US20070247281A1",
        "CN101073018A",
        "US20070279250A1",
        "WO2007145564A1",
        "JP2007331458A",
        "US20080021628A1",
        "US7327242B2",
        "US20080033615A1",
        "US20080039991A1",
        "US20080040039A1",
        "US7340332B2",
        "US20080059015A1",
        "US20080056535A1",
        "US20080059048A1",
        "US7346439B2",
        "US20080084283A1",
        "JP2008087545A",
        "US20080089556A1",
        "US7373237B2",
        "US20080120025A1",
        "JP2008117082A",
        "US20080120171A1",
        "US20080147253A1",
        "US7394046B2",
        "US20080161987A1",
        "JP2008152655A",
        "US20080167771A1",
        "JP2008170404A",
        "US20080183512A1",
        "US20080195268A1",
        "JP2008213581A",
        "JP2008257652A",
        "US20080277183A1",
        "JP2008290680A",
        "US20080306969A1",
        "US20080303696A1",
        "US20090005959A1",
        "US20090010494A1",
        "US7486802B2",
        "JP2009026321A",
        "CN101364111A",
        "US7499774B2",
        "US7499776B2",
        "WO2009028558A1",
        "US20090074249A1",
        "US20090082879A1",
        "EP2042405A2",
        "US7515101B1",
        "JP2009075638A",
        "US20090115594A1",
        "US20090164071A1",
        "US7565241B2",
        "CN101522493A",
        "US20090248231A1",
        "DE102009010006A1",
        "US20090276154A1",
        "DE102008023380A1",
        "US20090287367A1",
        "US20090306834A1",
        "US20090313095A1",
        "US20090313077A1",
        "WO2009155228A1",
        "US20090319096A1",
        "US20090326799A1",
        "US20090322872A1",
        "US20100017056A1",
        "US20100014714A1",
        "US7656280B2",
        "US20100042282A1",
        "US20100052945A1",
        "US20100066587A1",
        "US20100076640A1",
        "US20100079590A1",
        "US7694555B2",
        "US20100097457A1",
        "JP2010128637A",
        "US20100179715A1",
        "US20100179720A1",
        "US20100191433A1",
        "US20100198491A1",
        "JP2010173530A",
        "US7778759B2",
        "JP2010182207A",
        "US20100207787A1",
        "JP2010191803A",
        "US20100228419A1",
        "US20100241297A1",
        "US20100253542A1",
        "US20100256836A1",
        "US7818124B2",
        "US20100265354A1",
        "US7865277B1",
        "US20110010131A1",
        "US20110040481A1",
        "WO2011021046A1",
        "US7908040B2",
        "US20110099040A1",
        "US7956730B2",
        "US20110137520A1",
        "US20110150348A1",
        "US20110206273A1",
        "US20110210866A1",
        "US20110213511A1",
        "US8024102B2",
        "US20110239146A1",
        "US20110246156A1",
        "US20110254655A1",
        "US20110264317A1",
        "US8050863B2",
        "US8078349B1",
        "US8095313B1",
        "US8099213B2",
        "US8126642B2",
        "US20120053775A1",
        "US20120069185A1",
        "US20120083960A1",
        "US20120114178A1",
        "US8195341B2",
        "US8194927B2",
        "US20120157052A1",
        "US8244458B1",
        "US8260515B2",
        "US8280601B2",
        "US20120271483A1",
        "US20120277947A1",
        "US20120283912A1",
        "US20120314070A1",
        "US20130035821A1",
        "US20130054128A1",
        "US20130054106A1",
        "US20130054049A1",
        "US8457827B1",
        "US20130144520A1",
        "US20130179382A1",
        "US20130282277A1",
        "US20130321422A1",
        "US20130321400A1",
        "US20140067187A1",
        "US20140088855A1",
        "US8718861B1",
        "US8724093B2",
        "US20140156164A1",
        "US8775063B2",
        "US20140195138A1",
        "US20140214255A1",
        "US8831813B1",
        "US8855860B2",
        "US8874267B1",
        "US20140350836A1",
        "US20140369168A1",
        "US8918277B2",
        "US8948954B1",
        "US8949016B1",
        "US8970397B2",
        "US8972093B2",
        "US9008369B2",
        "US20150112571A1",
        "US20150153735A1",
        "US9062979B1",
        "US9063548B1",
        "US20150177007A1",
        "US9081383B1",
        "US20150198951A1",
        "US20150203107A1",
        "US20150293216A1",
        "US20150302751A1",
        "US9182759B2",
        "US20160327947A1",
        "US20160334230A1",
        "US20160334797A1"
    ],
    "citations_ftf": [
        "US8606851B2",
        "JP2000038008A",
        "JP3094100B1",
        "JP2001049188A",
        "DE10052816B4",
        "KR100806084B1",
        "EP1671216B1",
        "US7174153B2",
        "US8606512B1",
        "US10157422B2",
        "EP2060455B1",
        "US8307029B2",
        "DE102008014771A1",
        "JP5051010B2",
        "JP5533762B2",
        "CN103608992A",
        "US8826182B2",
        "US20140310379A1",
        "JP5812064B2",
        "JP5977203B2",
        "US8880270B1",
        "CN106104625B",
        "US11494390B2",
        "US9248834B1",
        "US10423971B2",
        "CN107492063B",
        "US10060752B2",
        "US9811085B1",
        "US10371542B2"
    ],
    "citedby_own": [
        "US20200241573A1",
        "US20220197312A1",
        "US11458986B2"
    ],
    "citedby_ftf": [
        "US11604847B2",
        "US11403336B2",
        "US11620327B2",
        "US10742340B2",
        "US11019161B2",
        "US20160321253A1",
        "US11216498B2",
        "US11361014B2",
        "US9646005B2",
        "US10949773B2",
        "US11386139B2",
        "US8326775B2",
        "US10848590B2",
        "US11032017B2",
        "EP3117768B1",
        "US10157422B2",
        "US10096038B2",
        "US8606512B1",
        "US9932033B2",
        "US11537636B2",
        "JP4978494B2",
        "US9541505B2",
        "US9418496B2",
        "US9046892B2",
        "WO2010147730A1",
        "US9566982B2",
        "JP5387839B2",
        "WO2011064821A1",
        "JP5503419B2",
        "US10627817B2",
        "JP5819420B2",
        "US8712634B2",
        "US8982207B2",
        "US8509982B2",
        "WO2012080741A1",
        "US20120274460A1",
        "JP5905031B2",
        "US11145215B1",
        "US20120261144A1",
        "US10289288B2",
        "US9348492B1",
        "US9288270B1",
        "US9139091B1",
        "US9230440B1",
        "US10286919B2",
        "US10572123B2",
        "US9229905B1",
        "US9189900B1",
        "US9180783B1",
        "US9215274B2",
        "US11270699B2",
        "US9648107B1",
        "US9371007B1",
        "US9104537B1",
        "US11294551B2",
        "US11203355B2",
        "US9536197B1",
        "US9123035B2",
        "US10824330B2",
        "US9171268B1",
        "US9581997B1",
        "US9818088B2",
        "US9285944B1",
        "US11132650B2",
        "US10217160B2",
        "US11370313B2",
        "US9697503B1",
        "US9809196B1",
        "US9493130B2",
        "US9346365B1",
        "US9365188B1",
        "US9855919B2",
        "EP2562060B1",
        "DE102011081397A1",
        "WO2013032933A2",
        "EP2761422A4",
        "US20130103305A1",
        "US9079499B1",
        "US9771070B2",
        "US20140195072A1",
        "US9187118B2",
        "DE102012201513A1",
        "DE102012002306A1",
        "US9381916B1",
        "DE102012002305A1",
        "KR101703144B1",
        "US10657597B1",
        "US20130218604A1",
        "US20130218603A1",
        "JP5964609B2",
        "US9429943B2",
        "US9378601B2",
        "US20140310379A1",
        "US9412273B2",
        "US9082238B2",
        "US9384609B2",
        "WO2014172369A2",
        "US8948954B1",
        "US8825265B1",
        "US9760092B2",
        "JP5563025B2",
        "US8731742B2",
        "US8700251B1",
        "US9495874B1",
        "EP2654028B1",
        "NL2008674C2",
        "US9131376B2",
        "US9855947B1",
        "DE102012207269A1",
        "US9069653B2",
        "US8595037B1",
        "US20130304514A1",
        "DE102012210608A1",
        "SE536586C2",
        "US9000903B2",
        "US8742909B2",
        "US9558667B2",
        "US9165469B2",
        "DE102012212065A1",
        "US9798325B2",
        "US9125987B2",
        "DE102012015922A1",
        "US9195914B2",
        "US9056395B1",
        "US8996228B1",
        "US9221461B2",
        "AU2013227999A1",
        "DE102012217002A1",
        "US9633564B2",
        "US8949016B1",
        "US9188985B1",
        "GB201219742D0",
        "US9026300B2",
        "JP5682610B2",
        "US8838321B1",
        "US8849557B1",
        "JP6102213B2",
        "US9063548B1",
        "US9081385B1",
        "KR101449210B1",
        "WO2014110207A1",
        "US9361409B2",
        "US9305365B2",
        "US9717461B2",
        "US10327708B2",
        "WO2014120734A1",
        "US9242647B2",
        "US10347127B2",
        "US9342986B2",
        "KR101736306B1",
        "US20140254866A1",
        "DE102013204076A1",
        "DE102013204224A1",
        "US8798841B1",
        "US9164281B2",
        "US9747898B2",
        "US9378644B2",
        "US9508200B1",
        "US9996885B1",
        "US8996224B1",
        "US9333983B2",
        "US10339711B2",
        "US10215583B2",
        "US8849494B1",
        "US9008890B1",
        "EP2972478B1",
        "US9393870B2",
        "SE540269C2",
        "US8972103B2",
        "US9037340B2",
        "US9043072B1",
        "US9141107B2",
        "CN104321620A",
        "US9600768B1",
        "DE102013206746B4",
        "US9164511B1",
        "US9254846B2",
        "DE102013008605A1",
        "US10093247B2",
        "DE102013209729A1",
        "DE102014209730A1",
        "US9147353B1",
        "DE102013210941A1",
        "US9145139B2",
        "DE102013212776A1",
        "DE102013213171A1",
        "DE102013213339A1",
        "US9043056B2",
        "US9523984B1",
        "US9052714B2",
        "AU2014290148A1",
        "US9719801B1",
        "DE102013214368A1",
        "JP6205947B2",
        "DE102013012777A1",
        "US9230442B2",
        "US9269268B2",
        "US9776632B2",
        "DE102013215098A1",
        "CN103434400B",
        "US9179257B2",
        "CN103455144B",
        "WO2015026352A1",
        "TW201508706A",
        "US20160229397A1",
        "US9360865B2",
        "US10169821B2",
        "US9150224B2",
        "US20150094897A1",
        "DE102013219909A1",
        "US10115164B1",
        "US20150100189A1",
        "US9546876B2",
        "KR101534937B1",
        "KR101901962B1",
        "US9773163B2",
        "WO2015072002A1",
        "US9575169B2",
        "US10088844B2",
        "US9517771B2",
        "US9552735B2",
        "US9475496B2",
        "SE537704C2",
        "US9499139B2",
        "US9164507B2",
        "US9707942B2",
        "CN105705395B",
        "US9037337B1",
        "DE102013226104A1",
        "US20150166069A1",
        "US9346400B2",
        "US9238467B1",
        "TW201524813A",
        "CN104742902B",
        "US9704132B2",
        "US10469548B1",
        "US9355423B1",
        "US10096067B1",
        "US9390451B1",
        "US9014905B1",
        "MX350151B",
        "EP2907730B1",
        "EP2902864B1",
        "US9205835B2",
        "GB201402387D0",
        "JP6213282B2",
        "DE112015000804T5",
        "US9079587B1",
        "US10803525B1",
        "US10783586B1",
        "US10783587B1",
        "US10796369B1",
        "US9709984B2",
        "US9940676B1",
        "US10422649B2",
        "US9720411B2",
        "US9841463B2",
        "US20150249906A1",
        "US9511764B2",
        "US9720410B2",
        "US10692370B2",
        "US9537989B2",
        "DE102014204309A1",
        "US9097549B1",
        "EP2922033B1",
        "DE102015103361A1",
        "US9481295B2",
        "WO2015148391A1",
        "JP6324157B2",
        "CN104943684B",
        "US9623878B2",
        "EP2930081B1",
        "US20150296324A1",
        "DE102014207666A1",
        "US9304515B2",
        "JP6330903B2",
        "DE102014207770A1",
        "US9142127B1",
        "US9365213B2",
        "US9460624B2",
        "US10599155B1",
        "US11669090B2",
        "US10185999B1",
        "US10223479B1",
        "US10319039B1",
        "US10373259B1",
        "US9972054B1",
        "US9436182B2",
        "DE102014209854A1",
        "US9631933B1",
        "KR101551215B1",
        "DE102014210759A1",
        "KR102192253B1",
        "CN107209993B",
        "US9365218B2",
        "US10387962B1",
        "US9628565B2",
        "JP2016153247A",
        "CN106714681A",
        "US9766625B2",
        "US9189897B1",
        "US9576478B2",
        "JP6201927B2",
        "DE102014215276A1",
        "FR3024699B1",
        "EP2982562A1",
        "US9157752B1",
        "US9666074B2",
        "JP6453586B2",
        "US9558659B1",
        "US9321461B1",
        "US9558411B1",
        "US9731713B2",
        "US9440647B1",
        "DE102014219689A1",
        "DE102014114202A1",
        "US9168882B1",
        "US9248834B1",
        "US9827904B2",
        "US9377315B2",
        "MX359043B",
        "US9440649B2",
        "US9721400B1",
        "US9547985B2",
        "KR101737792B1",
        "EP3018027B1",
        "US9733646B1",
        "DE102014223004A1",
        "US9892296B2",
        "US10336321B1",
        "CN104590274A",
        "KR101601553B1",
        "CN104463244A",
        "JP6079761B2",
        "WO2016090282A1",
        "US9347779B1",
        "US9855890B2",
        "CN104486412B",
        "US9283960B1",
        "US9541409B2",
        "CN105774803A",
        "US9573600B2",
        "US9701306B2",
        "US9573592B2",
        "EP3239957A4",
        "US10705521B2",
        "JP6298772B2",
        "US9519290B2",
        "US9625906B2",
        "US9448559B2",
        "DE102015000527B4",
        "US9489852B1",
        "US9493157B2",
        "US10217379B2",
        "US9697730B2",
        "US9568335B2",
        "CN107209019B",
        "US9914218B2",
        "US10037712B2",
        "US10216196B2",
        "US20180012492A1",
        "US10678261B2",
        "CN112857387B",
        "US10049505B1",
        "DE102015002913B4",
        "US9778658B2",
        "KR101678089B1",
        "RU2610260C2",
        "SE538920C2",
        "US9625582B2",
        "US9688194B2",
        "JP6559453B2",
        "JP6491929B2",
        "JP6431594B2",
        "US9821763B2",
        "US9488979B1",
        "US20160306357A1",
        "WO2016170785A1",
        "US10077056B1",
        "CN104834552B",
        "DE102015208914B4",
        "US10589774B2",
        "US9555807B2",
        "US10351159B2",
        "US9612596B2",
        "US10613544B2",
        "US10167015B2",
        "US9616773B2",
        "DE102015208790A1",
        "CN107850895B",
        "CA2986028C",
        "DE102015209133A1",
        "DE102015209473A1",
        "US9368026B1",
        "US10901415B1",
        "US10031522B2",
        "WO2016189495A1",
        "KR101750876B1",
        "US20160347309A1",
        "US9919724B2",
        "JP6439591B2",
        "US11560169B2",
        "US10343706B2",
        "US9904900B2",
        "US20180150079A1",
        "DE102016110791A1",
        "US10577009B2",
        "US9639537B2",
        "US9497590B1",
        "US9802638B1",
        "US10019446B2",
        "US9733096B2",
        "US10131362B1",
        "US9828016B2",
        "DE102016111473A1",
        "US20160375931A1",
        "US9944307B2",
        "US10112639B2",
        "US9845103B2",
        "US9840271B2",
        "US9511767B1",
        "EP3115942B1",
        "US20170015263A1",
        "DE102015213181B3",
        "US20170016975A1",
        "US10514694B1",
        "US9943247B2",
        "KR20170015115A",
        "KR20170015114A",
        "KR20170015719A",
        "US9869560B2",
        "US9849904B2",
        "US9785145B2",
        "US9483948B1",
        "US9721397B2",
        "US10023231B2",
        "US9805519B2",
        "US10220705B2",
        "US9805605B2",
        "DE102015215561A1",
        "US9764736B2",
        "EP3133455B1",
        "US9718471B2",
        "CN106468918B",
        "US9481366B1",
        "US10234859B2",
        "US9896100B2",
        "US9619638B2",
        "US9682707B1",
        "US10163350B1",
        "US9845106B2",
        "US10358143B2",
        "JP6304177B2",
        "US9731726B2",
        "DE102015216881A1",
        "US9587952B1",
        "US10195740B2",
        "US10082797B2",
        "US9513632B1",
        "US10150448B2",
        "JP6567376B2",
        "US9566986B1",
        "US9809158B2",
        "US9971348B1",
        "US9958870B1",
        "KR102498091B1",
        "US10386844B2",
        "WO2017057060A1",
        "US9892464B2",
        "US9481367B1",
        "US9834224B2",
        "JP6650242B2",
        "US10160472B2",
        "US9881427B2",
        "US10393532B2",
        "US20170115124A1",
        "US9809155B2",
        "US9751532B2",
        "US9944291B2",
        "KR101745161B1",
        "US10607293B2",
        "CN108290579B",
        "WO2017079341A2",
        "US9720415B2",
        "US9864918B2",
        "US9507346B1",
        "US9734455B2",
        "US9606539B1",
        "US9916703B2",
        "US9754490B2",
        "CN105346483B",
        "US9802661B1",
        "US10000124B2",
        "US10334050B2",
        "US10745003B2",
        "US9630619B1",
        "US9701239B2",
        "US9958864B2",
        "US10496766B2",
        "US10401852B2",
        "US9878664B2",
        "WO2017077598A1",
        "US9910441B2",
        "US10248119B2",
        "US11283877B2",
        "US9517767B1",
        "US9804599B2",
        "US9632502B1",
        "US9983591B2",
        "US10176525B2",
        "US9791861B2",
        "KR102137213B1",
        "US10692126B2",
        "US9547986B1",
        "US10144419B2",
        "WO2017091479A1",
        "US10053093B2",
        "JP6504040B2",
        "US9613386B1",
        "US10029725B2",
        "US10061326B2",
        "US10712160B2",
        "CA3006661A1",
        "DE102015225161A1",
        "DE102015225157A1",
        "US9493158B2",
        "JP6520689B2",
        "US11195043B2",
        "WO2017105641A1",
        "US9840256B1",
        "US9865163B2",
        "US9841763B1",
        "US9805598B2",
        "US10800455B2",
        "US9796388B2",
        "US20170174221A1",
        "JP6558239B2",
        "JP2017120510A",
        "US11205240B2",
        "US9843877B2",
        "US9921581B2",
        "US10482746B1",
        "JP2017124821A",
        "WO2017119385A1",
        "US9551992B1",
        "US9740202B2",
        "US9956956B2",
        "US9637117B1",
        "US10308246B1",
        "US11242051B1",
        "US10324463B1",
        "US11441916B1",
        "US10165171B2",
        "US10395332B1",
        "US9940834B1",
        "US10029682B2",
        "US10134278B1",
        "US11719545B2",
        "DE102017101343A1",
        "JP6508072B2",
        "US9836973B2",
        "DE102016201307A1",
        "US10262540B2",
        "US9835709B2",
        "US10269075B2",
        "US10291348B2",
        "US10942038B2",
        "CA3014656C",
        "US9731755B1",
        "CN107150683B",
        "US10322682B2",
        "US9990548B2",
        "JP6443364B2",
        "US10077007B2",
        "US10154048B2",
        "JP6327273B2",
        "US10275955B2",
        "CN105857310A",
        "DE102016205153A1",
        "WO2017176550A1",
        "JP6327283B2",
        "DE102016205780A1",
        "DE102016205804A1",
        "US9896096B2",
        "US10496102B2",
        "US20170297586A1",
        "US9429947B1",
        "US10255648B2",
        "US9964948B2",
        "DE102017108692A1",
        "US9943959B2",
        "US10459087B2",
        "DE102016207463A1",
        "US9919715B2",
        "US10034066B2",
        "DE102016005580A1",
        "US9672446B1",
        "US10789840B2",
        "US10370102B2",
        "US10152858B2",
        "US10818109B2",
        "JP2017204208A",
        "US10196994B2",
        "US10246073B2",
        "US10036333B2",
        "JP6597475B2",
        "US10685391B2",
        "US10351161B2",
        "JP6712906B2",
        "US9891628B2",
        "US10055903B2",
        "JP7181092B2",
        "JP2017223467A",
        "US20170364069A1",
        "US11783421B2",
        "US10240943B2",
        "US9884621B2",
        "EP3472742A4",
        "CN107521547B",
        "US9725036B1",
        "US10457313B2",
        "US10852744B2",
        "US10093311B2",
        "DE102016008218A1",
        "US11210436B2",
        "US20180012196A1",
        "US10832331B1",
        "US10146222B2",
        "US10269242B2",
        "US9956910B2",
        "US10029698B2",
        "US10762358B2",
        "US10759255B2",
        "GB2552487B",
        "US10112611B2",
        "US10363958B2",
        "US10232856B2",
        "WO2018022069A1",
        "US10209708B2",
        "US10160477B2",
        "US10126722B2",
        "DE102016114168A1",
        "US9616809B1",
        "US9928734B2",
        "US10071675B2",
        "US10571913B2",
        "WO2018030285A1",
        "EP3282394A1",
        "US10179586B2",
        "US10571908B2",
        "JP6831190B2",
        "US10496091B1",
        "US10054947B2",
        "DE102016215587A1",
        "US10543852B2",
        "US10189496B2",
        "US10816350B2",
        "DE102016215900A1",
        "JP6544320B2",
        "JP6519555B2",
        "JP6597520B2",
        "JP6512194B2",
        "JP6665733B2",
        "US9952058B2",
        "US11119502B2",
        "DE102017201538A1",
        "JP6698479B2",
        "US9881503B1",
        "EP3293927B1",
        "US10023151B2",
        "DE102016217330A1",
        "US10384708B2",
        "US10160473B2",
        "US20200117189A1",
        "CN108773373B",
        "US10093322B2",
        "JP6464326B2",
        "US10643256B2",
        "DE102016218012A1",
        "US10133273B2",
        "US10370877B2",
        "US10144383B2",
        "US9905133B1",
        "US10399591B2",
        "US20180096629A1",
        "US10040390B2",
        "KR102537598B1",
        "US10202118B2",
        "US10239552B2",
        "US10481602B2",
        "US11623647B2",
        "JP6984118B2",
        "JP7243798B2",
        "KR101979269B1",
        "CN109890680A",
        "US10843091B1",
        "US10528055B2",
        "US10031523B2",
        "US10459453B2",
        "US10421460B2",
        "CN108062868B",
        "US20180129205A1",
        "US10410064B2",
        "US10328802B2",
        "US10694357B2",
        "US10708547B2",
        "US10421475B2",
        "US10310605B2",
        "US10523007B2",
        "US11267461B2",
        "US10042362B2",
        "WO2018094384A1",
        "US10515390B2",
        "US10394245B2",
        "JP6857728B2",
        "KR101934731B1",
        "US9933781B1",
        "US10474163B2",
        "US10196058B2",
        "JP6575492B2",
        "CN110023168B",
        "US9862403B1",
        "US10351160B2",
        "US11238726B2",
        "US20180154777A1",
        "US10249104B2",
        "JP6693400B2",
        "US10780915B2",
        "US10442435B2",
        "CN110087989B",
        "JP6748739B2",
        "US10261513B2",
        "US20180170392A1",
        "JP6478415B2",
        "CN110087960B",
        "JP6558356B2",
        "US11378950B2",
        "DE102016226045B4",
        "JP6645418B2",
        "US11392129B2",
        "US11157014B2",
        "US10613537B2",
        "US10259452B2",
        "US10363893B2",
        "US10529147B2",
        "DE102017200151B4",
        "US10380886B2",
        "US10252717B2",
        "CA3049770A1",
        "US10074223B2",
        "US10369988B2",
        "US9984572B1",
        "US10471829B2",
        "US10031521B1",
        "US9953538B1",
        "US10464530B2",
        "US10286915B2",
        "US11106969B2",
        "JP6800028B2",
        "WO2018134831A1",
        "DE112018000477B4",
        "US10453345B2",
        "US10220850B2",
        "US10730531B1",
        "US10897469B2",
        "JP6692935B2",
        "JP2018127286A",
        "US11521271B2",
        "US10259496B2",
        "US10538268B2",
        "DE102017201936A1",
        "US10370022B2",
        "US11370439B2",
        "KR102237229B1",
        "US10385930B2",
        "JP2018135068A",
        "DE102017203022A1",
        "WO2018160724A1",
        "US10671076B1",
        "US10133275B1",
        "US10457289B2",
        "WO2018160192A1",
        "US10074279B1",
        "US10152060B2",
        "US10147193B2",
        "US10671873B2",
        "US9953236B1",
        "US10319235B2",
        "US10311312B2",
        "US10315648B2",
        "US11587304B2",
        "US10040450B1",
        "US10395437B2",
        "US10338594B2",
        "US10162357B2",
        "US10295354B2",
        "WO2018176000A1",
        "US10133270B2",
        "CN110461680B",
        "JP6523361B2",
        "US10248121B2",
        "US10520942B1",
        "JP6558393B2",
        "US10710592B2",
        "US10471963B2",
        "US9952594B1",
        "US10449927B2",
        "US10392012B2",
        "US11055605B2",
        "US10552691B2",
        "US10509409B2",
        "US10742494B2",
        "US10854021B2",
        "US10479354B2",
        "CN107161147A",
        "US10360798B2",
        "US10423162B2",
        "US10692365B2",
        "US20220375336A1",
        "JP6638695B2",
        "US10558864B2",
        "US10481044B2",
        "US10452073B2",
        "US10732627B1",
        "US20180341822A1",
        "WO2018220786A1",
        "US10474790B2",
        "JP6683178B2",
        "CN110709672B",
        "US10683034B2",
        "US11573573B2",
        "US11392133B2",
        "US11042155B2",
        "US10762635B2",
        "KR20230130147A",
        "US10438074B2",
        "JP6920112B2",
        "US10514692B2",
        "US10599141B2",
        "US10740988B2",
        "US10627810B2",
        "US10234868B2",
        "US11112789B2",
        "KR20220158873A",
        "US10585430B2",
        "US10317899B2",
        "US10775781B2",
        "US10279734B2",
        "US10156845B1",
        "CN109429518B",
        "US10234302B2",
        "CN110546698A",
        "US10580302B2",
        "US10493988B2",
        "US10303522B2",
        "US10737695B2",
        "US10308242B2",
        "US10752246B2",
        "CN109213113A",
        "US11760387B2",
        "US10838420B2",
        "US10429842B2",
        "US10147324B1",
        "US10431081B2",
        "US10369974B2",
        "US10571916B2",
        "US10710633B2",
        "US10579063B2",
        "CN116540739A",
        "US10409286B2",
        "CN107272657B",
        "CN107393074B",
        "CN107416754B",
        "CN107381488B",
        "CN107352497B",
        "CN107421615A",
        "CN107369218B",
        "US10311726B2",
        "US10671349B2",
        "DE102017212629B4",
        "US11157441B2",
        "US11409692B2",
        "US10538239B2",
        "US10837790B2",
        "US10518729B2",
        "EP3665564A4",
        "US10360257B2",
        "US11029693B2",
        "US10379197B2",
        "US10816975B2",
        "US10872476B2",
        "US10870437B2",
        "US11092961B2",
        "US11079771B2",
        "US10423934B1",
        "US10395444B1",
        "US10345110B2",
        "US11300963B1",
        "US11422565B1",
        "DE102017214586A1",
        "US10816354B2",
        "US10565457B2",
        "US10303956B2",
        "US10762673B2",
        "US10678234B2",
        "KR102348120B1",
        "US10520305B2",
        "JP6689006B2",
        "US10988143B2",
        "CN107505941B",
        "WO2019045694A1",
        "US10401858B2",
        "US10179719B1",
        "US10783381B2",
        "KR102400555B1",
        "US10782694B2",
        "US10656644B2",
        "US10782693B2",
        "US10649458B2",
        "US10953880B2",
        "US10953881B2",
        "US10589664B2",
        "US10647332B2",
        "DE102017216198A1",
        "US10552979B2",
        "US10671083B2",
        "US10679493B2",
        "US10387736B2",
        "US10733465B2",
        "US11099264B2",
        "US10850741B2",
        "CN107757582A",
        "CN107792076A",
        "US10539200B2",
        "CN108521800A",
        "US10962979B2",
        "US10970564B2",
        "US10768626B2",
        "US10580304B2",
        "US10281921B2",
        "GB201716147D0",
        "US10410055B2",
        "US10019011B1",
        "JP6939376B2",
        "US10635109B2",
        "WO2019077013A1",
        "US10802483B2",
        "US10611381B2",
        "KR102106875B1",
        "US20190120965A1",
        "EP3477616A1",
        "US10739775B2",
        "US10666730B2",
        "US10812589B2",
        "US10606274B2",
        "US10935978B2",
        "US11420651B2",
        "US11189166B2",
        "US10466691B2",
        "US10967862B2",
        "US10627811B2",
        "JP2019087884A",
        "US10717412B2",
        "CN108072406A",
        "US10431089B1",
        "EP3486140B1",
        "US10955250B2",
        "US10976737B2",
        "US10336320B2",
        "US10528823B2",
        "US10657390B2",
        "US10528851B2",
        "US20180079422A1",
        "US10578676B2",
        "US10877476B2",
        "US10860018B2",
        "US10156850B1",
        "US10377383B2",
        "EP3727980A4",
        "US11273836B2",
        "CN111433566A",
        "JP6888538B2",
        "US20190185010A1",
        "CN111433565A",
        "US20190185012A1",
        "US11130497B2",
        "CN107993507B",
        "US10845209B2",
        "US10908614B2",
        "US10877999B2",
        "CN110015302B",
        "US11640733B2",
        "US10999539B2",
        "US10745029B2",
        "JP6870607B2",
        "US10737690B2",
        "US10974717B2",
        "US10814864B2",
        "US10583830B2",
        "US10688918B2",
        "US10585431B2",
        "US11148661B2",
        "US10684773B2",
        "CN110007752A",
        "US20190206258A1",
        "US10274950B1",
        "US10303181B1",
        "US11073838B2",
        "US10299216B1",
        "WO2019140005A1",
        "KR102384743B1",
        "US10943477B2",
        "US10870430B2",
        "CN111989716B",
        "US10793186B2",
        "WO2019139815A1",
        "US10747218B2",
        "US20190217791A1",
        "US11262756B2",
        "JP7163580B2",
        "US11022971B2",
        "JP7225536B2",
        "JP6973100B2",
        "US10917748B2",
        "US20200342757A1",
        "US11561791B2",
        "WO2019150552A1",
        "US10684627B2",
        "TW201941887A",
        "JP7058022B2",
        "JP6831344B2",
        "US11009365B2",
        "US11009356B2",
        "US10955851B2",
        "GB201802475D0",
        "US10726645B2",
        "US11188070B2",
        "US10838425B2",
        "DE102018202696A1",
        "US10507868B2",
        "US10752218B2",
        "US10685244B2",
        "US11636375B2",
        "TWI694936B",
        "US11269326B2",
        "JP2019156075A",
        "GB201804195D0",
        "US10685239B2",
        "ES2928250T3",
        "US10875566B2",
        "JP2019168942A",
        "US11206375B2",
        "CN108335512B",
        "US20180215377A1",
        "US20190300017A1",
        "US10732622B2",
        "JP6985203B2",
        "US10414395B1",
        "US10683004B2",
        "US10759417B2",
        "US11262755B2",
        "US10493981B2",
        "US10793144B2",
        "US20190311616A1",
        "KR102012127B1",
        "CN110378185A",
        "US10732640B2",
        "US11126199B2",
        "US10676216B2",
        "US10629009B2",
        "US10908609B2",
        "US11334753B2",
        "US11480971B2",
        "CN110458854B",
        "JP7272530B2",
        "JP6985207B2",
        "KR101943422B1",
        "US10860025B2",
        "US11126873B2",
        "US10614717B2",
        "CN108549383B",
        "US11454970B2",
        "US10369966B1",
        "US11030903B2",
        "US11104334B2",
        "US10564643B2",
        "US10745011B2",
        "CN112204633B",
        "US10569773B2",
        "US10977874B2",
        "US20190384292A1",
        "US10896514B2",
        "US11215999B2",
        "DE102018210232A1",
        "US10915105B1",
        "US10793164B2",
        "US20200001779A1",
        "JP7119653B2",
        "WO2020014224A1",
        "WO2020014227A1",
        "WO2020014683A1",
        "US10846544B2",
        "US10909866B2",
        "CN109109973A",
        "US11299149B2",
        "US11636333B2",
        "US10611384B1",
        "US20200033869A1",
        "US10466057B1",
        "US10755118B2",
        "US10974756B2",
        "EP3605257B1",
        "US11138418B2",
        "JP7056458B2",
        "US10766487B2",
        "US10754338B2",
        "CN108986545A",
        "US10981564B2",
        "US10795362B2",
        "CN110857111B",
        "US10816979B2",
        "US11562231B2",
        "US10384605B1",
        "US10800409B2",
        "US11613261B2",
        "WO2020079508A1",
        "US11697418B2",
        "CN109445426A",
        "US10884424B2",
        "CN109345512A",
        "US10839234B2",
        "US10717432B2",
        "US11292480B2",
        "US10821972B2",
        "CN109271924A",
        "US10471804B1",
        "US10493952B1",
        "US10289922B1",
        "US10223844B1",
        "US10479319B1",
        "US10282625B1",
        "US11225264B2",
        "US20220057481A1",
        "US10529233B1",
        "US10967851B2",
        "JP7081423B2",
        "JP6731625B2",
        "JP6945167B2",
        "US11644833B2",
        "US11221622B2",
        "US10900792B2",
        "US10832569B2",
        "US11279036B2",
        "US10794714B2",
        "US10908603B2",
        "US10628687B1",
        "US11097723B2",
        "US20200133308A1",
        "US10839694B2",
        "US10963734B1",
        "US10699167B1",
        "JP6705533B2",
        "US10796402B2",
        "US10240938B1",
        "US11137754B2",
        "US11196678B2",
        "US11244176B2",
        "US11392738B2",
        "US11194331B2",
        "US10942271B2",
        "US20200130663A1",
        "US10481606B1",
        "US10286908B1",
        "US11403492B2",
        "DE102018218835A1",
        "EP3647728B1",
        "JP7167732B2",
        "JP7117221B2",
        "US11070706B2",
        "US20200158507A1",
        "TWI696958B",
        "CN112055806A",
        "FR3088878B1",
        "US10789535B2",
        "US11713975B2",
        "WO2019025872A2",
        "WO2020111784A1",
        "US11034361B2",
        "US20200166936A1",
        "US11131992B2",
        "US10682955B1",
        "US11537811B2",
        "DE102018221054B4",
        "US10915116B2",
        "JP7155975B2",
        "US11208111B2",
        "CN109785655B",
        "US10803741B2",
        "US11085779B2",
        "DE102018222601A1",
        "US10816635B1",
        "US10820349B2",
        "US11782158B2",
        "US11610117B2",
        "KR102494252B1",
        "CN109727470B",
        "US11462037B2",
        "CN109808709B",
        "US10926603B2",
        "US11436923B2",
        "US10971003B2",
        "US11513518B2",
        "KR102215107B1",
        "US10997461B2",
        "US10377342B1",
        "US10744976B1",
        "US11789442B2",
        "US11170647B2",
        "US10640082B1",
        "US11567514B2",
        "US11475763B2",
        "US10860878B2",
        "CN109703568B",
        "US10956755B2",
        "JP7103972B2",
        "JP7174645B2",
        "US11643005B2",
        "US11170639B2",
        "US11560153B2",
        "US11285963B2",
        "US10949886B2",
        "CN109827610B",
        "US11694088B2",
        "US11148670B2",
        "US11195344B2",
        "EP3942253A4",
        "US11086322B2",
        "CN110069064B",
        "US11132548B2",
        "US11155258B2",
        "DE102019204201A1",
        "US11488290B2",
        "US11222069B2",
        "US10776669B1",
        "US11275368B2",
        "US11169517B2",
        "KR20200119932A",
        "CN111775944B",
        "US11048254B2",
        "US10699580B1",
        "US11105642B2",
        "CN110134124B",
        "US11731612B2",
        "US11136023B2",
        "JP7200820B2",
        "JP7081567B2",
        "CN111976727B",
        "US11131993B2",
        "EP3977226A4",
        "US10713950B1",
        "US10820182B1",
        "US10939471B2",
        "US11480962B1",
        "US11307590B2",
        "GB201909578D0",
        "KR20210005439A",
        "US11285941B2",
        "US20210025738A1",
        "US11643010B2",
        "US11268825B2",
        "JP7231511B2",
        "CN110488816B",
        "KR20210019630A",
        "KR20210019645A",
        "KR20210019647A",
        "KR20210019646A",
        "KR20210019648A",
        "US11474530B1",
        "GB2586490A",
        "JP2022552063A",
        "WO2021041223A1",
        "US11267483B2",
        "US11262201B2",
        "US11669092B2",
        "US11332132B2",
        "US11364632B2",
        "US11077850B2",
        "US11403889B2",
        "KR20210031275A",
        "JP7332403B2",
        "US11333518B2",
        "CN110606084B",
        "US11237562B2",
        "US11097688B2",
        "US11614739B2",
        "US11276307B2",
        "US11704292B2",
        "CN112572461B",
        "US11619945B2",
        "CN111284485B",
        "JP7215390B2",
        "US11390300B2",
        "US11532167B2",
        "US11427191B2",
        "CN114730521A",
        "US11648939B2",
        "US11697412B2",
        "KR20210058456A",
        "KR102269760B1",
        "JP7259716B2",
        "US11593662B2",
        "JP2021103369A",
        "JP7351215B2",
        "CN111086511B",
        "DE102020100225A1",
        "TW202146189A",
        "US11453290B2",
        "JP7334633B2",
        "KR102227037B1",
        "US11403948B2",
        "US11055998B1",
        "JP2021142901A",
        "JP2021148462A",
        "JP2021148461A",
        "US11590988B2",
        "US11290856B2",
        "CN113496602B",
        "KR20210133330A",
        "US11429176B2",
        "CN111611709B",
        "WO2021237212A1",
        "US11698639B2",
        "US20210382499A1",
        "AU2021203567A1",
        "JP7167963B2",
        "JP2022025229A",
        "JP2022044238A",
        "US11713060B2",
        "KR20220039980A",
        "US11648965B2",
        "US11529973B1",
        "US11206169B1",
        "CN116867696A",
        "US20220163347A1",
        "US11753041B2",
        "US11297643B1",
        "WO2022136941A1",
        "CN112758103B",
        "US11644322B2",
        "US20220266822A1",
        "EP4050512A1",
        "US20220274592A1",
        "WO2022189004A1",
        "TWI763380B",
        "US20220319308A1",
        "US11783595B2",
        "US11776278B2",
        "JP2022186231A",
        "JP2022186227A",
        "JP2022186232A",
        "IT202100017177A1",
        "CN113460086B",
        "US20230051511A1",
        "US11548473B1",
        "US11801870B2",
        "CN113715619A",
        "US20230117467A1",
        "DE102021132466B3",
        "US20230271628A1",
        "US11643098B1"
    ]
}