{
    "patent_id": "US-11039649-B2",
    "title": "Electronic cigarette ",
    "assignee": "Fontem Holdings 1 B.V.",
    "publication_date": "2021-06-22",
    "patent_link": "https://patents.google.com/patent/US11039649B2/en",
    "inventors": [
        "Lik Hon"
    ],
    "classifications": [
        "A24F40/51",
        "A24F47/008",
        "A61K9/007",
        "A24B15/167",
        "A24F40/10",
        "A24F40/40",
        "A24F40/42",
        "A24F40/485",
        "A24F40/60",
        "A24F47/002",
        "A61M15/008",
        "A61M15/06",
        "H02J7/00",
        "H02J7/0045",
        "H05B1/0202",
        "H05B1/0244",
        "H05B3/0014",
        "A24F40/90",
        "A61M2205/18",
        "A61M2205/8206"
    ],
    "abstract": "An electronic cigarette comprises nicotine without harmful tar. The cigarette includes a shell, a cell, nicotine solution, control circuit, and an electro-thermal vaporization nozzle installed in the air suction end of the shell. The advantages of the present invention are smoking without tar, reducing the risk of cancer, the user still gets a smoking experience, the cigarette is not lit, and there is no fire danger.",
    "claims": "\n1. A vaporizing device, comprising:\na first housing removably attached to a second housing via screw threads;\nat least one air inlet for allowing air into the second housing;\na battery in the first housing;\na vaporization tube in the second housing;\na heating element inside of the vaporization tube;\na liquid in the second housing;\nthe device having a central longitudinal axis, the first housing, the battery, the second housing, the heating element and the vaporization tube aligned on the central longitudinal axis;\nthe liquid heated by the heating element in the vaporization tube to create vapor in the vaporization tube, the heating element in contact with an inner cylindrical surface of the vaporization tube.\n2. The vaporizing device of claim 1 further including a switch and a control circuit in the first housing, the switch, the heating element and the battery electrically connected to the control circuit.\n3. The vaporizing device of claim 2 further including an inhalation sensor and a control circuit, the inhalation sensor, the heating element and the battery electrically connected to the control circuit.\n4. The vaporizing device of claim 1 wherein the vaporization tube has a screw thread at a first end of the vaporization tube, the screw thread aligned on the central longitudinal axis, and the vaporization tube having an open second end.\n5. The vaporizing device of claim 1 wherein the heating element is in the shape of a straight line, single spiral, double spiral, cluster or spiral cluster.\n6. The vaporizing device of claim 1 further including a liquid passageway supplying liquid into the vaporization tube towards the heating element.\n7. The vaporizing device of claim 1 wherein the vaporization tube is made of ceramics, aluminum silicate ceramics, titanium oxide, zirconium dioxide, yttrium oxide ceramics, molten silicon, silicon dioxide, and/or molten aluminum oxide.\n8. The vaporizing device of claim 2 further including a display screen in the first housing electrically connected to the control circuit for showing operating state parameters.\n9. The vaporizing device of claim 1 wherein the vaporization tube comprises a fibrous or ceramic material.\n10. The vaporizing device of claim 1 with the second housing including an outlet in a mouthpiece, and an unobstructed flow path from the vaporization tube to the outlet.\n11. The vaporizing device of claim 5 wherein the heating element comprises nickel chromium alloy, iron chromium aluminum alloy, stainless steel, gold, platinum, and/or tungsten molybdenum alloy.\n12. A vaporizing device, comprising:\na first housing removably attached to a second housing by screw threads;\na battery in the first housing electrically connected to a control circuit in the first housing;\na charging connector in the first housing for charging the battery;\nan LED in the first housing, the LED connected to the control circuit;\nat least one air inlet for allowing air into the second housing;\na wire coil heating element inside of a vaporization tube in the second housing, an outer surface of the wire coil heating element in contact with an inner cylindrical surface of the vaporization tube;\nthe second housing containing a liquid and the second housing including an outlet in a mouthpiece, and an unobstructed flow path from the vaporization tube to the outlet;\na passageway in the second housing for moving liquid towards the wire coil heating element, to create vapor in the vaporization tube;\nthe first and second housings together forming the vaporizing device;\nthe vaporizing device having a central longitudinal axis, the first housing, the battery, the second housing, the wire coil heating element and the vaporization tube aligned on the central longitudinal axis.\n13. The vaporizing device of claim 12 wherein the vaporization tube comprises a fiber material.\n14. The vaporizing device of claim 12 further including a display screen in the first housing electrically connected to the control circuit for showing operating state parameters.\n15. The vaporizing device of claim 12 wherein the vaporization tube comprises a ceramic material.\n16. A vaporizing device, comprising:\na first housing attachable to and detachable from a second housing, the first and second housings aligned on a longitudinal axis of the vaporizing device;\na battery in the first housing electrically connected to a control circuit;\na charging connector in the first housing for charging the battery;\nan LED in the first housing electrically connected to the control circuit;\nat least one air inlet for allowing air to flow into the second housing;\nthe second housing including an outlet in a mouthpiece;\na heating element inside of a vaporization tube in the second housing, the heating element electrically connected to the control circuit, and an outer surface of the heating element in contact with an inner cylindrical surface of a fiber material component; and\na passageway in the second housing for moving liquid towards the heating element, to create vapor in the vaporization tube;\nthe vaporizing device having a central longitudinal axis, the first housing, the battery, the second housing, the heating element and the vaporization tube aligned on the central longitudinal axis.\n17. The vaporizing device of claim 16 with the control circuit in the first housing, and the control circuit electrically connected to a switch in the first housing.\n18. The vaporizing device of claim 16 further including an inhalation sensor electrically connected to the control circuit.\n19. The vaporizing device of claim 16 wherein the heating element comprises a wire coil.\n20. The vaporizing device of claim 1 wherein the vaporization tube has a length of 3-20 mm.",
    "status": "Active",
    "citations_own": [
        "US705919A",
        "US1147416A",
        "US1775947A",
        "US2057353A",
        "GB588117A",
        "US2516843A",
        "US2545851A",
        "US2696382A",
        "US3200819A",
        "US3281637A",
        "US3340647A",
        "US3479561A",
        "US3551643A",
        "US3719795A",
        "US3789840A",
        "US3832579A",
        "GB1528391A",
        "US4207457A",
        "US4228925A",
        "US4446862A",
        "US4574181A",
        "US4692590A",
        "US4771796A",
        "EP0295122A2",
        "JPS64498A",
        "CN2047485U",
        "EP0342538A2",
        "US4922901A",
        "JPH02124082A",
        "US4945929A",
        "US4945931A",
        "US4947875A",
        "EP0430559A2",
        "US5038394A",
        "US5060671A",
        "US5080114A",
        "US5095921A",
        "US5177424A",
        "US5190060A",
        "US5235157A",
        "US5261424A",
        "US5261601A",
        "US5269327A",
        "JPH06114105A",
        "US5388574A",
        "JPH07506999A",
        "US5497791A",
        "US5498855A",
        "US5505214A",
        "US5530225A",
        "WO1996032854A2",
        "US5591368A",
        "JPH0975058A",
        "US5665262A",
        "US5666977A",
        "JPH09326299A",
        "WO1997048293A1",
        "US5708258A",
        "US5743251A",
        "US5750964A",
        "US5819756A",
        "CN2293957Y",
        "US5880439A",
        "US5894841A",
        "US5902501A",
        "US5924784A",
        "US5934289A",
        "US5954979A",
        "CN1233436A",
        "JP2984657B2",
        "US6016038A",
        "US6040560A",
        "US6053431A",
        "WO2000028843A1",
        "WO2000050111A1",
        "WO2000049901A2",
        "US6116237A",
        "US6155268A",
        "US6175687B1",
        "US6178969B1",
        "WO2001021319A1",
        "US6211626B1",
        "US6234167B1",
        "JP2001291598A",
        "US20020078948A1",
        "UA47514C2",
        "KR20020067473A",
        "US6459919B1",
        "UA49831C2",
        "US6491516B1",
        "WO2002098389A1",
        "US6501052B2",
        "US20030011579A1",
        "WO2003016783A1",
        "US6532965B1",
        "WO2003022364A1",
        "WO2003034847A1",
        "US6568390B2",
        "WO2003055486A1",
        "US6598602B1",
        "US20030189826A1",
        "US20030209531A1",
        "US20030213794A1",
        "WO2003096761A1",
        "WO2003101454A1",
        "US20030226837A1",
        "US6719443B2",
        "US20040112893A1",
        "US20040129696A1",
        "US20040149282A1",
        "US6772756B2",
        "US20040175521A1",
        "US6794613B1",
        "CN1530041A",
        "US20040182403A1",
        "WO2004095955A1",
        "US20050016550A1",
        "US6854470B1",
        "US20050077869A1",
        "CN2719043Y",
        "US20050205559A1",
        "US20060047368A1",
        "WO2007131450A1",
        "US7300178B2",
        "CN201085044Y",
        "US20080257367A1",
        "US7726320B2",
        "CN201797997U",
        "US7997280B2",
        "CN202026802U",
        "CN202026804U",
        "US20120111347A1",
        "US20140261408A1",
        "US20150181943A1",
        "US20170049156A1"
    ],
    "citations_ftf": [
        "US2631219A",
        "US4171000A",
        "DE8102346U1",
        "US4641053A",
        "SE8405479D0",
        "US4756318A",
        "DE3685749T2",
        "US4735217A",
        "US4819665A",
        "JPS64498U",
        "US5159940A",
        "DE3910059C1",
        "US5042470A",
        "US5224498A",
        "US5396911A",
        "US5249586A",
        "US5285798A",
        "US5322075A",
        "US5613505A",
        "AU5358694A",
        "US5452711A",
        "US5438978A",
        "IE72523B1",
        "IL126545A",
        "CN1135860A",
        "US5746251A",
        "IT1289590B1",
        "US5878752A",
        "US6164287A",
        "US6095153A",
        "GB2340566B",
        "CN1252961A",
        "US6041789A",
        "SE9900369D0",
        "US6354293B1",
        "JP4999245B2",
        "US6354301B2",
        "DE10051792A1",
        "US6804458B2",
        "US6854461B2",
        "JP4529344B2",
        "GB0214611D0",
        "US7015796B2",
        "US6810883B2",
        "CN2648836Y",
        "US7100618B2",
        "US7293565B2",
        "JP4411901B2",
        "US20050236006A1",
        "DK1848483T3",
        "CN2777995Y",
        "GB0508318D0",
        "US9675109B2",
        "WO2007078273A1",
        "FR2895644B1",
        "CN200966824Y",
        "CN100536951C",
        "CN200997909Y",
        "WO2008077271A1",
        "EP1972215A1",
        "US7845359B2",
        "EP1989946A1",
        "CN100593982C",
        "US8991402B2",
        "CA2729601C",
        "EP2100525A1",
        "EP2110033A1",
        "EP2113178A1",
        "GB0808154D0",
        "GB0813686D0",
        "EP2186537A1",
        "US20100200008A1",
        "CN101518361B",
        "US8851068B2",
        "DE102009029768B4",
        "CN201445686U",
        "ITNA20090023U1",
        "UA47514U",
        "WO2011022431A1",
        "US20100181387A1",
        "UA49831U"
    ],
    "citedby_own": [
        "US20220022557A1"
    ],
    "citedby_ftf": [
        "CN100381083C",
        "US7883031B2",
        "US8545463B2",
        "CN2719043Y",
        "US9648907B2",
        "US10244793B2",
        "US11647783B2",
        "US9675109B2",
        "JP4717685B2",
        "US7779835B2",
        "JP4567012B2",
        "KR100860566B1",
        "CN201067079Y",
        "DE102006041042B4",
        "DE102006047146A1",
        "DE102007026979A1",
        "US7726320B2",
        "US8042550B2",
        "WO2008061408A1",
        "WO2008077271A1",
        "DE102007011120A1",
        "EP2708256A3",
        "EP1989946A1",
        "CN100577043C",
        "CN101883833B",
        "US8991402B2",
        "US20090192840A1",
        "CA2729601C",
        "EP2100525A1",
        "US20090255534A1",
        "EP2110034A1",
        "EP2113178A1",
        "KR100929382B1",
        "KR100918785B1",
        "ES2527936T3",
        "EP2143346A1",
        "AT507187B1",
        "GB0823491D0",
        "EP2201850A1",
        "CN101461566B",
        "CN101461565B",
        "CN101473999B",
        "US20100200008A1",
        "CN201379072Y",
        "CZ200980A3",
        "NZ594585A",
        "CN101518361B",
        "US8851068B2",
        "EP2253233A1",
        "WO2010140841A2",
        "US8495998B2",
        "CN201445686U",
        "CN101878958B",
        "CN101606758B",
        "US8897628B2",
        "WO2011084082A1",
        "WO2011081558A1",
        "JP5702389B2",
        "US10420374B2",
        "CN102227175B",
        "KR200460461Y1",
        "EP2319334A1",
        "EP2327318A1",
        "EP2340730A1",
        "DE102010000043A1",
        "AT508244B1",
        "GB201004861D0",
        "US20110268809A1",
        "PL2563172T5",
        "AU2013237685B2",
        "US20110274628A1",
        "US10159278B2",
        "WO2011146174A2",
        "US11344683B2",
        "US9095175B2",
        "US8746240B2",
        "US9999250B2",
        "US9259035B2",
        "US9743691B2",
        "US8757147B2",
        "US10136672B2",
        "US20110277780A1",
        "US9861772B2",
        "US8550068B2",
        "CN201830899U",
        "CN201830900U",
        "US10154923B2",
        "CN103124541B",
        "JP2013531548A",
        "EP2593056B1",
        "DE202010011436U1",
        "WO2012062247A1",
        "US11247003B2",
        "LT3508081T",
        "US8499766B1",
        "US20120125354A1",
        "US9315890B1",
        "US8975764B1",
        "RU2474816C2",
        "CN102028306B",
        "KR101057774B1",
        "US20120152265A1",
        "US8757169B2",
        "US9107453B2",
        "US20120199146A1",
        "AT510837B1",
        "EP2672847B1",
        "US9399110B2",
        "EP2683431B1",
        "US8903228B2",
        "KR101275191B1",
        "KR200469318Y1",
        "CA2829043C",
        "US9192193B2",
        "KR101364772B1",
        "KR101269244B1",
        "CN102318899A",
        "CN103124501B",
        "US20120325227A1",
        "US8528569B1",
        "RU2475739C1",
        "CN102349699B",
        "KR101364136B1",
        "KR101208473B1",
        "EP3072406B1",
        "US9078473B2",
        "TWI741707B",
        "KR101540192B1",
        "PT2753203T",
        "GB201207054D0",
        "RU2606326C2",
        "EP2753202B1",
        "EP2753200B1",
        "US20130078307A1",
        "CN102389167B",
        "US9907748B2",
        "AT511344B1",
        "TWI546023B",
        "TR201819207T4",
        "US8820330B2",
        "RU2489948C2",
        "US20130150812A1",
        "KR101186229B1",
        "ITMI20112290A1",
        "WO2013091203A1",
        "CA2860333C",
        "CN202474905U",
        "CN202436108U",
        "EP2800489B1",
        "SG11201403804XA",
        "MY167849A",
        "US9282772B2",
        "US9532597B2",
        "CA2864836A1",
        "KR101355794B1",
        "EP2827727B1",
        "CN104114049A",
        "US20130255702A1",
        "KR101316347B1",
        "GB201207039D0",
        "GB2502055A",
        "GB2502053B",
        "DE202012005406U1",
        "US10004259B2",
        "SG11201500023PA",
        "US9032968B2",
        "RU2495682C1",
        "GB2504077A",
        "GB2504074A",
        "GB2504076A",
        "CN104135882B",
        "US10517530B2",
        "AU2012388597B2",
        "US8881737B2",
        "US8910639B2",
        "US9308336B2",
        "EP2711006A1",
        "GB201217067D0",
        "CN103960781A",
        "US10117460B2",
        "US9854841B2",
        "GB2507104A",
        "GB2507103A",
        "WO2014066730A1",
        "CN102960852B",
        "CN104955508A",
        "US10034988B2",
        "US9210738B2",
        "WO2014089757A1",
        "CN105188818B",
        "KR101740254B1",
        "USD841231S1",
        "USD695449S1",
        "USD691765S1",
        "USD849993S1",
        "USD691766S1",
        "WO2014116974A1",
        "US8910640B2",
        "ITMI20130214A1",
        "US10031183B2",
        "US20140261486A1",
        "US20140261487A1",
        "US9918495B2",
        "US9277770B2",
        "EP2967154B1",
        "US9609893B2",
        "US9220302B2",
        "US10098381B2",
        "US10653180B2",
        "US9491974B2",
        "KR102305865B1",
        "US10279934B2",
        "US9423152B2",
        "MX2015013513A",
        "EP2975953A1",
        "US9635887B2",
        "ITBO20130706A1",
        "GB2513639A",
        "GB2513637A",
        "GB2513638A",
        "EP3850957A1",
        "CN203327951U",
        "US11202470B2",
        "US20140355969A1",
        "EP3003075B1",
        "ITMI20131118A1",
        "ITMI20130903A1",
        "GB2514893B",
        "KR102321843B1",
        "CN103284319A",
        "US20150013695A1",
        "CN103315404A",
        "US11229239B2",
        "EP3021699B1",
        "US9848645B2",
        "US10278422B2",
        "US10172387B2",
        "EP3046431B1",
        "US10194693B2",
        "CN104509976B",
        "ES2762171T3",
        "EP2856893B2",
        "US9806549B2",
        "GB2519101A",
        "US9820509B2",
        "BR302014001648S1",
        "NZ718007A",
        "GB201319150D0",
        "US10292424B2",
        "US20150128969A1",
        "US20150128968A1",
        "US10039321B2",
        "US10980273B2",
        "US20150136158A1",
        "US9781953B2",
        "EP3932216A1",
        "US9839237B2",
        "GB201320834D0",
        "MY178531A",
        "UA118457C2",
        "WO2015084544A1",
        "KR20220153098A",
        "ES2762588T3",
        "CN203633506U",
        "US11384743B2",
        "US20150173417A1",
        "US9635886B2",
        "US10159282B2",
        "US10076139B2",
        "USD842536S1",
        "USD825102S1",
        "GB2538424B8",
        "US10058129B2",
        "US20160366947A1",
        "US10117463B2",
        "US9820510B2",
        "WO2015107552A1",
        "US9974334B2",
        "US20150216237A1",
        "GB201401524D0",
        "US10575558B2",
        "US9451791B2",
        "TWI751467B",
        "US20150224268A1",
        "US9833019B2",
        "ES2526106B1",
        "US10201181B2",
        "US10136674B2",
        "US11571019B2",
        "US9839238B2",
        "US11085550B2",
        "EP3659451A1",
        "US10588176B2",
        "US10091839B2",
        "GB201413037D0",
        "USD763502S1",
        "USD788697S1",
        "USD752280S1",
        "WO2015131406A1",
        "USD752278S1",
        "USD749505S1",
        "FR3015186A1",
        "US9597466B2",
        "US11696604B2",
        "CN103859591B",
        "US9572374B2",
        "PL3119218T3",
        "LT3119224T",
        "US10111467B1",
        "US9820508B2",
        "WO2015148649A2",
        "EP3127437B1",
        "GB2524736B",
        "WO2016012795A1",
        "CA2935967A1",
        "GB2524735B",
        "US9877510B2",
        "USD804090S1",
        "DE102014207277A1",
        "CN204067467U",
        "CN105024412B",
        "GB201407426D0",
        "CN106714589B",
        "EP3138421A4",
        "USD750320S1",
        "US20150314085A1",
        "US9924741B2",
        "CN203913391U",
        "CA2948851A1",
        "USD752727S1",
        "TWI660685B",
        "TWI697289B",
        "TWI661782B",
        "TWI666992B",
        "EP3639813B1",
        "US10334878B2",
        "US9955726B2",
        "CN104114050B",
        "DE102014107859A1",
        "GB201410171D0",
        "US10888119B2",
        "US10058123B2",
        "WO2016011574A1",
        "GB2528710B",
        "GB2528673B",
        "CN104432536A",
        "GB2559281B",
        "CN104126875A",
        "WO2016015264A1",
        "GB201413835D0",
        "GB2529201A",
        "CN104126879B",
        "CN104126878B",
        "CN104248043B",
        "US10765144B2",
        "US9913493B2",
        "US9609895B2",
        "US9558060B1",
        "FR3025442A1",
        "CN107847696B",
        "US9750282B2",
        "WO2016051334A1",
        "CA2963466A1",
        "JP6748075B2",
        "WO2016069884A2",
        "GB2535427A",
        "EA201790981A1",
        "WO2016073726A2",
        "GB2532062A",
        "US11051554B2",
        "CN104351950A",
        "CN106686993A",
        "CN104489931A",
        "CN104473323A",
        "EP3226704B1",
        "US10500600B2",
        "GB2533135B",
        "CN104770889A",
        "CN104382239A",
        "CN107072321B",
        "CN111713747B",
        "CN104544575B",
        "RU2681342C2",
        "GB201501060D0",
        "US10321711B2",
        "CN105266204B",
        "US10027016B2",
        "US9980516B2",
        "US10172388B2",
        "GB2531830B",
        "PL3282872T3",
        "EP3282873B1",
        "EP3282870A4",
        "US20180117268A1",
        "CN115759300A",
        "KR101677435B1",
        "US11000069B2",
        "US10238145B2",
        "PL3302109T3",
        "US20160345621A1",
        "WO2016193808A1",
        "US10426196B2",
        "US10226073B2",
        "US10362803B2",
        "CA2986506A1",
        "US10010114B2",
        "US10736356B2",
        "GB201511349D0",
        "US10328443B2",
        "GB201511358D0",
        "GB201511359D0",
        "JP6871875B2",
        "GB2540135B",
        "JP6971964B2",
        "EP3322310B1",
        "US10966460B2",
        "US11504489B2",
        "CN104957779B",
        "US11033054B2",
        "US11134544B2",
        "US10015987B2",
        "US10206429B2",
        "RU2607772C1",
        "US10524505B2",
        "CN105077599B",
        "CN105146760B",
        "US10492528B2",
        "EP3340817B1",
        "US20170055575A1",
        "US20170055583A1",
        "US20170055584A1",
        "GB2544371A",
        "WO2017037457A1",
        "US10034494B2",
        "US9877514B2",
        "GB201516729D0",
        "US10792685B2",
        "US10058125B2",
        "EP3155907B1",
        "US20170105448A1",
        "US10582726B2",
        "US10918134B2",
        "US20170112194A1",
        "CN105231491A",
        "EP3162229B1",
        "US20170119046A1",
        "KR20180078281A",
        "RU2721063C2",
        "MX2018005334A",
        "US10201187B2",
        "CN205196997U",
        "USD776869S1",
        "US10820630B2",
        "FR3043310B1",
        "US10021910B2",
        "US9955733B2",
        "US10440992B2",
        "GB201521626D0",
        "US9844233B2",
        "US11291252B2",
        "US10378526B2",
        "US10398174B2",
        "US10412996B2",
        "RU2722763C2",
        "US10624392B2",
        "US10092036B2",
        "US10051891B2",
        "US10194694B2",
        "US10258086B2",
        "US10104912B2",
        "US10015989B2",
        "WO2017155635A1",
        "USD861975S1",
        "EP3413960B1",
        "EP3419443A4",
        "US11412781B2",
        "KR101635340B1",
        "US20190037925A1",
        "US11357936B2",
        "MX2018010186A",
        "US10238146B2",
        "US10433580B2",
        "US10455863B2",
        "US20170251724A1",
        "US10368580B2",
        "DE102016002665A1",
        "US9936733B2",
        "US10231486B2",
        "US10405582B2",
        "US10368581B2",
        "US10278423B2",
        "US10357060B2",
        "US10264821B2",
        "GB201605102D0",
        "GB201605101D0",
        "US10334880B2",
        "US11207478B2",
        "US10321712B2",
        "MX2018011471A",
        "CN105639734B",
        "US10440996B2",
        "US10244795B2",
        "MX2018011473A",
        "US10905163B2",
        "US10333339B2",
        "US10945462B2",
        "CN105725280A",
        "US10028534B2",
        "CN108601399A",
        "CA3103090C",
        "US10405579B2",
        "US10179690B2",
        "CN105795526B",
        "CN105795527B",
        "CN105901775A",
        "US10111468B2",
        "USD849996S1",
        "US10959458B2",
        "USD836541S1",
        "USD848057S1",
        "USD851830S1",
        "US20180000161A1",
        "CN105962421B",
        "US10085485B2",
        "WO2018007887A1",
        "US10405581B2",
        "US10463078B2",
        "US10231485B2",
        "US10617151B2",
        "US10602775B2",
        "US9993025B2",
        "US9974338B2",
        "GB201612945D0",
        "US11019847B2",
        "US10729177B2",
        "US10051894B2",
        "US10143239B2",
        "US10765146B2",
        "DE102016114718B4",
        "RU2752391C2",
        "CN107752129A",
        "US20180070633A1",
        "CN106388002B",
        "US11660403B2",
        "US10080387B2",
        "US10440993B2",
        "GB201617246D0",
        "CN110072579B",
        "US10477896B2",
        "US20180103680A1",
        "US10440994B2",
        "CN108061673B",
        "US9864947B1",
        "US10492530B2",
        "US10524508B2",
        "US11103012B2",
        "US10172392B2",
        "US10524509B2",
        "US10206431B2",
        "US10653183B2",
        "US10537137B2",
        "CA3037639C",
        "CN113367388A",
        "CN110167366B",
        "US11013266B2",
        "US10092039B2",
        "US10842188B2",
        "JP6928658B2",
        "US10366641B2",
        "US10834967B2",
        "US10765148B2",
        "CN111869939A",
        "US10080388B2",
        "US10517326B2",
        "US20210052003A1",
        "WO2018146737A1",
        "US10827783B2",
        "JP7038058B2",
        "US10327479B2",
        "US10674765B2",
        "US10440995B2",
        "JP6909309B2",
        "US20180303157A1",
        "US10314340B2",
        "DE112017007475T5",
        "US10285444B2",
        "US11297876B2",
        "US10517330B2",
        "US11589621B2",
        "US11026451B2",
        "GB201709201D0",
        "US11053395B2",
        "CN107080293B",
        "TWI644626B",
        "US10575562B2",
        "CN107183786B",
        "CN110869077A",
        "US10842197B2",
        "US10349674B2",
        "US11337456B2",
        "US10791761B2",
        "USD887632S1",
        "US10667554B2",
        "US10505383B2",
        "US11039645B2",
        "US20190087302A1",
        "US10157265B1",
        "US10660370B2",
        "US10517332B2",
        "GB2569940B",
        "GB201718033D0",
        "US10806181B2",
        "US20200237002A1",
        "US10786010B2",
        "US10555558B2",
        "CN108185530A",
        "CA3089613A1",
        "US11019850B2",
        "US10813385B2",
        "US20190274354A1",
        "US10945465B2",
        "US10798969B2",
        "US11382356B2",
        "US11206864B2",
        "GB201805234D0",
        "CN208096025U",
        "KR102368183B1",
        "CN108308728A",
        "US10959459B2",
        "US10932490B2",
        "WO2019222836A1",
        "GB201808483D0",
        "CN110531159B",
        "CN108402528B",
        "USD876719S1",
        "US11191298B2",
        "US11723399B2",
        "US20200035118A1",
        "US10897925B2",
        "US11094993B2",
        "US10939707B2",
        "US11265974B2",
        "US11247005B2",
        "DE202018004625U1",
        "US11502466B2",
        "US10791767B2",
        "US11291249B2",
        "US11678700B2",
        "US10939702B2",
        "US20200128880A1",
        "KR20210089684A",
        "EP3876763B1",
        "JP2020096584A",
        "US11156766B2",
        "US11372153B2",
        "US11614720B2",
        "US11592793B2",
        "US11753750B2",
        "US20200154785A1",
        "US11547816B2",
        "US11300114B2",
        "US10888665B2",
        "US20200237018A1",
        "US11096419B2",
        "CN109619700B",
        "US20200245696A1",
        "US11456480B2",
        "US20200278707A1",
        "FR3093405B1",
        "US11324249B2",
        "US11602164B2",
        "CN109770438B",
        "US11676438B2",
        "US11783395B2",
        "US11690405B2",
        "WO2020223875A1",
        "US11517688B2",
        "US20200359703A1",
        "US11589425B2",
        "WO2021003438A1",
        "US20210015173A1",
        "US11330838B2",
        "US20210015175A1",
        "US20210015172A1",
        "US11395510B2",
        "US20210015177A1",
        "GB201910509D0",
        "USD907289S1",
        "KR102330305B1",
        "US11207711B2",
        "CN110353318B",
        "CA3149463A1",
        "US20220347401A1",
        "US11785991B2",
        "US10842189B1",
        "US10721973B1",
        "US11304451B2",
        "CN110665670A",
        "US11470689B2",
        "CN110693089B",
        "USD943158S1",
        "USD943161S1",
        "USD943160S1",
        "USD943159S1",
        "WO2021116895A2",
        "US11259569B2",
        "US11730191B2",
        "US11666713B2",
        "US11672928B2",
        "US11589610B2",
        "US11730193B2",
        "US20210195938A1",
        "WO2021134703A1",
        "US20210204593A1",
        "US11607511B2",
        "US11457665B2",
        "KR102328201B1",
        "US11793237B2",
        "US11751606B2",
        "US11109622B1",
        "EP3888662A1",
        "US20210315255A1",
        "US20210321655A1",
        "US20210321674A1",
        "US11439189B2",
        "US20210337877A1",
        "US11439185B2",
        "US11589616B2",
        "WO2021224878A1",
        "FR3110347B1",
        "KR20230034987A",
        "EP4152967A1",
        "US20220000178A1",
        "EP3935972B1",
        "KR102402071B1",
        "KR102494081B1",
        "US11771132B2",
        "WO2022049703A1",
        "KR20230068413A",
        "US11707088B2",
        "US11771136B2",
        "US20220104532A1",
        "US20220117299A1",
        "USD990765S1",
        "JP1714441S",
        "JP1714442S",
        "JP1715888S",
        "JP1714443S",
        "JP1714440S",
        "KR102523579B1",
        "US20220183389A1",
        "CN112617283B",
        "WO2022162142A1",
        "CA3212627A1",
        "CA3212628A1",
        "US20220312846A1",
        "US20220312855A1",
        "US20220312849A1",
        "US20220312848A1",
        "USD989384S1",
        "WO2022236742A1",
        "KR20220165537A",
        "WO2023275798A1",
        "US20230011010A1",
        "WO2023007440A1",
        "US20230056177A1",
        "CN113907427A",
        "US20230107943A1",
        "US20230105080A1",
        "WO2023064298A1",
        "KR20230072661A",
        "US20230188901A1",
        "US20230189877A1",
        "US20230189881A1"
    ]
}