{
    "patent_id": "US-11334635-B2",
    "title": "Domain specific natural language understanding of customer intent in self-help ",
    "assignee": "Intuit, Inc.",
    "publication_date": "2022-05-17",
    "patent_link": "https://patents.google.com/patent/US11334635B2/en",
    "inventors": [
        "Madelaine DAIANU",
        "Yao Morin",
        "Jonathan LUNT",
        "Joseph B. Cessna"
    ],
    "classifications": [
        "G06F16/9535",
        "G06F9/453",
        "G06F16/3344",
        "G06F16/3346",
        "G06F16/3347",
        "G06F16/338",
        "G06F16/90332",
        "G06F40/284",
        "G06F40/40",
        "G06N20/20",
        "G06N3/047",
        "G06N3/08",
        "G06N5/01",
        "G06N5/02",
        "G06N5/022",
        "G06Q40/123",
        "H04L67/306",
        "H04L67/535",
        "G06Q10/20",
        "H04L67/02"
    ],
    "abstract": "Method and apparatus for providing a personalized self-support service to a user of an online application coupled with an online community forum. Embodiments include obtaining a plurality of questions from the online community forum and obtaining historical user data. Embodiments further include identifying one or more part-of-speech words in the plurality of questions and generating a high-dimensional vector for each question of the plurality of questions based on a frequency of the one or more part-of-speech words. Embodiments further include identifying one or more user features of the plurality of users based on the historical user data and establishing, based on the historical user data, one or more statistical correlations between user features and part-of-speech words. Embodiments further include training a predictive model based on the one or more statistical correlations. Embodiments further include using the predictive model to predict to provide one or more relevant questions to the user.",
    "claims": "\n1. A computer-implemented method for providing a personalized self-support service comprising:\nobtaining a plurality of questions from an online community forum;\nobtaining historical user data comprising:\nclickstream data of a plurality of users who accessed at least one of the plurality of questions;\nprofile data of the plurality of users; and\napplication context data of the plurality of users;\nidentifying a part-of-speech word in the plurality of questions from the online community forum;\ngenerating a plurality of multi-dimensional vectors comprising a respective multi-dimensional vector for each respective question of the plurality of questions based on a frequency of the part-of-speech word in each respective question of the plurality of questions;\nidentifying one or more user features of the plurality of users based on the historical user data, wherein at least one of the one or more user features is based on the application context data;\nestablishing one or more statistical correlations, based on the historical user data, between the at least one of the one or more user features and the part-of-speech word;\ndetermining, using the one or more statistical correlations, part-of-speech words relevant to the plurality of users;\npredicting, using the one or more statistical correlations and the part-of-speech words relevant to the plurality of users, part-of-speech words relevant to a user of an online application associated with the online community forum based on at least one user feature of the user of the online application;\ngenerating a multi-dimensional vector for the user of the online application based on the predicted part-of-speech words relevant to the user;\ncomputing a plurality of similarity metrics comprising a similarity metric between each of the plurality of multi-dimensional vectors for the plurality of questions and the multi-dimensional vector for the user of the online application;\nranking the multi-dimensional vectors for the plurality of questions in order of relevance based on the plurality of similarity metrics; and\nproviding one or more relevant questions to the user of the online application via a user interface of the online application based on the ranking.\n2. The computer-implemented method of claim 1, wherein providing the one or more relevant questions to the user of the online application via the user interface of the online application based on the ranking comprises identifying the one or more relevant questions from an online community forum that are represented by one or more of the multi-dimensional vectors for the plurality of questions.\n3. The computer-implemented method of claim 1, wherein each one of the plurality of multi-dimensional vectors comprises weights associated with the part-of-speech word based on frequency.\n4. The computer-implemented method of claim 1, wherein identifying the part- of-speech word comprises identifying the part-of-speech word in titles of the plurality of questions from the online community forum.\n5. The computer-implemented method of claim 1, further comprising providing one or more answers to the user of the online application via the user interface of the online application.\n6. The computer-implemented method of claim 1, wherein providing the one or more relevant questions to the user of the online application via the user interface of the online application comprises selecting the one or more relevant questions based on a maximum number of displayed questions.\n7. The computer-implemented method of claim 1, wherein the online application comprises a tax preparation application and wherein the application context data comprises one or more of: electronic filing status data; tab data; and sub-tab data.\n8. A system comprising:\na processor; and\na non-transitory computer-readable storage medium containing instructions that, when executed by the processor, cause the system to perform a method for providing a personalized self-support service, the method comprising:\nobtaining a plurality of questions from an online community forum;\nobtaining historical user data comprising:\nclickstream data of a plurality of users who accessed at least one of the plurality of questions;\nprofile data of the plurality of users; and\napplication context data of the plurality of users;\nidentifying a part-of-speech word in the plurality of questions from the online community forum;\ngenerating a plurality of multi-dimensional vectors comprising a respective multi-dimensional vector for each respective question of the plurality of questions based on a frequency of the part-of-speech word in each respective question of the plurality of questions;\nidentifying one or more user features of the plurality of users based on the historical user data, wherein at least one of the one or more user features is based on the application context data;\nestablishing one or more statistical correlations, based on the historical user data, between the at least one of the one or more user features and the part-of-speech word;\ndetermining, using the one or more statistical correlations, part-of-speech words relevant to the plurality of users;\npredicting, using the one or more statistical correlations and the part-of-speech words relevant to the plurality of users, part-of-speech words relevant a user of an online application associated with the online community forum based on at least one user feature of the user of the online application;\ngenerating a multi-dimensional vector for the user of the online application based on the predicted part-of-speech words relevant to the user;\ncomputing a plurality of similarity metrics comprising a similarity metric between each of the plurality of multi-dimensional vectors for the plurality of questions and the multi-dimensional vector for the user of the online application;\nranking the multi-dimensional vectors for the plurality of questions in order of relevance based on the plurality of similarity metrics; and\nproviding one or more relevant questions to the user of the online application via a user interface of the online application based on the ranking.\n9. The system of claim 8, wherein providing the one or more relevant questions to the user of the online application via the user interface of the online application based on the ranking comprises identifying the one or more relevant questions from an online community forum that are represented by one or more of the multi-dimensional vectors for the plurality of questions.\n10. The system of claim 8, wherein each one of the plurality of multi-dimensional vectors comprises weights associated with the part-of-speech word based on frequency.\n11. The system of claim 8, wherein identifying the part-of-speech word comprises identifying the part-of-speech word in titles of the plurality of questions from the online community forum.\n12. The system of claim 8, wherein the method further comprises providing one or more answers to the user of the online application via the user interface of the online application.\n13. The system of claim 8, wherein providing the one or more relevant questions to the user of the online application via the user interface of the online application comprises selecting the one or more relevant questions based on a maximum number of displayed questions.\n14. The system of claim 8, wherein the online application comprises a tax preparation application and wherein the application context data comprises one or more of: electronic filing status data; tab data; and sub-tab data.\n15. A computer-implemented method for providing a personalized self-support service, comprising:\nobtaining a plurality of questions from an online community forum;\nobtaining historical user data comprising:\nclickstream data of a plurality of users who accessed at least one of the plurality of questions;\nprofile data of the plurality of users; and\napplication context data of the plurality of users;\nidentifying a part-of-speech word in the plurality of questions from the online community forum;\ngenerating a plurality of multi-dimensional vectors comprising a respective multi-dimensional vector for each respective question of the plurality of questions based on a frequency of the part-of-speech word in each respective question of the plurality of questions;\nidentifying one or more user features of the plurality of users based on the historical user data, wherein at least one of the one or more user features is based on the application context data;\nestablishing one or more statistical correlations, based on the historical user data, between the at least one of the one or more user features and the part-of-speech word;\ndetermining, using the one or more statistical correlations, part-of-speech words relevant to the plurality of users;\npredicting, using the one or more statistical correlations and the part-of-speech words relevant to the plurality of users, part-of-speech words relevant to a user of an online application associated with the online community forum based on at least one user feature of the user of the online application;\ngenerating a multi-dimensional vector for the user of the online application based on the predicted part-of-speech words relevant to the user;\ncomputing a plurality of similarity scores comprising a similarity score between each of the plurality of multi-dimensional vectors and the multi-dimensional vector for the user of the online application by determining a respective angle between the multi-dimensional vector for the user and each respective multi-dimensional vector of the plurality of multi-dimensional vectors, wherein a smaller respective angle results in a higher similarity score;\nranking the plurality of multi-dimensional vectors in order of relevance based on the similarity score between each of the plurality of multi-dimensional vectors and the multi-dimensional vector for the user; and\nproviding one or more relevant questions to the user of the online application via a user interface of the online application based on the ranking.\n16. The computer-implemented method of claim 15, wherein providing the one or more relevant questions to the user of the online application via the user interface of the online application based on the ranking comprises identifying the one or more relevant questions from an online community forum that are represented by one or more of the multi-dimensional vectors for the plurality of questions.\n17. The computer-implemented method of claim 15, wherein each one of the plurality of multi-dimensional vectors comprises weights associated with the part-of-speech word based on frequency.\n18. The computer-implemented method of claim 15, wherein identifying the part-of-speech word comprises identifying the part-of-speech word in titles of the plurality of questions from the online community forum.\n19. The computer-implemented method of claim 15, further comprising providing one or more answers to the user of the online application via the user interface of the online application.\n20. The computer-implemented method of claim 15, wherein providing the one or more relevant questions to the user of the online application via the user interface of the online application comprises selecting the one or more relevant questions based on a maximum number of displayed questions.",
    "status": "Active",
    "citations_own": [
        "KR20060050397A",
        "KR100856916B1",
        "US20100191686A1",
        "US20130282713A1",
        "US20140280294A1",
        "US20160364101A1",
        "KR101780237B1",
        "US20190042557A1",
        "US20190163681A1",
        "US10331402B1"
    ],
    "citations_ftf": [
        "US11354755B2"
    ],
    "citedby_own": [],
    "citedby_ftf": [
        "US9318108B2",
        "US8977255B2",
        "US8676904B2",
        "US10706373B2",
        "US10417037B2",
        "WO2014124332A2",
        "US10652394B2",
        "US10748529B1",
        "US10176167B2",
        "US9715875B2",
        "US10170123B2",
        "AU2015266863B2",
        "US9338493B2",
        "US9886953B2",
        "US10200824B2",
        "US10671428B2",
        "US10747498B2",
        "US10691473B2",
        "US10586535B2",
        "DK201670540A1",
        "DK180048B1",
        "US10726832B2",
        "DK179496B1",
        "DK201770429A1",
        "DK179745B1",
        "US20180336892A1",
        "US10303715B2",
        "US10818288B2",
        "JP7172101B2",
        "WO2019207909A1",
        "US10928918B2",
        "US11145294B2",
        "WO2019217096A1",
        "US11138519B1",
        "DK179822B1",
        "DK180639B1",
        "US10892996B2",
        "US10824658B2",
        "US10915588B2",
        "US11580301B2",
        "US11797869B2",
        "US11348573B2",
        "US10607598B1",
        "US11403700B2",
        "EP3734471A1",
        "GB2590206A",
        "US11217251B2",
        "US11307752B2",
        "DK201970511A1",
        "DK180129B1",
        "US11468890B2",
        "CN112307072A",
        "US11705114B1",
        "US11436489B2",
        "WO2021108679A1",
        "KR20210070623A",
        "CN111461947A",
        "US11183193B1",
        "US11755276B2",
        "US11314829B2",
        "US11438683B2",
        "US20220043539A1",
        "CN112235470B",
        "CN116091120B"
    ]
}