{
    "patent_id": "US-11419608-B2",
    "title": "Interlocking buttress material retention system ",
    "assignee": "Covidien Lp",
    "publication_date": "2022-08-23",
    "patent_link": "https://patents.google.com/patent/US11419608B2/en",
    "inventors": [
        "Megan L. (Prommersberger) Stopek"
    ],
    "classifications": [
        "A61B17/105",
        "A61B17/0682",
        "A61B17/0686",
        "A61B17/072",
        "A61B17/07207",
        "A61B17/07292",
        "A61B17/32",
        "A61B17/068",
        "A61B2017/00004",
        "A61B2017/00893",
        "A61B2017/07214",
        "A61B2017/320052"
    ],
    "abstract": "A surgical stapler is provided having a pair of jaws including a staple containing cartridge and an anvil. Buttress material is releasable affixed to the staple containing cartridge and the anvil. One of the jaws includes a pair of longitudinal projections at a first end of the jaw and configured to frictionally engage corresponding slots in a first end the buttress material. One of the jaws includes a post at a second end of the jaw. The buttress material includes a hole in a second end of the buttress material for receipt of the post.",
    "claims": "\n1. An anvil buttress retention system, comprising:\nan anvil including a tissue facing surface defining a longitudinal slot therein, the tissue facing surface including a post extending therefrom, the post defining a channel therethrough that is aligned with the longitudinal slot; and\na buttress material disposed on the tissue facing surface of the anvil and releasably engaged with the post.\n2. The anvil buttress retention system according to claim 1, wherein the buttress material includes a hole defined therethrough that is engaged with the post.\n3. The anvil buttress retention system according to claim 1, wherein the post includes an enlarged cap having a flange facing the tissue facing surface, the buttress material positioned between the flange and the tissue facing surface.\n4. The anvil buttress retention system according to claim 1, wherein the tissue facing surface of the anvil includes a projection extending therefrom, the post disposed at a first end portion of the anvil and the projection disposed at a second end portion of the anvil, the buttress material releasably engaged with the projection.\n5. The anvil buttress retention system according to claim 4, wherein the projection is disposed laterally of the longitudinal slot.\n6. The anvil buttress retention system according to claim 4, wherein the projection is a first projection and the tissue facing surface of the anvil includes a second projection extending therefrom, the second projection disposed substantially parallel to the first projection and releasably engaged with the buttress material.\n7. The anvil buttress retention system according to claim 4, wherein the buttress material includes a cutout defined therethrough that is engaged with the projection.\n8. The anvil buttress retention system according to claim 7, wherein the cutout of the buttress material is defined through an outer terminal edge of the buttress material.\n9. A cartridge buttress retention system, comprising:\na staple cartridge including a tissue facing surface defining a knife channel therethrough, the tissue facing surface including a post extending therefrom, the post defining a channel therethrough that is aligned with the knife channel; and\na buttress material disposed on the tissue facing surface of the staple cartridge and releasably engaged with the post.\n10. The cartridge buttress retention system according to claim 9, wherein the buttress material includes a hole defined therethrough that is engaged with the post.\n11. The cartridge buttress retention system according to claim 9, wherein the post includes an enlarged cap having a flange facing the tissue facing surface, the buttress material positioned between the flange and the tissue facing surface.\n12. The cartridge buttress retention system according to claim 9, wherein the tissue facing surface of the staple cartridge includes a projection extending therefrom, the post disposed at a first end portion of the staple cartridge and the projection disposed at a second end portion of the staple cartridge, the buttress material releasably engaged with the projection.\n13. The cartridge buttress retention system according to claim 12, wherein the projection is disposed laterally of the knife channel.\n14. The cartridge buttress retention system according to claim 12, wherein the projection is a first projection and the tissue facing surface of the staple cartridge includes a second projection extending therefrom, the second projection disposed substantially parallel to the first projection and releasably engaged with the buttress material.\n15. The cartridge buttress retention system according to claim 12, wherein the buttress material includes a cutout defined therethrough that is engaged with the projection.\n16. The cartridge buttress retention system according to claim 15, wherein the cutout of the buttress material is defined through an outer terminal edge of the buttress material.",
    "status": "Active",
    "citations_own": [
        "DE1602563U",
        "US3054406A",
        "US3079606A",
        "US3124136A",
        "US3364200A",
        "US3490675A",
        "US3499591A",
        "US3797494A",
        "US3939068A",
        "US3948666A",
        "US4064062A",
        "US4166800A",
        "US4282236A",
        "US4347847A",
        "US4354628A",
        "US4416698A",
        "US4429695A",
        "US4452245A",
        "US4605730A",
        "US4626253A",
        "US4655221A",
        "US4834090A",
        "US4838884A",
        "EP0327022A2",
        "US4927640A",
        "WO1990005489A1",
        "US4930674A",
        "US5002551A",
        "US5014899A",
        "US5040715A",
        "US5057334A",
        "US5065929A",
        "US5112496A",
        "US5162430A",
        "US5205459A",
        "US5263629A",
        "US5281197A",
        "EP0594148A1",
        "US5307976A",
        "US5312023A",
        "US5314471A",
        "US5318221A",
        "US5326013A",
        "US5332142A",
        "US5344454A",
        "US5392979A",
        "US5397324A",
        "US5405072A",
        "US5410016A",
        "WO1995016221A1",
        "US5441507A",
        "US5441193A",
        "US5443198A",
        "US5468253A",
        "US5484913A",
        "US5503638A",
        "US5514379A",
        "WO1996022055A1",
        "US5543441A",
        "US5542594A",
        "US5550187A",
        "WO1997001989A1",
        "WO1997013463A1",
        "US5645915A",
        "US5683809A",
        "US5690675A",
        "US5702409A",
        "WO1998017180A1",
        "US5752974A",
        "US5762256A",
        "US5766188A",
        "US5769892A",
        "US5782396A",
        "US5799857A",
        "CA2282761A1",
        "US5810855A",
        "US5814057A",
        "US5819350A",
        "US5843096A",
        "US5871135A",
        "US5874500A",
        "US5895412A",
        "US5895415A",
        "WO1999026826A2",
        "US5931847A",
        "WO1999045849A1",
        "US5957363A",
        "US5997895A",
        "US6019791A",
        "US6030392A",
        "WO2000010456A1",
        "US6032849A",
        "WO2000016684A1",
        "JP2000166933A",
        "US6080169A",
        "US6093557A",
        "US6142933A",
        "US6149667A",
        "US6152943A",
        "DE19924311A1",
        "US6156677A",
        "US6155265A",
        "US6165201A",
        "EP1064883A1",
        "US6179862B1",
        "US6210439B1",
        "US6214020B1",
        "US6241139B1",
        "US6258107B1",
        "US6270530B1",
        "US6273897B1",
        "US6280453B1",
        "US6299631B1",
        "US6309569B1",
        "US6312457B1",
        "US6312474B1",
        "US20020028243A1",
        "US20020086990A1",
        "US20020091397A1",
        "JP2002202213A",
        "US6436030B2",
        "US6454780B1",
        "US6461368B2",
        "US20020151911A1",
        "US20020165559A1",
        "US20020165563A1",
        "US6500777B1",
        "US6514534B1",
        "US6517566B1",
        "US20030065345A1",
        "US6551356B2",
        "US20030078209A1",
        "US6566406B1",
        "US6568398B2",
        "US20030120284A1",
        "US20030125676A1",
        "US6590095B1",
        "US6605294B2",
        "US6610006B1",
        "US20030181927A1",
        "US6627749B1",
        "US20030183671A1",
        "US20030196668A1",
        "WO2003088845A2",
        "US20030208231A1",
        "WO2003094743A1",
        "US6656200B2",
        "WO2003105698A2",
        "US6669735B1",
        "US6677258B2",
        "US6685714B2",
        "US6703047B2",
        "US6702828B2",
        "US6704210B1",
        "US6726706B2",
        "US20040092912A1",
        "US20040093029A1",
        "US6736823B2",
        "US6736854B2",
        "US6746458B1",
        "US20040131418A1",
        "US6764720B2",
        "US6773458B1",
        "US6818018B1",
        "US20040254590A1",
        "US20040260315A1",
        "US20050002981A1",
        "US20050006429A1",
        "US20050021085A1",
        "US20050059996A1",
        "US20050059997A1",
        "US20050070929A1",
        "US6896684B2",
        "US20050118435A1",
        "US20050131225A1",
        "US20050143756A1",
        "US20050149073A1",
        "US20050154093A1",
        "US6927315B1",
        "WO2005079675A2",
        "US6946196B2",
        "US6959851B2",
        "US20050283256A1",
        "US20060008505A1",
        "EP1621141A2",
        "WO2006023578A2",
        "US7009034B2",
        "US7025772B2",
        "US20060085030A1",
        "WO2006044490A2",
        "US20060121266A1",
        "US20060173470A1",
        "US7087065B2",
        "US20060178683A1",
        "US20060190027A1",
        "US7108701B2",
        "EP1702570A1",
        "US20060219752A1",
        "US7141055B2",
        "US20060271104A1",
        "US7160299B2",
        "US20070026031A1",
        "US20070034669A1",
        "US7179268B2",
        "US20070054880A1",
        "US7210810B1",
        "JP2007124166A",
        "US20070123839A1",
        "US7232449B2",
        "US7241300B2",
        "US7247338B2",
        "US20070175961A1",
        "US20070179528A1",
        "EP1825820A1",
        "US20070203510A1",
        "US20070213522A1",
        "US20070237742A1",
        "US20070237741A1",
        "US20070243227A1",
        "US20070246505A1",
        "US7307031B2",
        "US7311720B2",
        "US20080009811A1",
        "US20080029570A1",
        "US7334717B2",
        "US7347850B2",
        "US20080082126A1",
        "CA2667434A1",
        "WO2008057281A2",
        "EP1929958A2",
        "US20080164440A1",
        "US20080169329A1",
        "US20080169328A1",
        "US20080194805A1",
        "US20080220047A1",
        "US20080216855A1",
        "WO2008109125A1",
        "US7438209B1",
        "EP1994890A1",
        "US20080308608A1",
        "EP2005895A2",
        "EP2008959A1",
        "CN101332110A",
        "US20090031842A1",
        "US20090076510A1",
        "US20090076528A1",
        "EP2039308A2",
        "US20090095791A1",
        "US20090120994A1",
        "US20090134200A1",
        "EP2090252A2",
        "US20090220560A1",
        "US20090218384A1",
        "US7594921B2",
        "US20090263441A1",
        "US7611494B2",
        "US20090277947A1",
        "US20100016855A1",
        "US20100016888A1",
        "US20100012703A1",
        "US7666198B2",
        "EP2163211A2",
        "US20100065660A1",
        "US20100087840A1",
        "US20100096481A1",
        "US7717313B2",
        "US7722642B2",
        "EP2189121A1",
        "US20100147923A1",
        "US20100147921A1",
        "WO2010075298A2",
        "US20100174253A1",
        "US20100203151A1",
        "US7799026B2",
        "JP2010214132A",
        "US20100243708A1",
        "US20100243707A1",
        "US20100249805A1",
        "US20100243711A1",
        "US7819896B2",
        "US7824420B2",
        "EP2258282A2",
        "US20100331880A1",
        "US20100331859A1",
        "US20110034910A1",
        "US20110036894A1",
        "US7892247B2",
        "US7909837B2",
        "US20110082427A1",
        "US20110087279A1",
        "EP2311386A2",
        "US20110089375A1",
        "US20110125138A1",
        "US7951248B1",
        "US20110166673A1",
        "US20110215132A1",
        "US8025199B2",
        "US8033483B2",
        "US8033983B2",
        "US20110282446A1",
        "US20110278346A1",
        "US20110293690A1",
        "US8127975B2",
        "US8133336B2",
        "US8133559B2",
        "US20120074199A1",
        "EP2436348A1",
        "US20120080336A1",
        "WO2012044848A1",
        "US20120145767A1",
        "US20120156289A1",
        "US20120187179A1",
        "EP2491867A1",
        "EP2497431A1",
        "US20120241493A1",
        "US20120241491A1",
        "US20120241499A1",
        "US20120253298A1",
        "EP2517637A1",
        "US8322590B2",
        "US20130037596A1",
        "US8393517B2",
        "EP2586380A1",
        "US20130146641A1",
        "EP2604197A2",
        "EP2604195A1",
        "US20130153635A1",
        "US20130153638A1",
        "US20130153633A1",
        "US20130153640A1",
        "EP2620105A1",
        "EP2620106A2",
        "US20130193192A1",
        "US20130209659A1",
        "EP2630922A1",
        "US8540131B2",
        "EP2644125A2",
        "US8579990B2",
        "US8584920B2",
        "US20140021242A1",
        "US20140048580A1",
        "US20140061280A1",
        "US20140097224A1",
        "US20140131418A1",
        "US20140131419A1",
        "US20140138423A1",
        "US20140151431A1",
        "US20140155916A1",
        "US20140166721A1",
        "US20140197224A1",
        "US20140203061A1",
        "EP2762091A2",
        "US20140217147A1",
        "US20140224686A1",
        "US20140239046A1",
        "US20140239047A1",
        "US20140252062A1",
        "US20150115015A1",
        "US20150122872A1",
        "US20150133995A1",
        "US20150157321A1",
        "US20150231409A1",
        "US9113893B2",
        "US20150305743A1",
        "US9328111B2",
        "US9326768B2",
        "US20160128694A1",
        "US9358005B2",
        "US20170119390A1",
        "US20170354415A1",
        "US20180125491A1",
        "US20180250000A1",
        "US20180256164A1"
    ],
    "citations_ftf": [
        "US312436A",
        "AU2001234656A1",
        "US7908635B2",
        "US6974462B2",
        "US20080131831A1",
        "EP3667119A1"
    ],
    "citedby_own": [],
    "citedby_ftf": [
        "US5865361A",
        "CA2489328C",
        "US9060770B2",
        "US20070084897A1",
        "US8215531B2",
        "US8905977B2",
        "US7845536B2",
        "EP2441396B1",
        "US7938307B2",
        "US7942890B2",
        "US9364229B2",
        "FR2884134B1",
        "US7934630B2",
        "US7669746B2",
        "US8800838B2",
        "US11484312B2",
        "US10159482B2",
        "US11246590B2",
        "US9237891B2",
        "US20070194079A1",
        "US20070106317A1",
        "US20110006101A1",
        "US7766210B2",
        "US8161977B2",
        "US7753904B2",
        "US8763879B2",
        "US8820603B2",
        "US20120292367A1",
        "US7770775B2",
        "US7568603B2",
        "US11793518B2",
        "US20110024477A1",
        "US11278279B2",
        "US11224427B2",
        "US9861359B2",
        "US20110290856A1",
        "US8186555B2",
        "US7845537B2",
        "US8708213B2",
        "US9629626B2",
        "US7793813B2",
        "US8992422B2",
        "US20070225562A1",
        "JP5148598B2",
        "US8322455B2",
        "US7740159B2",
        "US8360297B2",
        "US10130359B2",
        "US10568652B2",
        "US7637410B2",
        "CA2665206C",
        "US7845533B2",
        "US8961551B2",
        "US7721936B2",
        "US11291441B2",
        "US8652120B2",
        "US8459520B2",
        "US7721931B2",
        "US8684253B2",
        "US7900805B2",
        "US7738971B2",
        "US7954682B2",
        "US11039836B2",
        "US20080169333A1",
        "US8011555B2",
        "US8011550B2",
        "JP2010520025A",
        "US20090001130A1",
        "US8893946B2",
        "US8056787B2",
        "US8038045B2",
        "US7810693B2",
        "US7798386B2",
        "US8157145B2",
        "US7819299B2",
        "US8931682B2",
        "US11564682B2",
        "US7832408B2",
        "US7905380B2",
        "US8534528B2",
        "US7950561B2",
        "US7665646B2",
        "US7731072B2",
        "US7753245B2",
        "US8308040B2",
        "US8062330B2",
        "US8061576B2",
        "ES2426767T3",
        "US8453908B2",
        "US8540133B2",
        "US8348129B2",
        "US7766209B2",
        "US8561870B2",
        "US7810692B2",
        "US7819297B2",
        "US8459525B2",
        "US9179912B2",
        "US7819296B2",
        "US8657174B2",
        "US8636736B2",
        "US7793812B2",
        "US8752749B2",
        "US8573465B2",
        "US8622274B2",
        "US7861906B2",
        "BRPI0901282A2",
        "US8584919B2",
        "US7866527B2",
        "US8758391B2",
        "US7913891B2",
        "US7819298B2",
        "US7857185B2",
        "US7980443B2",
        "US20220175372A1",
        "US8608044B2",
        "US20090206131A1",
        "US9615826B2",
        "US20090206126A1",
        "US7959051B2",
        "US11272927B2",
        "JP5075761B2",
        "US7922061B2",
        "GB2471815A",
        "US8701959B2",
        "US7837080B2",
        "US20100069942A1",
        "US8083120B2",
        "US7832612B2",
        "US8210411B2",
        "US7988028B2",
        "US9050083B2",
        "US8628544B2",
        "US11648005B2",
        "US9005230B2",
        "US9386983B2",
        "US7896214B2",
        "US8279242B2",
        "US8608045B2",
        "US8020743B2",
        "US20100147921A1",
        "US8414577B2",
        "US8397971B2",
        "US8485413B2",
        "US20100193566A1",
        "US8517239B2",
        "EP2393430A1",
        "US8444036B2",
        "US8317071B1",
        "AU2016269541B2",
        "AU2014268183B2",
        "US7967179B2",
        "US9486215B2",
        "AU2014268180B2",
        "US8016178B2",
        "US8348126B2",
        "US8365972B2",
        "US7988027B2",
        "US8292154B2",
        "US8132706B2",
        "US8801784B2",
        "US8342378B2",
        "US9693772B2",
        "US9610080B2",
        "US8157151B2",
        "US20150231409A1",
        "US10293553B2",
        "US10842485B2",
        "US8418907B2",
        "US20110114697A1",
        "US8136712B2",
        "US8220688B2",
        "US8851354B2",
        "US8267300B2",
        "US8608046B2",
        "US8348127B2",
        "US8858577B2",
        "US8783543B2",
        "US8801734B2",
        "US8789740B2",
        "US8360296B2",
        "US8632525B2",
        "US9289212B2",
        "US9877720B2",
        "US8733613B2",
        "BR112013007800B1",
        "BR112013007618B1",
        "US9332974B2",
        "US20220175370A1",
        "US9517063B2",
        "US9220501B2",
        "US9307989B2",
        "US20190290267A1",
        "JP5868984B2",
        "US11298125B2",
        "US9386988B2",
        "US9055941B2",
        "US9314246B2",
        "US9211120B2",
        "CN103153209B",
        "JP5902180B2",
        "BR112013007629B8",
        "US9113865B2",
        "US9364233B2",
        "US8752699B2",
        "US9566061B2",
        "US9204880B2",
        "US8893949B2",
        "US9277919B2",
        "US10945731B2",
        "US9629814B2",
        "US9414838B2",
        "US8695866B2",
        "US8899461B2",
        "US8900616B2",
        "US8308041B2",
        "US8348130B2",
        "US9084602B2",
        "US8852214B2",
        "US8479968B2",
        "US8734478B2",
        "US9044229B2",
        "US8800841B2",
        "US8926598B2",
        "US9812074B2",
        "US9117384B2",
        "US8789737B2",
        "AU2012250197B2",
        "US9072535B2",
        "US11207064B2",
        "US9271728B2",
        "US9289209B2",
        "US9451959B2",
        "US8763876B2",
        "US20130012958A1",
        "US9539007B2",
        "US9724095B2",
        "US9155537B2",
        "US8789739B2",
        "US9101359B2",
        "US20130068816A1",
        "US9198644B2",
        "US9393018B2",
        "US20130075447A1",
        "US8985429B2",
        "US9050084B2",
        "US9016539B2",
        "US9675351B2",
        "US8584920B2",
        "US8740036B2",
        "US9010608B2",
        "US9351731B2",
        "US8967448B2",
        "US9351732B2",
        "US9237892B2",
        "US9113885B2",
        "US10299815B2",
        "US8864010B2",
        "US9010612B2",
        "US9010609B2",
        "US9326773B2",
        "US9931116B2",
        "US9044230B2",
        "US8820606B2",
        "US8979827B2",
        "US9078653B2",
        "MX353040B",
        "JP6105041B2",
        "US20130256373A1",
        "BR112014024102B1",
        "US9198662B2",
        "US9526497B2",
        "US9101358B2",
        "US9561038B2",
        "US20140005718A1",
        "US8747238B2",
        "US9125662B2",
        "US20140001231A1",
        "US20140001234A1",
        "JP6290201B2",
        "US9072536B2",
        "US9282974B2",
        "US9028494B2",
        "US9101385B2",
        "US9289256B2",
        "BR112014032776B1",
        "US11202631B2",
        "US9119657B2",
        "US9232944B2",
        "US9572576B2",
        "US11253252B2",
        "US10835241B2",
        "US9427309B2",
        "US10390935B2",
        "US10219804B2",
        "FR2994185B1",
        "AU2013206804B2",
        "US20140048580A1",
        "US9700310B2",
        "US9161753B2",
        "US9386985B2",
        "US9364217B2",
        "US20140131418A1",
        "US9192384B2",
        "US9295466B2",
        "US9681936B2",
        "US9402627B2",
        "US9522002B2",
        "WO2014106275A1",
        "US9204881B2",
        "US9345480B2",
        "US9433420B2",
        "US9192383B2",
        "US9414839B2",
        "MX2015010214A",
        "CN105899148B",
        "US9386984B2",
        "US9504470B2",
        "US20140239047A1",
        "US10092292B2",
        "US9326767B2",
        "RU2672520C2",
        "BR112015021082B1",
        "US10561432B2",
        "US9782173B2",
        "US20140263552A1",
        "US9717498B2",
        "US9629628B2",
        "US9668728B2",
        "US9814463B2",
        "US9351727B2",
        "US9629629B2",
        "US9925366B2",
        "US9918737B2",
        "US9980743B2",
        "US10842532B2",
        "US9668765B2",
        "US10448999B2",
        "US9510827B2",
        "US9572577B2",
        "US9332984B2",
        "US9795384B2",
        "BR112015026109B1",
        "US10136887B2",
        "US9574644B2",
        "US9445810B2",
        "RU2678363C2",
        "US9662108B2",
        "US20140171986A1",
        "US9655620B2",
        "CN105682570B",
        "WO2015065487A1",
        "CA2926748A1",
        "US9700311B2",
        "US10485545B2",
        "US9867613B2",
        "US9724092B2",
        "US20150173756A1",
        "US9839428B2",
        "US9968354B2",
        "US9642620B2",
        "US9681870B2",
        "US9962161B2",
        "US9848874B2",
        "US20140166726A1",
        "CN106232029B",
        "WO2015134383A1",
        "WO2015134682A1",
        "US10499908B2",
        "US11583384B2",
        "WO2015138760A1",
        "US9804618B2",
        "US10004497B2",
        "US9743929B2",
        "US9913642B2",
        "BR112016021943B1",
        "US9757126B2",
        "US20150297223A1",
        "JP6636452B2",
        "BR112016023825B1",
        "US11185330B2",
        "US10206677B2",
        "RU2695564C2",
        "US9668733B2",
        "US9844378B2",
        "US9861366B2",
        "US10512461B2",
        "US20150351753A1",
        "US10045781B2",
        "US11311294B2",
        "BR112017004361B1",
        "US9724094B2",
        "US10105142B2",
        "MX2017003960A",
        "US11523821B2",
        "US10076325B2",
        "US9924944B2",
        "US10517594B2",
        "US11141153B2",
        "US9844376B2",
        "US10736636B2",
        "BR112017012996B1",
        "US10117649B2",
        "US10004501B2",
        "US9987000B2",
        "US9844375B2",
        "US9844374B2",
        "US10188385B2",
        "US10085748B2",
        "US10835216B2",
        "CN104490437B",
        "US10470767B2",
        "USD770616S1",
        "USD765243S1",
        "US10039545B2",
        "US10285698B2",
        "US10085749B2",
        "US10180463B2",
        "US11154301B2",
        "US10159483B2",
        "US10226250B2",
        "US10687806B2",
        "US10245033B2",
        "US10052044B2",
        "US10617412B2",
        "US9808246B2",
        "US9895148B2",
        "US10045776B2",
        "US9924961B2",
        "US10441279B2",
        "US9901342B2",
        "US9993248B2",
        "US9918717B2",
        "US10213201B2",
        "US11020578B2",
        "US10463368B2",
        "US10299789B2",
        "US10117650B2",
        "US10039532B2",
        "JP6420501B6",
        "US10172615B2",
        "US10349941B2",
        "JPWO2016199258A1",
        "US10154841B2",
        "US10548599B2",
        "US9987012B2",
        "US10064622B2",
        "US10045782B2",
        "US11058425B2",
        "US10390829B2",
        "BR112018003693B1",
        "US10569071B2",
        "US10076329B2",
        "US10245034B2",
        "US10130738B2",
        "US10279086B2",
        "US10251648B2",
        "MX2022006191A",
        "CN105079889A",
        "US10363036B2",
        "US10085751B2",
        "US10327769B2",
        "US10076326B2",
        "US10105139B2",
        "US10238386B2",
        "US10299878B2",
        "US10271849B2",
        "US10478188B2",
        "US10980539B2",
        "US20220061843A1",
        "US10213204B2",
        "US10772632B2",
        "US10499918B2",
        "US10595864B2",
        "US10111660B2",
        "US10368865B2",
        "US10265068B2",
        "US10292704B2",
        "US10966717B2",
        "US10660623B2",
        "US11213293B2",
        "JP6911054B2",
        "US10433837B2",
        "US10349937B2",
        "US10420559B2",
        "US10448948B2",
        "US11224426B2",
        "US10258331B2",
        "US10856867B2",
        "US10357246B2",
        "US10617413B2",
        "US11284890B2",
        "US10285705B2",
        "US11607239B2",
        "US10357247B2",
        "US10456137B2",
        "US10492783B2",
        "US10335145B2",
        "US10426467B2",
        "US10405859B2",
        "US11179150B2",
        "US10828028B2",
        "US20170296173A1",
        "US11317917B2",
        "US10363037B2",
        "US10561419B2",
        "US11065022B2",
        "US10959731B2",
        "USD847989S1",
        "CN109310431B",
        "CN109414263B",
        "USD850617S1",
        "USD822206S1",
        "US10675024B2",
        "USD826405S1",
        "US11696822B2",
        "US10631857B2",
        "US11642126B2",
        "US10492784B2",
        "US11026686B2",
        "US10463371B2",
        "US10426471B2",
        "US11090048B2",
        "JP7010956B2",
        "US11134942B2",
        "US10758229B2",
        "US10758230B2",
        "US10639035B2",
        "US10624635B2",
        "US20180168615A1",
        "US10667811B2",
        "US20180168575A1",
        "JP2020501779A",
        "US10993715B2",
        "US10898186B2",
        "US11191539B2",
        "US10667809B2",
        "US10945727B2",
        "US20180168648A1",
        "US10980536B2",
        "JP6983893B2",
        "US10856868B2",
        "US11419606B2",
        "US11684367B2",
        "US10687810B2",
        "US10709901B2",
        "US10874768B2",
        "US10952767B2",
        "US11350915B2",
        "US10849621B2",
        "US10925607B2",
        "US10299790B2",
        "US10368868B2",
        "US10660641B2",
        "US11096610B2",
        "US11324502B2",
        "US10603035B2",
        "US10524784B2",
        "US10390826B2",
        "US10420551B2",
        "US10478185B2",
        "US11090046B2",
        "US10888321B2",
        "USD879808S1",
        "US10307170B2",
        "US11653914B2",
        "USD879809S1",
        "US11071554B2",
        "US10624633B2",
        "US11382638B2",
        "US10813639B2",
        "US10779820B2",
        "US10327767B2",
        "US10881396B2",
        "USD890784S1",
        "US10881399B2",
        "US10390841B2",
        "US10368864B2",
        "US11517325B2",
        "US10646220B2",
        "US10980537B2",
        "US11266405B2",
        "US10856869B2",
        "US11324503B2",
        "US11141154B2",
        "US10772629B2",
        "US10993716B2",
        "US11246592B2",
        "US10765427B2",
        "USD854151S1",
        "USD869655S1",
        "US10903685B2",
        "US10779824B2",
        "US11259805B2",
        "USD851762S1",
        "US10716614B2",
        "USD906355S1",
        "US11564686B2",
        "US10211586B2",
        "US20190000461A1",
        "US10932772B2",
        "US10258418B2",
        "US10898183B2",
        "US10398434B2",
        "US11007022B2",
        "US11471155B2",
        "US11304695B2",
        "US10849625B2",
        "US10624636B2",
        "US10945733B2",
        "US10806452B2",
        "US10796471B2",
        "US10729501B2",
        "US10743872B2",
        "USD907648S1",
        "USD917500S1",
        "US11399829B2",
        "US10765429B2",
        "USD907647S1",
        "US11090075B2",
        "US11134944B2",
        "US10779903B2",
        "US10842490B2",
        "US10925603B2",
        "US10863987B2",
        "US11141151B2",
        "US10869666B2",
        "US10687813B2",
        "US10779826B2",
        "US10779825B2",
        "US11071543B2",
        "US10966718B2",
        "US11197670B2",
        "US11006955B2",
        "US10828033B2",
        "US10743874B2",
        "US11033267B2",
        "US10743875B2",
        "US11045270B2",
        "US10729509B2",
        "US10835330B2",
        "USD910847S1",
        "US11020112B2",
        "US10716565B2",
        "US11547397B2",
        "US11076853B2",
        "US11129680B2",
        "US11369368B2",
        "US11311290B2",
        "US10945732B2",
        "CA3091800A1",
        "US11065000B2",
        "US11369371B2",
        "CA3094709A1",
        "US10758237B2",
        "US11432818B2",
        "US11284896B2",
        "US11426163B2",
        "US10849622B2",
        "US11219460B2",
        "US10736631B2",
        "US11039834B2",
        "US11324501B2",
        "US11083458B2",
        "US10856870B2",
        "US10779821B2",
        "US11253256B2",
        "US10912559B2",
        "US11291440B2",
        "USD914878S1",
        "US11045192B2",
        "US10842492B2",
        "US11207065B2",
        "US10849620B2",
        "US10806459B2",
        "US11510669B2",
        "US10952729B2",
        "US11090051B2",
        "US11197673B2",
        "USD932621S1",
        "USD933220S1",
        "US10912563B2",
        "US11344297B2",
        "US11259808B2",
        "US11172929B2",
        "US11147553B2",
        "US11147551B2",
        "US11696761B2",
        "US11284892B2",
        "US11284893B2",
        "US11241228B2",
        "US11730472B2",
        "US11648009B2",
        "US11452528B2",
        "US11426251B2",
        "US11432816B2",
        "US11253254B2",
        "US11471157B2",
        "US11478245B2",
        "US11596403B2",
        "US11426167B2",
        "US11219455B2",
        "US11497492B2",
        "US11464601B2",
        "US11478241B2",
        "US11399837B2",
        "US11051807B2",
        "US11246678B2",
        "US11684434B2",
        "US11291451B2",
        "US11376098B2",
        "US11298132B2",
        "US11553971B2",
        "US11241235B2",
        "US11771419B2",
        "US11638587B2",
        "US11660163B2",
        "US11523822B2",
        "US11627959B2",
        "US11224497B2",
        "US11298127B2",
        "US11259803B2",
        "US11224424B2",
        "JP1660087S",
        "JP1660090S",
        "JP1660089S",
        "JP1660086S",
        "US11406385B2",
        "US11571208B2",
        "US11123068B2",
        "US11534163B2",
        "US11707274B2",
        "US11109862B2",
        "US11523824B2",
        "US11737747B2",
        "US11559304B2",
        "US11291447B2",
        "US11529139B2",
        "US11607219B2",
        "US11304696B2",
        "US11529137B2",
        "US11446029B2",
        "US11464512B2",
        "US11504122B2",
        "US11234698B2",
        "US11576672B2",
        "US11701111B2",
        "US11278282B2",
        "US11452524B2",
        "US11344301B2",
        "US11344302B2",
        "US11707278B2",
        "US11246593B2",
        "US11357505B2",
        "US11317911B2",
        "US11406383B2",
        "US11547407B2",
        "US11331098B2",
        "US11426159B2",
        "US11504117B2",
        "US11337699B2",
        "US11406387B2",
        "US11191537B1",
        "US11534167B2",
        "USD967421S1",
        "USD966512S1",
        "USD975850S1",
        "USD974560S1",
        "USD975278S1",
        "USD976401S1",
        "USD975851S1",
        "US11191538B1",
        "US11324500B2",
        "US20220000480A1",
        "US11517305B2",
        "US11446028B2",
        "US11660090B2",
        "US11266402B2",
        "US11439392B2",
        "US11395654B2",
        "US11602342B2",
        "US11707276B2",
        "US11419605B2",
        "US11766261B2",
        "US11452523B2",
        "US11660093B2",
        "US11678878B2",
        "US11413040B2",
        "US11564683B2",
        "US11559306B2",
        "US11660092B2",
        "US11406384B2",
        "US11576674B2",
        "US11399833B2",
        "US11452526B2",
        "US11534259B2",
        "US11517390B2",
        "US11717289B2",
        "US11617577B2",
        "USD980425S1",
        "US11779330B2",
        "US11653920B2",
        "US11737751B2",
        "US11744581B2",
        "US11627960B2",
        "US11653915B2",
        "US11678882B2",
        "US11737774B2",
        "US11553914B2",
        "US11534170B2",
        "US11744582B2",
        "US11759206B2",
        "US11759207B2",
        "US11517313B2",
        "US11793514B2",
        "US11696757B2",
        "US11751869B2",
        "US11701113B2",
        "US11730473B2",
        "US11749877B2",
        "US11723657B2",
        "US11744583B2",
        "US11717300B2",
        "US11717291B2",
        "US11759202B2",
        "US11723658B2",
        "US11737749B2",
        "US11744603B2",
        "US11786239B2",
        "US11786243B2",
        "US11793516B2",
        "US11497495B2",
        "US11666330B2",
        "US11576670B2",
        "US11696755B2",
        "US11771423B2",
        "US11510673B1",
        "US11701119B2",
        "US20220378427A1",
        "US11576675B2",
        "US11510670B1",
        "US11596399B2",
        "US11672538B2",
        "US11707275B2",
        "US11617579B2",
        "US11602344B2",
        "US11678879B2",
        "US11684368B2",
        "US20230036899A1",
        "US11540831B1",
        "US11779334B2",
        "US11707277B2",
        "US11576671B1",
        "US11801052B2",
        "US20230064301A1",
        "US11653922B2",
        "US11660094B2",
        "US11751875B2"
    ]
}