{
    "patent_id": "US-11390881-B2",
    "title": "Soybean event MON89788 and methods for detection thereof ",
    "assignee": "Monsanto Technology, Llc",
    "publication_date": "2022-07-19",
    "patent_link": "https://patents.google.com/patent/US11390881B2/en",
    "inventors": [
        "Marianne Malven",
        "Jennifer Rinehart",
        "Nancy Taylor",
        "Ellen Dickinson"
    ],
    "classifications": [
        "C12N15/11",
        "A01H6/542",
        "A01N57/20",
        "C12N15/821",
        "C12N15/8275",
        "C12N15/8286",
        "C12Q1/6876",
        "A01N2300/00",
        "Y02A40/146"
    ],
    "abstract": "The present invention provides for soybean plant and seed comprising transformation event MON89788 and DNA molecules unique to these events. The invention also provides methods for detecting the presence of these DNA molecules in a sample.",
    "claims": "\n1. A recombinant DNA molecule comprising a transgene/genomic junction DNA sequence of soybean event MON89788 or complement thereof.\n2. The recombinant DNA molecule of claim 1, defined as comprising a nucleotide sequence selected from the group consisting of nucleotides 1093-1113, 1073-1113, 1043-1113, 1093-1133, 1093-1163, 1043-1163, 5376-5416, 5346-5416, 5396-5436, 5396-5416, 5396-5466 and 5346-5466 of SEQ ID NO:9.\n3. A polynucleotide probe diagnostic for the presence of the DNA molecule of claim 1, wherein the probe comprises a nucleotide sequence selected from the group consisting of SEQ ID NO:1, SEQ ID NO:2, SEQ ID NO:3, SEQ ID NO:4, and SEQ ID NO:15.\n4. The recombinant DNA molecule of claim 1, wherein the recombinant DNA molecule is defined as comprising the nucleotide sequence of SEQ ID NO:1 and SEQ ID NO:2 and a sequence encoding a glyphosate resistant CP4 EPSPS protein.\n5. The recombinant DNA molecule of claim 4, further defined as comprising the nucleotide sequence of SEQ ID NO:3 and SEQ ID NO:4.",
    "status": "Active",
    "citations_own": [
        "US2627469A",
        "US4144229A",
        "US4535060A",
        "WO1992000377A1",
        "US5094945A",
        "WO1992004449A1",
        "US5110805A",
        "US5188642A",
        "US5310667A",
        "US5312910A",
        "US5437697A",
        "US5554798A",
        "US5627061A",
        "US5659114A",
        "US5824877A",
        "WO1999023232A1",
        "WO1999051759A1",
        "US6040497A",
        "US6080916A",
        "WO2001044457A2",
        "WO2001049104A2",
        "WO2002006500A2",
        "WO2002014521A2",
        "US6384301B1",
        "WO2002044407A2",
        "DE10059609A1",
        "US20020133852A1",
        "WO2002092856A1",
        "WO2003013224A2",
        "US20030083480A1",
        "US6573425B1",
        "US6610910B1",
        "WO2004006659A1",
        "US6689880B2",
        "US6733974B1",
        "US6740488B2",
        "WO2004043150A1",
        "WO2004070020A2",
        "WO2004072235A2",
        "WO2004074492A1",
        "US6825400B2",
        "WO2005041669A1",
        "US6893826B1",
        "US6900014B1",
        "US20050223425A1",
        "US20050233905A1",
        "US6984774B1",
        "WO2006130436A2",
        "US7164056B2",
        "WO2007017256A2",
        "US20070083945A1",
        "US20070197474A1",
        "US20070277267A1",
        "US7306909B2",
        "US7405347B2",
        "US7405074B2",
        "US7504561B2",
        "US7538262B2"
    ],
    "citations_ftf": [
        "US4683202B1",
        "US4683195B1",
        "US5602311A",
        "TR199801934T2",
        "BR9813805A",
        "US6572830B1",
        "GB2422196B",
        "JP2008511008A",
        "US20060068398A1",
        "EA017853B1",
        "US20070010401A1",
        "BRPI0809045A2",
        "MX2009011456A"
    ],
    "citedby_own": [
        "US20220389441A1"
    ],
    "citedby_ftf": [
        "US7102055B1",
        "WO1999025854A1",
        "RO123652B1",
        "US20070197474A1",
        "AU2005235111B2",
        "EA017853B1",
        "DE102005026482A1",
        "CA2615797C",
        "AU2006278210B2",
        "KR20080024780A",
        "EP1922927A1",
        "EP1950311A1",
        "ES2531664T3",
        "CN101801992A",
        "CL2008001682A1",
        "CL2008001865A1",
        "CN101849010A",
        "US8809636B2",
        "EP2735619A3",
        "WO2009055597A2",
        "EP2209897A1",
        "WO2009114321A2",
        "US8629331B2",
        "US8729345B2",
        "US8742210B2",
        "JP2011519558A",
        "US8609938B2",
        "US8653333B2",
        "WO2010037016A1",
        "CN101406201B",
        "US20100167403A1",
        "US8466348B2",
        "US8461423B2",
        "US8461424B2",
        "US10555527B2",
        "US9233993B2",
        "US8273962B2",
        "US8203039B2",
        "US8115068B2",
        "US8263829B2",
        "US8273961B2",
        "US8263830B2",
        "US8198516B2",
        "US8163982B2",
        "US8110728B2",
        "US8263831B2",
        "US8115069B2",
        "US8115070B2",
        "US8115071B2",
        "US8207407B2",
        "US8269070B2",
        "US8319031B2",
        "US8198517B2",
        "US8330000B2",
        "US8269071B2",
        "US8263832B2",
        "US8334433B2",
        "US8193424B2",
        "US8319032B2",
        "US8319033B2",
        "US8222490B2",
        "US8319035B2",
        "US8314294B2",
        "US8269072B2",
        "US9155327B2",
        "US8217230B2",
        "US8319034B2",
        "US8212121B2",
        "US8273965B2",
        "US8273966B2",
        "US8334434B2",
        "US8222491B2",
        "US8278511B2",
        "US8212122B2",
        "US8115072B2",
        "US8163983B2",
        "US8278512B2",
        "US8273963B2",
        "US8334435B2",
        "US8278513B2",
        "US8158864B2",
        "US8207409B2",
        "US8115074B2",
        "US8115075B2",
        "US8273964B2",
        "US8115076B2",
        "US8119869B2",
        "US8269073B2",
        "US8115073B2",
        "US8203041B2",
        "US8158865B2",
        "US8278514B2",
        "US8207410B2",
        "US8203040B2",
        "KR102262704B1",
        "DK3127425T3",
        "US8420895B2",
        "US8426688B2",
        "HUE029068T2",
        "US8426689B2",
        "US8420896B2",
        "CN102858996B",
        "RS55883B1",
        "KR101906605B1",
        "US20110203012A1",
        "NZ601341A",
        "CA2792123C",
        "US8314295B2",
        "US8436226B2",
        "US8440883B2",
        "US8455721B2",
        "US8450565B2",
        "US8426690B2",
        "CA2799436A1",
        "KR101941297B1",
        "US8309811B2",
        "US8426691B2",
        "US8389813B2",
        "US8283530B2",
        "US8383893B2",
        "US8324465B2",
        "US8383892B2",
        "US8383894B2",
        "US8283531B2",
        "US8309810B2",
        "US8404938B2",
        "US8618362B2",
        "US8319038B2",
        "US8304624B2",
        "US8507762B2",
        "US8395025B2",
        "US8399743B2",
        "US8293998B2",
        "US8304623B2",
        "US8299333B2",
        "US8293997B2",
        "US8395026B2",
        "US8420897B2",
        "US8367897B2",
        "US8324466B2",
        "US8309814B2",
        "US8314302B2",
        "US8309812B2",
        "US8314303B2",
        "US8293999B2",
        "US8383895B2",
        "US8324468B2",
        "US8309813B2",
        "US8420898B2",
        "US8319040B2",
        "US8319039B2",
        "US8324467B2",
        "US8404939B2",
        "US8399745B2",
        "US8404940B2",
        "US8399744B2",
        "US8455723B2",
        "US8502028B2",
        "US8450566B2",
        "US8507763B2",
        "US8431776B2",
        "US8404942B2",
        "US8404941B2",
        "US8455722B2",
        "US8450569B2",
        "US8410339B2",
        "US8450570B2",
        "US8389815B2",
        "US8404943B2",
        "US8507764B2",
        "US8383897B2",
        "US8378183B2",
        "US8378181B2",
        "US8378182B2",
        "US8420900B2",
        "US8404947B2",
        "US8466349B2",
        "US8383898B2",
        "US8431787B2",
        "US8404944B2",
        "US8455724B2",
        "US8404945B2",
        "US8455725B2",
        "US8404946B2",
        "US8436228B2",
        "US8455726B2",
        "US8410340B2",
        "US8471108B2",
        "US8404949B2",
        "US8420899B2",
        "US8415531B2",
        "US8450567B2",
        "US8420902B2",
        "US8415530B2",
        "US8436227B2",
        "US8415533B2",
        "US8415532B2",
        "US8420901B2",
        "US8431778B2",
        "US8404948B2",
        "US8431779B2",
        "US8399746B2",
        "US8445754B2",
        "US8450568B2",
        "US8431781B2",
        "US8455727B2",
        "US8431788B2",
        "US8426692B2",
        "US8431780B2",
        "US8420903B2",
        "US8455728B2",
        "US8395027B2",
        "US8431777B2",
        "US8431785B2",
        "US8431783B2",
        "US8455729B2",
        "US8431784B2",
        "US8426693B2",
        "US8431786B2",
        "US8492617B2",
        "US8431782B2",
        "CN103068233A",
        "US8921647B2",
        "EP2460404A1",
        "EP2640706B1",
        "WO2012072489A1",
        "EP2460407A1",
        "KR20180096815A",
        "KR102031625B1",
        "US9540656B2",
        "TW201231655A",
        "TWI667347B",
        "JP5511093B2",
        "AU2011350804B2",
        "EP2659006A4",
        "BR112013022998A2",
        "ES2663632T3",
        "BR112013024337A2",
        "US8772584B2",
        "US8552268B2",
        "US8530727B2",
        "US8766042B2",
        "US8525004B2",
        "CN103517900A",
        "HUE043158T2",
        "CN102258052A",
        "CN103501603A",
        "EP2713717A1",
        "ES2699258T3",
        "AU2012275393B2",
        "TW201317353A",
        "US8604286B2",
        "US8604287B2",
        "US8604288B2",
        "US8609947B2",
        "US8609946B2",
        "US8581053B2",
        "US8618365B2",
        "US8581054B2",
        "US8748706B2",
        "US8735670B2",
        "US8581055B2",
        "US8674183B2",
        "US8609948B2",
        "US8669430B2",
        "US8669431B2",
        "US8669428B2",
        "US8669427B2",
        "US8669429B2",
        "UA116975C2",
        "US8609950B2",
        "US8822764B2",
        "US8772586B2",
        "US8853497B2",
        "US8847023B2",
        "US8772587B2",
        "US8779246B2",
        "US8816162B2",
        "US8735672B2",
        "US8735671B2",
        "US8785737B2",
        "US8669432B2",
        "US8785736B2",
        "US20140171319A1",
        "US9951346B2",
        "US8779245B2",
        "US8809639B2",
        "US8637745B2",
        "US8614373B2",
        "US8609949B2",
        "US8772589B2",
        "US8816164B2",
        "US8847024B2",
        "US8816163B2",
        "US8766046B2",
        "US8779247B2",
        "US8766045B2",
        "US8772590B2",
        "US8658868B2",
        "US8878014B2",
        "US8878016B2",
        "US8847026B2",
        "US8878015B2",
        "US8658867B2",
        "US8884109B2",
        "US8604289B2",
        "US8884107B2",
        "US8772591B2",
        "US8822766B2",
        "US8653340B2",
        "US8884106B2",
        "US8609951B2",
        "US8884105B2",
        "US8653342B2",
        "US8829285B2",
        "US8653341B2",
        "US8754296B2",
        "US8748707B2",
        "US8884113B2",
        "US8779248B2",
        "US8722975B2",
        "US8785739B2",
        "US8735675B2",
        "US8884112B2",
        "US8884114B2",
        "US8772592B2",
        "US8884115B2",
        "IN2014DN00156A",
        "US8735674B2",
        "US8785738B2",
        "US8735673B2",
        "US8884111B2",
        "US8754297B2",
        "US8822765B2",
        "US8785740B2",
        "US8884110B2",
        "US8878018B2",
        "US8878017B2",
        "US8748708B2",
        "US8779249B2",
        "US8772588B2",
        "US8373032B1",
        "US8440885B2",
        "US8759618B2",
        "US8742224B2",
        "US8748709B2",
        "US8735676B2",
        "US8735677B2",
        "US8754298B2",
        "US8674186B2",
        "US8921659B2",
        "US8669435B2",
        "US8674187B2",
        "US8680377B2",
        "US8680376B2",
        "US8772593B2",
        "US8853498B2",
        "US8754299B2",
        "US8772596B2",
        "US8772595B2",
        "US8772594B2",
        "US8829287B2",
        "US8680375B2",
        "CN103981149A",
        "US8604290B2",
        "US8669433B2",
        "US8618366B2",
        "US8669434B2",
        "US8618368B2",
        "US8822768B2",
        "US8618367B2",
        "US8847025B2",
        "US8674184B2",
        "US8614374B2",
        "US8653343B2",
        "US8766047B2",
        "US8642844B2",
        "US8809640B2",
        "US8779242B2",
        "US8759627B2",
        "US8772597B2",
        "US8754300B2",
        "US8816165B2",
        "US8822767B2",
        "US8829286B2",
        "US8697954B2",
        "US8217239B1",
        "US8674185B2",
        "EP2561759A1",
        "US8513498B2",
        "US8884108B2",
        "US8415535B2",
        "US10351917B2",
        "AR087718A1",
        "CN103874681B",
        "JP6138797B2",
        "EP2755484A1",
        "UA114093C2",
        "EP2764101B1",
        "UY34396A",
        "US8389816B1",
        "US8431789B1",
        "WO2013075817A1",
        "US8791342B1",
        "CN105906567B",
        "IN2014CN04325A",
        "TWI558701B",
        "CN104470896B",
        "US20150011389A1",
        "PL2806740T3",
        "AR089793A1",
        "BR112014020898B1",
        "UY34690A",
        "UY34687A",
        "CA2866804A1",
        "CA2866416A1",
        "WO2013139949A1",
        "US8742223B2",
        "US8754295B2",
        "US8735669B2",
        "US8742222B2",
        "JP2015517996A",
        "WO2013156560A1",
        "KR102062517B1",
        "EP2662370A1",
        "EP2662362A1",
        "EP2662361A1",
        "JP6262208B2",
        "EP2662360A1",
        "EP2662363A1",
        "EP2662364A1",
        "US9375005B2",
        "AR091104A1",
        "CA2874470C",
        "US8704047B2",
        "EP3243387A3",
        "US8796516B2",
        "US8704048B2",
        "CN104507319B",
        "US8729350B2",
        "US8716568B2",
        "EP2854552B1",
        "EP2854551A1",
        "US8722976B2",
        "US8802936B2",
        "EP2854549B1",
        "NZ702162A",
        "CN104507318B",
        "PL2854550T3",
        "US9029643B2",
        "US8912398B2",
        "US8901383B2",
        "US8927813B2",
        "US8895813B2",
        "US8901384B2",
        "US8816166B2",
        "US8822769B2",
        "US9043967B2",
        "US8907166B2",
        "US8884116B2",
        "US9043966B2",
        "US8901385B2",
        "US8889954B2",
        "US8907167B2",
        "US8907168B2",
        "US8946516B2",
        "US8962933B2",
        "US8921660B2",
        "US8901388B2",
        "US8907169B2",
        "US8921662B2",
        "US8901392B2",
        "US8921661B2",
        "US8901387B2",
        "US8901386B2",
        "US8901390B2",
        "US8901389B2",
        "US8901391B2",
        "US8921664B2",
        "US8785741B2",
        "US8624093B2",
        "US8618369B2",
        "US8975475B2",
        "US8754301B2",
        "US8921663B2",
        "US8975476B2",
        "US8981184B2",
        "US8987562B2",
        "US8975477B2",
        "US9049872B2",
        "US8987563B2",
        "US9000271B2",
        "US8907170B2",
        "US8735679B2",
        "US8907171B2",
        "US8907172B2",
        "US8766048B2",
        "US8907173B2",
        "US8779250B2",
        "US8722977B2",
        "US8729351B2",
        "US8729352B2",
        "US8735680B2",
        "US8735678B2",
        "US8722978B2",
        "US8735682B2",
        "US8907175B2",
        "US8729353B2",
        "US8912399B2",
        "US8907176B2",
        "US8907179B2",
        "US8907174B2",
        "US8735681B2",
        "US8907178B2",
        "US8907177B2",
        "US8907180B2",
        "US8759628B2",
        "US8766049B2",
        "CA2873822C",
        "EP2676536A1",
        "TWI597365B",
        "US8431792B1",
        "US8436233B1",
        "US8455730B1",
        "US8426697B1",
        "US8436232B1",
        "US8431790B1",
        "US8450576B1",
        "US8431793B1",
        "US8431791B1",
        "US8450575B1",
        "US8450572B1",
        "US8450574B1",
        "US8426696B1",
        "US8461425B1",
        "US8450573B1",
        "US8431796B1",
        "US8431795B1",
        "US8455732B1",
        "US8426698B1",
        "US8502032B1",
        "US8431797B1",
        "US8426699B1",
        "US8450577B1",
        "US8507766B1",
        "US8581056B1",
        "US8399747B1",
        "US8431794B1",
        "US8373033B1",
        "US8552271B1",
        "US8455731B1",
        "US8502034B1",
        "US8471109B1",
        "US8431798B1",
        "US8395028B1",
        "US8455733B1",
        "US8471111B1",
        "US8471110B1",
        "US8436234B1",
        "US8502033B1",
        "US8604291B1",
        "US8592660B1",
        "US8450578B1",
        "US8604292B1",
        "MX2015000245A",
        "CA2875755A1",
        "US8524989B1",
        "US8450579B1",
        "US8541663B1",
        "US8604293B1",
        "JP2015528017A",
        "US8431799B1",
        "US8609952B1",
        "US8552272B1",
        "US8431800B1",
        "US8552273B1",
        "US8502036B1",
        "US8541664B1",
        "US8563822B1",
        "US8502035B1",
        "EP2893006B1",
        "MY196630A",
        "US8581057B1",
        "US8569590B1",
        "US8524990B1",
        "EP2719280A1",
        "US9801374B2",
        "UA114648C2",
        "PL2908642T3",
        "PL2908640T3",
        "EP2735231A1",
        "UA116222C2",
        "CA2892701A1",
        "CN104812247A",
        "US9943082B2",
        "JP6367214B2",
        "US20150282490A1",
        "US20150272130A1",
        "ES2770775T3",
        "WO2014086753A2",
        "EP2925143A2",
        "PT2925142T",
        "EP2925144A2",
        "CA2893027A1",
        "AR093909A1",
        "CA2893579A1",
        "US9024116B2",
        "US9029644B2",
        "AR093996A1",
        "US9040779B2",
        "US9024117B2",
        "WO2014095677A1",
        "CN105025701B",
        "US9192138B1",
        "BR112015018618B1",
        "MX2015010259A",
        "CA2898725A1",
        "US20150359220A1",
        "UA122046C2",
        "CN103409498A",
        "JP2016519687A",
        "WO2014170345A2",
        "WO2014170327A1",
        "WO2014177514A1",
        "TW201507722A",
        "US8847027B1",
        "US8735685B1",
        "US8829290B1",
        "US8766053B1",
        "US8766052B1",
        "US8772600B1",
        "US8822776B1",
        "US8937224B2",
        "US8772601B1",
        "US8802938B1",
        "US8772599B1",
        "US8816168B1",
        "US8884123B1",
        "US8884121B1",
        "US8884122B1",
        "US8829291B1",
        "US8772598B1",
        "US8722991B1",
        "US8829292B1",
        "US8884124B1",
        "US8735686B1",
        "US8816169B1",
        "US8772602B1",
        "US9029650B2",
        "US9198376B2",
        "US9198375B2",
        "US9155264B2",
        "US9179698B2",
        "US9198378B2",
        "US9155265B2",
        "US9179622B2",
        "US9029651B2",
        "US9198377B2",
        "US9029649B2",
        "US9035139B2",
        "US9198374B2",
        "US9035138B2",
        "US9155266B2",
        "US9035140B2",
        "US9024134B2",
        "US9024135B2",
        "US9024133B2",
        "US9107370B2",
        "US9232707B2",
        "US9035141B2",
        "US9107369B2",
        "US9029665B2",
        "US9232710B2",
        "US9024136B2",
        "US9179626B2",
        "US9101104B2",
        "US9237695B2",
        "US9179624B2",
        "US9232708B2",
        "US9179623B2",
        "US9179625B2",
        "US9018465B2",
        "US9232709B2",
        "US9101105B2",
        "US9232713B2",
        "US9018467B2",
        "US9232712B2",
        "US9179627B2",
        "US9232711B2",
        "US9107373B2",
        "US9155270B2",
        "US9155269B2",
        "US9226460B2",
        "US9237696B2",
        "US9107371B2",
        "US9155268B2",
        "US9018466B2",
        "US9101106B2",
        "US9101107B2",
        "US9107372B2",
        "US9155267B2",
        "US9179628B2",
        "US9232714B2",
        "US9179629B2",
        "US9237697B2",
        "US9155271B2",
        "US9107374B2",
        "US9029652B2",
        "US9066489B2",
        "US9155272B2",
        "US9066490B2",
        "US9179630B2",
        "US9107375B2",
        "US9179631B2",
        "US9029654B2",
        "US9107376B2",
        "US9198382B2",
        "US9101109B2",
        "US9101108B2",
        "US9101110B2",
        "US9198381B2",
        "US9198380B2",
        "US9155273B2",
        "US9192119B2",
        "US9198379B2",
        "US10059999B2",
        "US9029653B2",
        "US9006534B1",
        "US8829295B1",
        "US8889960B1",
        "US8772603B1",
        "US9018468B1",
        "US8759631B1",
        "US8829293B1",
        "US8829294B1",
        "US8889961B1",
        "BR112015031235A2",
        "US10136646B2",
        "MX2020003136A",
        "WO2015007287A1",
        "US9485932B1",
        "US9271463B1",
        "US9408357B1",
        "US9485931B1",
        "CA2861184A1",
        "US9408358B1",
        "US9332710B2",
        "US9480226B1",
        "US9445567B1",
        "US9271462B1",
        "CA2861217C",
        "US9408359B1",
        "US9485930B1",
        "US9271464B1",
        "US9332709B2",
        "US9332707B2",
        "CA2861228A1",
        "US9320233B1",
        "US9332712B2",
        "CA2861223A1",
        "US9332713B1",
        "CA2960032C",
        "WO2015069938A1",
        "TW201607929A",
        "RU2685723C1",
        "US9497914B2",
        "US9554528B2",
        "US9554529B2",
        "US9357731B2",
        "US9370155B2",
        "US9345217B2",
        "US9445568B1",
        "US9386754B2",
        "US9445569B2",
        "US9370157B2",
        "US9232716B2",
        "US9370156B2",
        "US9363967B2",
        "US9155277B2",
        "CN103725777B",
        "US9155276B2",
        "US9220222B2",
        "US9220221B2",
        "US9357732B2",
        "EP2885970A1",
        "WO2015100432A2",
        "US9364005B2",
        "US10271554B2",
        "US20150184193A1",
        "US20150181822A1",
        "CA2940217C",
        "MX2016011745A",
        "WO2015160618A1",
        "WO2015160620A1",
        "WO2015160619A1",
        "US9320228B2",
        "US9060480B1",
        "US9060481B1",
        "US9210896B2",
        "US9320227B2",
        "US9024137B1",
        "US9055725B1",
        "US8969663B1",
        "US9125371B1",
        "US9237717B2",
        "US8975485B1",
        "US9185869B1",
        "US9433170B2",
        "US9307729B2",
        "US9210899B2",
        "US9451755B2",
        "US9210898B2",
        "US9192137B1",
        "US9237716B2",
        "US9237718B2",
        "US9307730B2",
        "US9232739B2",
        "US9320208B2",
        "US9237722B2",
        "US9198393B2",
        "US9265214B2",
        "US9320229B2",
        "US9326477B2",
        "US9185870B1",
        "US9313983B2",
        "US9313982B2",
        "US9307731B2",
        "US9232742B2",
        "US9237724B2",
        "US9237723B2",
        "US9313984B2",
        "US9313985B2",
        "US9210905B2",
        "US9018471B1",
        "US9055726B1",
        "US9060483B1",
        "US9060482B1",
        "US8969664B1",
        "US9060484B1",
        "US8981187B1",
        "US9018470B1",
        "US9018469B1",
        "US9055727B1",
        "US8969665B1",
        "US9018472B1",
        "US9060486B1",
        "US9055728B1",
        "US9024138B1",
        "US8975486B1",
        "US9060485B1",
        "US9060487B1",
        "US9210908B2",
        "US9510544B2",
        "US9018473B1",
        "US9060490B1",
        "US9510545B2",
        "US9363974B2",
        "US9521816B2",
        "US9131657B1",
        "US9060488B1",
        "US9307732B2",
        "US9433172B2",
        "US9060489B1",
        "US9055729B1",
        "US9060492B1",
        "US8969666B1",
        "US9345224B2",
        "US9648824B2",
        "US9060491B1",
        "US9363973B2",
        "US9655320B2",
        "US9345225B2",
        "US9655321B2",
        "US9655322B2",
        "US9451756B2",
        "US9173369B1",
        "US9338962B2",
        "US9277712B2",
        "US9232750B2",
        "US9232749B2",
        "US9338963B2",
        "US9167794B1",
        "US9338964B2",
        "US9232751B2",
        "US9277711B2",
        "US9237732B2",
        "US9232753B2",
        "US9232752B2",
        "US9241466B2",
        "US9338965B2",
        "US9277714B2",
        "US9345209B2",
        "US9277713B2",
        "US9237733B2",
        "US9282707B2",
        "US9510526B2",
        "US9521817B2",
        "US9277715B2",
        "US9237734B2",
        "US9338967B2",
        "US9338968B2",
        "US9241467B2",
        "US9277718B2",
        "US9338971B2",
        "US9237735B2",
        "US9232756B2",
        "US9232754B2",
        "US9338969B2",
        "US9338966B2",
        "US9338970B2",
        "US9338972B2",
        "US9480223B2",
        "US9277717B2",
        "US9232757B2",
        "US9232755B2",
        "US9345210B2",
        "US9161508B1",
        "US9277716B2",
        "US9237736B2",
        "US9345211B2",
        "US9282709B2",
        "US9338973B2",
        "US9338977B2",
        "US9338975B2",
        "US9338976B2",
        "US9277720B2",
        "US9338979B2",
        "US9192140B1",
        "US9338982B2",
        "US9282708B2",
        "US9241468B2",
        "US9338980B2",
        "US9277719B2",
        "US9339002B2",
        "US9192139B1",
        "US9237737B2",
        "US9277722B2",
        "US9338978B2",
        "US9338974B2",
        "US9338983B2",
        "US9338981B2",
        "US9277721B2",
        "US9338986B2",
        "US9338985B2",
        "US9232762B2",
        "US9351461B2",
        "US9277723B2",
        "US9232758B2",
        "US9345212B2",
        "US9232760B2",
        "US9338987B2",
        "US9232759B2",
        "US9363966B2",
        "US9363965B2",
        "US9338984B2",
        "US9480225B2",
        "US9480224B2",
        "US9338988B2",
        "US9232761B2",
        "US9282710B2",
        "US9277724B2",
        "US9282711B2",
        "US9193976B1",
        "CA2952057A1",
        "WO2015200902A2",
        "RS60016B1",
        "US9185873B1",
        "US9185872B1",
        "RU2017112324A3",
        "US9585347B2",
        "WO2016071331A1",
        "US9320240B1",
        "US9554539B2",
        "US9585321B1",
        "US9320241B1",
        "US9332717B1",
        "US9320242B1",
        "US9402362B1",
        "US9320243B1",
        "US9648819B1",
        "CA2883599C",
        "CA2883600C",
        "US9675026B1",
        "US9320239B1",
        "US9635819B1",
        "US9271470B1",
        "US9320238B1",
        "US9648818B1",
        "US9504222B2",
        "CA2883610C",
        "US9414562B1",
        "US9332716B1",
        "US9433180B1",
        "US9554530B2",
        "US9554531B2",
        "US9363968B1",
        "BR112017014230B1",
        "US9265224B1",
        "US9351466B1",
        "US9351465B1",
        "US9554536B2",
        "US9271469B1",
        "US9456572B2",
        "US9578830B2",
        "US9456571B2",
        "US9560816B2",
        "US9554535B2",
        "US9560819B2",
        "US9560818B2",
        "US9247705B1",
        "US9532524B2",
        "US9532525B2",
        "US9497917B2",
        "US9456573B2",
        "US9357736B1",
        "US9241469B1",
        "US9565820B2",
        "US9241470B1",
        "US9560817B2",
        "US9345221B1",
        "US9351467B1",
        "US9439381B1",
        "US9301488B1",
        "US9462770B2",
        "US9301486B1",
        "US9320245B1",
        "US9320244B1",
        "US9532526B2",
        "US9301487B1",
        "US9433181B1",
        "CN104726582A",
        "US9655317B2",
        "US9681624B2",
        "CN107531676A",
        "US9351469B1",
        "US9681625B2",
        "US9301489B1",
        "US9320246B1",
        "US9301490B1",
        "RU2017141758A3",
        "AR104495A1",
        "US9357738B1",
        "US9585335B2",
        "US9585336B2",
        "US9585332B2",
        "US9585333B2",
        "US9609826B2",
        "US9585334B2",
        "US9615525B2",
        "US9585331B2",
        "US9439383B1",
        "US9474238B1",
        "US9609827B2",
        "US9456577B1",
        "US9788503B2",
        "US9491920B1",
        "US9609828B2",
        "US9439384B1",
        "US9781891B2",
        "US9439382B1",
        "US9585338B2",
        "US9497922B1",
        "US9462778B1",
        "US9655323B2",
        "US9585337B2",
        "US9497920B1",
        "US9655324B2",
        "US9510547B1",
        "US9622442B2",
        "US9510546B1",
        "US9693514B2",
        "US9468180B1",
        "US9468179B1",
        "US9497921B1",
        "US9521823B1",
        "US9655328B2",
        "US9675028B2",
        "US9585341B2",
        "US9585339B2",
        "US9655325B2",
        "US9521822B1",
        "US9521821B1",
        "US9648825B2",
        "US9510548B1",
        "US9655326B2",
        "US9578842B2",
        "US9474239B1",
        "US9655327B2",
        "US9585340B2",
        "EP3097782A1",
        "US9532544B2",
        "US9521824B1",
        "US9609829B2",
        "US9675030B2",
        "US9510551B1",
        "US9585342B2",
        "US9510550B1",
        "US9510549B1",
        "US9532543B2",
        "US9675029B2",
        "US9585343B2",
        "RU2017146713A",
        "US9781897B2",
        "US9814205B2",
        "US9826701B2",
        "US9894860B2",
        "US9743630B2",
        "US9781898B2",
        "US9907262B2",
        "US9974268B2",
        "US10104848B2",
        "US9814206B2",
        "US9986704B2",
        "US10076093B2",
        "US9807962B2",
        "US9743631B2",
        "US9807961B2",
        "US9775320B2",
        "US9788516B2",
        "US9832963B2",
        "US9832964B2",
        "US9907265B2",
        "US9924676B2",
        "US9844200B2",
        "US9844199B2",
        "US9974269B2",
        "US9848569B2",
        "US9826703B2",
        "US9924677B2",
        "US9820458B2",
        "US9907266B2",
        "US9807963B2",
        "US10051807B2",
        "US9968057B2",
        "US9924678B2",
        "US9907270B2",
        "US9907268B2",
        "US9907269B2",
        "US9844201B2",
        "US9901056B2",
        "US9901057B2",
        "US10034445B2",
        "US9907267B2",
        "US9907271B2",
        "US9924679B2",
        "US9907264B2",
        "US9832965B2",
        "US9820459B2",
        "US9826702B2",
        "US9901055B2",
        "US9907263B2",
        "US9814207B2",
        "US10034444B2",
        "US10070606B2",
        "US10004197B2",
        "US9485951B1",
        "US9357739B1",
        "US9351470B1",
        "US9351471B1",
        "US9497925B1",
        "US9258973B1",
        "US10597674B2",
        "US9907274B2",
        "US9901059B2",
        "US9901061B2",
        "US9907273B2",
        "US9901062B2",
        "US9894862B2",
        "US9901060B2",
        "CN105219767B",
        "CN105219768B",
        "US9629325B1",
        "WO2017112827A1",
        "CN108431223A",
        "US9686939B1",
        "US9655332B1",
        "US9675033B1",
        "US9775311B2",
        "US9686938B1",
        "US9655333B1",
        "US9648832B1",
        "US9675034B1",
        "US9585351B1",
        "US9693521B1",
        "CA3014996C",
        "US9560829B1",
        "US9861055B1",
        "US9560828B1",
        "US9560827B1",
        "US9585354B1",
        "US9763413B1",
        "US9788508B1",
        "US9763412B1",
        "US9603331B1",
        "US9763414B1",
        "US9565822B1",
        "US9861054B1",
        "US9596818B1",
        "US9596819B1",
        "US10010040B1",
        "US9565821B1",
        "US9699999B1",
        "US9585355B1",
        "US9763411B1",
        "US9861053B1",
        "US9861056B1",
        "US9730415B1",
        "US9700000B1",
        "US9609833B1",
        "US9578849B1",
        "US9648835B1",
        "US9655336B1",
        "US9609834B1",
        "US9609831B1",
        "US9585357B1",
        "US9585356B1",
        "US9591827B1",
        "US9706729B1",
        "US9770000B1",
        "US9648834B1",
        "US9609832B1",
        "US9648836B1",
        "US9750218B1",
        "US9872469B2",
        "US9907246B2",
        "US9867351B2",
        "US9888647B2",
        "US10051806B2",
        "US9888648B2",
        "US9901051B2",
        "US9877450B2",
        "US9924672B2",
        "US9901052B2",
        "US9907247B2",
        "US9907245B2",
        "US9713311B1",
        "US9743623B1",
        "US9756823B1",
        "US9888646B2",
        "US9743624B1",
        "US10226001B2",
        "US9867352B2",
        "US9788515B1",
        "US9974264B2",
        "US9907250B2",
        "US10226002B2",
        "US10104847B2",
        "US9907252B2",
        "US9706739B1",
        "US9848563B1",
        "US9907249B2",
        "US9968054B2",
        "US9907251B2",
        "US9907248B2",
        "US9661823B1",
        "US9706738B1",
        "US9700008B1",
        "US9848562B1",
        "US9832953B1",
        "US10231398B2",
        "US9854772B2",
        "US9788514B1",
        "US9872470B2",
        "US9693529B1",
        "US9848564B1",
        "US9907255B2",
        "US9832954B1",
        "US9700009B1",
        "US9867353B2",
        "US9901053B2",
        "US9907254B2",
        "US9700010B1",
        "US9867354B2",
        "US9832955B1",
        "US9832956B1",
        "US9907253B2",
        "US9907256B2",
        "US9693530B1",
        "US9832957B1",
        "US9854773B2",
        "US9807960B1",
        "US9901054B2",
        "US9832958B1",
        "US9730419B1",
        "US9848565B1",
        "US9907260B2",
        "US9730418B1",
        "US9907259B2",
        "US9750221B1",
        "US9743625B1",
        "US9907258B2",
        "US9717212B1",
        "US9717213B1",
        "US9955645B2",
        "US9717211B1",
        "US9907257B2",
        "US10058047B2",
        "US9737037B1",
        "US9907261B2",
        "US10219462B2",
        "US9795106B1",
        "US9848566B1",
        "US9832961B1",
        "US9872471B2",
        "US9730420B1",
        "US10064356B2",
        "US9924673B2",
        "US9743627B1",
        "US9867355B2",
        "US9743626B1",
        "US9848567B1",
        "US9832962B1",
        "US9844197B1",
        "US9832960B1",
        "US9839187B1",
        "US9832959B1",
        "US9867356B2",
        "US10206348B2",
        "US9924674B2",
        "US10064378B2",
        "US9974267B2",
        "US9848568B1",
        "US9992945B2",
        "US9743628B1",
        "US9968056B2",
        "US9844198B1",
        "US9756824B1",
        "US10194609B2",
        "US9743629B1",
        "US10212899B2",
        "US10194610B2",
        "US9974266B2",
        "US9999186B2",
        "US9968055B2",
        "US9974265B2",
        "CN109328016A",
        "CN106086011B",
        "RU2019104918A",
        "AU2017365169B2",
        "WO2018102733A1",
        "US20190322631A1",
        "ES2863327T3",
        "CN110225974A",
        "JP2020503020A",
        "GB201622007D0",
        "EP3559242A1",
        "KR20190103254A",
        "AR110757A1",
        "UY37570A",
        "BR112019015338B1",
        "RU2019129913A3",
        "EP3589116A1",
        "UY37623A",
        "BR112019018056A2",
        "US9913450B1",
        "US9894870B1",
        "US9961868B1",
        "US9888659B1",
        "US9930856B1",
        "US9913448B1",
        "US10039249B1",
        "US9901063B1",
        "US9894869B1",
        "US9907283B1",
        "US9907281B1",
        "US9894871B1",
        "US9913449B1",
        "US9930858B1",
        "US9999193B1",
        "US9907279B1",
        "US9907282B1",
        "US9930857B1",
        "US9907280B1",
        "WO2018177880A1",
        "JP7146797B2",
        "EP3606913B1",
        "WO2018184984A1",
        "WO2018184982A1",
        "WO2018184985A1",
        "BR112019021019A2",
        "WO2018184988A1",
        "BR112019020734A2",
        "WO2018185211A1",
        "CA3056347A1",
        "WO2018188962A1",
        "WO2018195256A1",
        "US11109591B2",
        "BR112019022137A2",
        "WO2018202491A1",
        "CN108866222B",
        "CN110709395A",
        "WO2018219797A1",
        "BR112019024993A2",
        "WO2018228896A1",
        "US20200190043A1",
        "US10342197B2",
        "US10342198B2",
        "US10034447B1",
        "US10368518B2",
        "US10314274B2",
        "US10383304B2",
        "US10039254B1",
        "US10455788B2",
        "US10010046B1",
        "US10034448B1",
        "US10039255B1",
        "US10314273B2",
        "US10405511B2",
        "US10342199B2",
        "US10194612B2",
        "US10182539B1",
        "US10178837B1",
        "US10172310B1",
        "US10206349B1",
        "US10053700B1",
        "US10368512B2",
        "CA3067309A1",
        "US10244705B2",
        "US10178838B1",
        "US10196646B2",
        "US10194613B2",
        "US10053699B1",
        "US10011845B1",
        "US10271493B2",
        "US10188059B1",
        "US10368511B2",
        "US10292358B2",
        "US10036027B1",
        "US10244704B2",
        "US10201138B2",
        "US10206350B1",
        "US10349598B2",
        "US10064379B1",
        "US10064367B1",
        "US10194614B2",
        "US10058058B1",
        "US10064380B1",
        "US10070616B1",
        "US10064381B1",
        "US10244706B2",
        "US10231403B2",
        "US10194616B2",
        "US10064382B1",
        "US10098305B1",
        "US10194615B2",
        "US10238057B2",
        "US10201139B2",
        "US10070617B1",
        "WO2019011923A1",
        "WO2019011929A1",
        "WO2019011926A1",
        "WO2019011928A1",
        "WO2019012011A1",
        "WO2019012001A1",
        "WO2019012003A1",
        "US10058059B1",
        "US10064369B1",
        "US10136602B1",
        "US10064368B1",
        "US10314275B2",
        "US10219466B2",
        "US10098306B1",
        "US10206352B2",
        "US10231405B2",
        "US10231422B2",
        "US10356997B2",
        "US10194617B1",
        "US10238076B2",
        "US10206351B2",
        "US10212901B2",
        "US10058061B1",
        "US10058060B1",
        "US10440908B2",
        "US10231421B2",
        "US10426116B2",
        "US10231404B2",
        "US10398105B2",
        "US10051823B1",
        "US10143167B1",
        "US10244723B2",
        "US10231406B2",
        "US10117400B1",
        "US10285367B2",
        "US10064370B1",
        "US10098307B1",
        "US10206353B2",
        "US10117401B1",
        "US10058062B1",
        "US10098308B1",
        "US10368513B2",
        "US10117402B1",
        "WO2019025250A1",
        "US11263707B2",
        "WO2019038042A1",
        "US10251354B2",
        "US10231407B1",
        "US10244708B2",
        "US10264748B2",
        "US10238059B2",
        "US10231408B1",
        "US10117404B1",
        "US10285368B2",
        "US10257994B2",
        "US10271494B2",
        "US10117403B1",
        "US10051825B1",
        "US10039256B1",
        "US10045507B1",
        "US10130060B1",
        "US10136603B1",
        "US10231423B1",
        "US10123501B1",
        "US10342200B2",
        "US10045506B1",
        "US10130059B1",
        "US10314276B2",
        "US10130058B1",
        "US10051824B1",
        "US10159205B1",
        "US10244724B2",
        "US10238077B2",
        "US10485197B2",
        "US10433504B2",
        "US10271495B2",
        "US10159206B1",
        "US10271496B2",
        "US10257995B2",
        "US10314265B2",
        "US10271497B2",
        "US10231409B1",
        "US10314277B2",
        "US10342201B2",
        "US10064371B1",
        "US10219484B1",
        "US10212902B1",
        "US10278350B2",
        "US10231426B1",
        "US10271498B2",
        "US10357007B2",
        "US10188072B1",
        "US10231424B1",
        "US10117405B1",
        "US10219467B1",
        "US10194618B1",
        "US10117407B1",
        "US10314278B2",
        "US10117406B1",
        "US10219485B1",
        "US10342202B2",
        "US10188061B1",
        "US10051827B1",
        "US10117409B1",
        "US10051826B1",
        "US10231425B1",
        "US10117408B1",
        "EP3684761A1",
        "UA126082C2",
        "UY37913A",
        "UY37912A",
        "WO2019068811A1",
        "US11279944B2",
        "BR112020008096A2",
        "US11291205B2",
        "BR112020008601A2",
        "US11728010B2",
        "WO2019113480A1",
        "WO2019121143A1",
        "WO2019137995A1",
        "CN111669972A",
        "CA3088722A1",
        "WO2019154665A1",
        "EA202092018A1",
        "BR112020021645A2",
        "WO2019219464A1",
        "WO2019224092A1",
        "US10420312B1",
        "US10412921B1",
        "US10420313B1",
        "US10368519B1",
        "US10477818B1",
        "US10368520B1",
        "US10480005B1",
        "BR112020024615A2",
        "WO2020002331A1",
        "EP3818058A1",
        "US20210267204A1",
        "CN108570442B",
        "US10349608B1",
        "US10342206B1",
        "US10342204B1",
        "US10238079B1",
        "US10264760B1",
        "US10342205B1",
        "US10238078B1",
        "US10251358B1",
        "US10349607B1",
        "US10238066B1",
        "US10398122B1",
        "US10368521B1",
        "US10517255B1",
        "US10321654B1",
        "US10258013B1",
        "US10238080B1",
        "US10342207B1",
        "US10362758B1",
        "US10357010B1",
        "US10258014B1",
        "US10897869B2",
        "US10555483B1",
        "US10973201B2",
        "US10555484B1",
        "US10575490B1",
        "US10602704B2",
        "US11206791B2",
        "US11096363B2",
        "US10624285B2",
        "US10624302B2",
        "US10561098B1",
        "US10602689B2",
        "US10555482B1",
        "US11044876B2",
        "US10918065B2",
        "US10561099B1",
        "US11026389B2",
        "US10617089B2",
        "US10555481B1",
        "US10973198B2",
        "US10624303B2",
        "US10575489B1",
        "US11013197B2",
        "US10939652B2",
        "US11109553B2",
        "US11109552B2",
        "US10999998B2",
        "US10905081B2",
        "US10973199B2",
        "US10897868B2",
        "US10993404B2",
        "US10897870B2",
        "US10582686B1",
        "EP3613736A1",
        "US10973200B2",
        "US10905080B2",
        "US10555480B1",
        "US10524446B1",
        "US10548284B1",
        "US10463000B1",
        "US10492450B1",
        "US10687501B2",
        "US10609888B2",
        "US10555485B1",
        "US10499601B1",
        "US10506786B1",
        "US10555486B1",
        "US10512239B1",
        "US10638707B2",
        "US10448609B1",
        "US10448608B1",
        "US10631486B2",
        "US10638708B2",
        "US10624287B2",
        "US10631499B2",
        "US10624286B2",
        "US10687502B2",
        "US10582687B1",
        "US10638709B2",
        "US10561103B1",
        "US10470425B1",
        "US10631501B2",
        "US10506787B1",
        "US10582688B1",
        "US10561105B1",
        "US10531629B1",
        "US10631504B2",
        "US10561100B1",
        "US10555487B1",
        "US10602705B2",
        "US10463010B1",
        "US10582690B1",
        "US10631500B2",
        "US10561101B1",
        "US10575491B1",
        "US10617090B2",
        "US10660292B2",
        "US10631505B2",
        "US10512241B1",
        "US10517259B1",
        "US10561102B1",
        "US10645898B2",
        "US10448610B1",
        "US10512240B1",
        "US10555488B1",
        "US10631507B2",
        "US10561104B1",
        "US10470395B1",
        "US10548285B1",
        "US10631503B2",
        "US10477821B1",
        "US10561106B1",
        "US10624304B2",
        "US10631506B2",
        "US10492451B1",
        "US10631502B2",
        "US10542721B1",
        "US10638710B2",
        "US10485213B1",
        "US10582689B1",
        "US10575493B1",
        "US10512242B1",
        "US10660293B2",
        "US10575492B1",
        "US10631508B2",
        "US10477822B1",
        "US10499603B1",
        "US10568291B1",
        "US10463011B1",
        "US10743491B2",
        "US10602690B2",
        "US10582678B1",
        "US10602692B2",
        "US10492452B1",
        "US10499602B1",
        "US10463013B1",
        "US10477823B1",
        "US10555489B1",
        "US10660294B2",
        "US10631509B2",
        "US10743492B2",
        "US10602706B2",
        "US10561107B1",
        "US10463012B1",
        "US10687503B2",
        "US10492453B1",
        "US10602691B2",
        "US10506788B1",
        "US10568290B1",
        "US10548286B1",
        "US10492454B1",
        "US10582679B1",
        "US10743493B2",
        "EP3628158A1",
        "CN113195462A",
        "AR116628A1",
        "US20210347777A1",
        "EP3643705A1",
        "US10506789B1",
        "EP3670501A1",
        "BR112021011492A2",
        "EP3696177A1",
        "WO2020165403A1",
        "MA55016A",
        "GB201903942D0",
        "WO2020208096A1",
        "WO2020208095A1",
        "CN109913580B",
        "CN109913581B",
        "CN109913582B",
        "US20220240508A1",
        "US20220202017A1",
        "EP3769623A1",
        "US10602693B1",
        "US10624305B1",
        "US10631512B1",
        "US10631513B1",
        "US10617091B1",
        "US10617080B1",
        "US10667484B1",
        "US10548287B1",
        "US10638686B1",
        "US10602709B1",
        "US10624288B1",
        "US10602707B1",
        "US10602708B1",
        "US10609883B1",
        "US10660295B1",
        "US10631514B1",
        "US10638713B1",
        "US10813335B1",
        "US10638714B1",
        "US10785950B1",
        "US10638687B1",
        "US10609889B1",
        "US10568292B1",
        "US10568284B1",
        "US10548273B1",
        "US10561108B1",
        "US10617092B1",
        "WO2020244970A1",
        "US10631487B1",
        "WO2020244969A1",
        "JP2022536081A",
        "US10548288B1",
        "US10548289B1",
        "US10561109B1",
        "US10602710B1",
        "US10555490B1",
        "US10568294B1",
        "US10555492B1",
        "US10561090B1",
        "US10561089B1",
        "US10548290B1",
        "US10555491B1",
        "US10660296B1",
        "US10568293B1",
        "US10548274B1",
        "CN114072384A",
        "GB201910037D0",
        "EP3766879A1",
        "CA3147858A1",
        "CA3148209A1",
        "MX2022000951A",
        "US10939643B2",
        "US10905071B1",
        "US10918051B1",
        "US10849300B1",
        "US10863709B1",
        "US11096357B2",
        "US10863708B1",
        "US10925235B1",
        "US10925238B1",
        "US10912270B1",
        "US10918054B1",
        "US10905072B1",
        "US10869452B1",
        "US10925236B1",
        "US10993401B2",
        "US10932429B2",
        "US10918050B1",
        "US10932428B2",
        "US10925237B1",
        "US10918053B1",
        "US10918052B1",
        "US10925239B1",
        "US10888063B1",
        "US10856507B1",
        "US10856508B1",
        "US10918055B1",
        "US10881074B1",
        "US10827714B1",
        "US10939646B2",
        "US10897864B1",
        "US10925240B1",
        "US10881073B1",
        "US11266100B2",
        "US10849301B1",
        "US10939644B2",
        "US10939645B2",
        "US11122759B2",
        "US10959389B2",
        "US10912271B1",
        "US10918056B1",
        "US10973194B2",
        "US10874078B1",
        "US10842116B1",
        "US10945397B2",
        "US10939647B2",
        "US10842117B1",
        "US10939648B2",
        "US10973193B2",
        "US10827715B1",
        "US10863710B1",
        "US10869453B1",
        "US11019788B2",
        "US10905073B1",
        "US11026388B2",
        "US10905074B1",
        "US11019787B2",
        "US11006602B2",
        "US11019789B2",
        "EP4007494A1",
        "US10905075B1",
        "US11026387B2",
        "US11129346B2",
        "US10925241B1",
        "US10912273B1",
        "US10980203B2",
        "US11076552B2",
        "US11096359B2",
        "US10973195B2",
        "US11019790B2",
        "EP3701796A1",
        "US11044866B2",
        "US10952391B2",
        "US10945398B2",
        "US11096360B2",
        "US11109550B2",
        "US11044865B2",
        "US10952393B2",
        "US10959390B2",
        "US11044867B2",
        "US11071271B2",
        "US10952392B2",
        "US11096361B2",
        "US11013196B2",
        "US10863711B1",
        "US11044869B2",
        "US11039590B2",
        "US10973196B2",
        "US10905079B1",
        "US11129348B2",
        "US11006603B2",
        "US10856509B1",
        "US11129347B2",
        "US10932430B1",
        "US10869454B1",
        "US11129349B2",
        "US11160237B2",
        "US11039591B2",
        "US11071272B2",
        "US10863712B1",
        "US11044868B2",
        "US11109551B2",
        "US11096362B2",
        "WO2021043642A1",
        "CN110512023B",
        "US11266105B2",
        "US11259493B2",
        "US11266109B2",
        "US11337400B2",
        "US11185044B2",
        "US11266110B2",
        "US11350595B2",
        "US11259494B2",
        "US11178841B2",
        "US11229182B2",
        "US11266107B2",
        "US11284587B2",
        "US11185043B2",
        "US11266106B2",
        "US11266111B2",
        "US11297792B2",
        "US11576341B2",
        "US11266108B2",
        "US11576340B2",
        "WO2021058659A1",
        "JP2022550564A",
        "WO2021063735A1",
        "WO2021063736A1",
        "BR112022006774A2",
        "BR112022006791A2",
        "US11252922B2",
        "US11330777B2",
        "US11324181B2",
        "US11272679B2",
        "US11252921B2",
        "US11330783B2",
        "JP2023501978A",
        "WO2021097162A1",
        "WO2021094132A1",
        "TW202134226A",
        "EP4061131A1",
        "TW202136248A",
        "US20210238579A1",
        "WO2021165195A1",
        "EP3708565A1",
        "BR112022017254A2",
        "UY39115A",
        "CN111172158B",
        "WO2021209490A1",
        "EP4135512A1",
        "CN115715290A",
        "US20230157287A1",
        "EP3903582A1",
        "EP3903581A1",
        "EP3903583A1",
        "EP3903584A1",
        "GB202006399D0",
        "GB202006480D0",
        "GB202006606D0",
        "JP2023538713A",
        "TW202208347A",
        "CN115605462A",
        "EP3909950A1",
        "US20230192617A1",
        "CN111657226B",
        "WO2021247477A1",
        "JP2023528891A",
        "CA3186659A1",
        "WO2021249800A1",
        "EP3945089A1",
        "IL298987A",
        "CA3186972A1",
        "BR112022025941A2",
        "WO2021255118A1",
        "UY39275A",
        "BR112022025692A2",
        "BR112022025710A2",
        "UY39276A",
        "EP3929189A1",
        "JP2023532548A",
        "EP3939961A1",
        "WO2022017836A1",
        "US20230309493A1",
        "US11242534B1",
        "US11214811B1",
        "US11369073B2",
        "WO2022026563A1",
        "US11326177B2",
        "EP3970494A1",
        "WO2022033991A1",
        "IL300935A",
        "US11234406B1",
        "US11206797B1",
        "US11234405B1",
        "WO2022053453A1",
        "US11252923B1",
        "US11259495B1",
        "US11317588B2",
        "US11277996B1",
        "US11357200B2",
        "US11284592B1",
        "US11310988B2",
        "US11350596B2",
        "US11317587B2",
        "US11229183B1",
        "US11439111B2",
        "US11330784B2",
        "US11419299B2",
        "US11399496B2",
        "US11357201B2",
        "US11324183B2",
        "US11324182B2",
        "US11363778B2",
        "US11337401B2",
        "US11406080B2",
        "US11412692B2",
        "US11363779B2",
        "US11744211B2",
        "US11343987B2",
        "US11343988B2",
        "US11363780B2",
        "US11425879B2",
        "WO2022058327A1",
        "US11317589B2",
        "US11399497B2",
        "US11369074B2",
        "US11350597B2",
        "US11324184B2",
        "US11310989B2",
        "US11343989B2",
        "US11606926B2",
        "GB202014840D0",
        "EP3974414A1",
        "EP4236691A1",
        "WO2022090069A1",
        "US11653612B2",
        "WO2022090071A1",
        "US11612128B2",
        "US11477960B2",
        "US11596122B2",
        "US11547075B2",
        "US11510382B2",
        "US11653613B2",
        "US11412694B2",
        "US11343991B2",
        "US11445689B2",
        "US11284594B1",
        "US11457591B2",
        "US11284593B1",
        "US11277997B1",
        "US11350600B2",
        "US11445688B2",
        "US11343992B2",
        "US11343990B2",
        "US11357205B2",
        "US11343993B2",
        "US11533883B2",
        "US11464195B2",
        "US11432518B2",
        "US11533884B2",
        "US11547077B2",
        "US11484000B2",
        "US11369076B2",
        "US11343995B1",
        "US11357206B2",
        "US11528879B2",
        "US11330785B1",
        "US11547076B2",
        "US11477961B2",
        "US11343994B1",
        "US11510384B2",
        "US11350601B2",
        "US11445690B2",
        "US11457600B2",
        "US11457601B2",
        "US11382301B2",
        "US11343996B1",
        "US11439114B2",
        "US11553671B2",
        "WO2022106304A1",
        "AR124281A1",
        "UY39544A",
        "WO2022117650A1",
        "EP4259627A1",
        "EP3915971A1",
        "CA3205419A1",
        "WO2022129190A1",
        "WO2022129196A1",
        "WO2022129188A1",
        "EP4036083A1",
        "WO2022173885A1",
        "EP4043444A1",
        "US11653614B2",
        "US20220380792A1",
        "AR125089A1",
        "WO2022207496A1",
        "WO2022207494A1",
        "WO2022233758A1",
        "WO2022233869A1",
        "WO2022233777A1",
        "WO2022238391A1",
        "EP4091451A1",
        "WO2022243107A1",
        "WO2022243109A1",
        "WO2022243111A1",
        "WO2022263285A1",
        "WO2022266271A1",
        "UY39827A",
        "WO2023278651A1",
        "WO2023275116A1",
        "EP4119547A1",
        "WO2023011958A1",
        "WO2023011957A1",
        "WO2023019188A1",
        "WO2023017120A1",
        "US20230063927A1",
        "EP4140986A1",
        "US11647724B2",
        "US11647720B2",
        "US11696556B2",
        "US11647721B2",
        "US11678636B2",
        "US11647722B2",
        "US11647723B2",
        "US11641838B2",
        "US11666031B2",
        "US11641837B2",
        "US11678635B2",
        "WO2023025682A1",
        "EP4140995A1",
        "WO2023034731A1",
        "US11696558B2",
        "US11700827B2",
        "US11672229B2",
        "US11700825B2",
        "US11716947B2",
        "US11647726B2",
        "US11700826B2",
        "US11800847B2",
        "US11672230B2",
        "US11647725B2",
        "US11696557B2",
        "US11647727B2",
        "US20230151379A1",
        "EP4144739A1",
        "EP4151631A1",
        "US20230087522A1",
        "US11744215B2",
        "US11730132B2",
        "US11707044B2",
        "US11744216B2",
        "US11758869B2",
        "US11716957B2",
        "US11716958B2",
        "US11744217B2",
        "US11744218B2",
        "US11751529B2",
        "US20230108968A1",
        "US20230116819A1",
        "WO2023072671A1",
        "WO2023072670A1",
        "WO2023078915A1",
        "WO2023099445A1",
        "EP4194453A1",
        "WO2023108035A1",
        "EP4198033A1",
        "EP4198023A1",
        "US20230284577A1",
        "WO2023148036A1",
        "WO2023148028A1",
        "WO2023156402A1",
        "WO2023156270A1",
        "EP4238971A1",
        "WO2023168217A1",
        "WO2023192838A1",
        "WO2023196886A1",
        "WO2023205714A1"
    ]
}