{
    "patent_id": "US-11625615-B2",
    "title": "Artificial intelligence advisory systems and methods for behavioral pattern matching and language generation ",
    "assignee": "Kpn Innovations, Llc.",
    "publication_date": "2023-04-11",
    "patent_link": "https://patents.google.com/patent/US11625615B2/en",
    "inventors": [
        "Kenneth Neumann"
    ],
    "classifications": [
        "G06N5/02",
        "G06N5/041",
        "G06F16/3344",
        "G06F21/316",
        "G06N20/00",
        "G16H10/20",
        "G16H15/00",
        "G16H20/30",
        "G16H20/60",
        "G16H20/70",
        "G16H40/67",
        "G16H50/20",
        "G16H50/70",
        "G16H80/00",
        "G06F40/35",
        "G06F40/56",
        "G06N3/045",
        "G06N5/01"
    ],
    "abstract": "An artificial intelligence system for behavioral pattern matching and language generation includes at least a server. The system includes a behavior modification module operating on the at least a server, wherein the behavior modification module is designed and configured to receive at least a request for a behavior modification and generate a behavior modification model as a function of the at least a request for behavior modification. The system includes an artificial intelligence advisor operating on the at least a server, wherein the artificial intelligence advisor is configured to receive at least a user input from a user client device, generate at least a textual output using the behavior modification model and the at least a user input, and transmit the at least a textual output to the user client device.",
    "claims": "\n1. An artificial intelligence system for behavioral pattern matching and language generation, the system comprising:\nat least a server;\na behavior modification module operating on the at least a server, wherein the behavior modification module is designed and configured to:\nreceive at least a request for a behavior modification;\nreceive at least an expert quality; and\ngenerate a behavior modification model as a function of the at least a request for behavior modification;\nan artificial intelligence advisor operating on the at least a server, wherein the artificial intelligence advisor comprises at least an expert module, wherein the artificial intelligence advisor is configured to:\nreceive at least a user input from a user client device;\ngenerate at least a textual output using the behavior modification model and the at least a user input;\ngenerate an expert list as a function of the at least an expert quality and the at least a request for a behavior modification; and\ntransmit the at least a textual output to the user client device; and\na consultation initiator operating on the at least a server, wherein the consultation initiator is configured to:\ngenerate a consultation module as a function of the textual output, wherein generating the consultation module comprises training the consultation module using a consultation training set;\ndetect a consultation event as a function of the consultation module and the textual output;\ngenerate at least a query using the at least a user input as a function of a language processing module;\ndetermine that the at least a query includes a conversational language query;\ngenerate a conversational response using the conversational language query; and\nselect at least an expert from the expert list as a function of the consultation event.\n2. The artificial intelligence system of claim 1, wherein the at least a user input further comprises a textual input.\n3. The artificial intelligence system of claim 1, wherein the at least user input further comprises at least an element of metadata.\n4. The artificial intelligence system of claim 1, wherein the input analysis module further comprises a language processing module configured to map the at least a user input to the at least a query.\n5. The artificial intelligence system of claim 1, wherein the processing module is further configured to:\nretrieve at least a datum from a default response database using the conversational language query; and\ngenerate the conversational response using the at least a datum.\n6. The artificial intelligence system of claim 1, wherein the processing module further includes a user communication learner configured to generate the at least a conversational response using the conversational language query.\n7. The artificial intelligence system of claim 1, wherein the processing module is further configured to:\ndetermine that the at least a query includes an informational query; and\ngenerate an informational response using the informational query.\n8. The artificial intelligence system of claim 7, wherein the processing module is further configured to:\nretrieve at least a datum from the behavior modification model using the informational query; and\ngenerate the informational response using the at least a datum.\n9. An artificial intelligence method of behavioral pattern matching and language generation, the method comprising:\nreceiving, by at least a server, at least a request for a behavior modification;\ngenerating, by the at least a server, a behavior modification model as a function of the at least a request for behavior modification;\nreceiving, by the at least a server, at least an expert quality;\ngenerating, by the at least a server, an expert list as a function of the at least an expert quality and the at least a request for a behavior modification\nreceiving, by the at least a server, at least a user input from a user client device;\ngenerating, by the at least a server, at least a textual output using the behavior modification model and the at least a user input;\ntransmitting, by the at least a server, the at least a textual output to the user client device;\ngenerating, by the at least a server, a consultation module as a function of the textual output;\ndetecting, by the at least a server, a consultation event as a function of the consultation module and the textual output;\ngenerating at least a query using the at least a user input;\ndetermining that the at least a query includes a conversational language query;\ngenerating a conversational response using the conversational language query; and\nselecting, by the at least a server, at least an expert from the expert list as a function of the consultation event.\n10. The method of claim 9, wherein the at least a user input further comprises a textual input.\n11. The method of claim 9, wherein the at least user input further comprises at least an element of metadata.\n12. The method of claim 9, further comprising mapping, using a language processing module, the at least a user input to the at least a query.\n13. The method of claim 9 further comprising:\nretrieving at least a datum from a default response database using the conversational language query; and\ngenerating the conversational response using the at least a datum.\n14. The method of claim 9 further comprising generating the at least a conversational response using a user communication learner.\n15. The method of claim 9, further comprising:\ndetermining that the at least a query includes an informational query; and generating an informational response using the informational query.\n16. The method of claim 15 further comprising:\nretrieving at least a datum from the behavior modification model using the informational query; and\ngenerating the informational response using the at least a datum.",
    "status": "Active",
    "citations_own": [
        "US20080171916A1",
        "US20090048903A1",
        "US20140276244A1",
        "US9185238B1",
        "US20160162785A1",
        "US20160212076A1",
        "US20160314265A1",
        "US9600297B1",
        "US20170235849A1",
        "US9948689B2",
        "US9965553B2",
        "US10168866B2",
        "US20190027052A1",
        "US20190066849A1",
        "US20200320363A1",
        "US10957451B2",
        "US11074994B2",
        "US11244764B2"
    ],
    "citations_ftf": [
        "US10650920B2",
        "US11297470B2",
        "US20210005316A1",
        "US11640403B2",
        "US20230223132A1"
    ],
    "citedby_own": [],
    "citedby_ftf": [
        "US9420971B2",
        "EP3280329A4",
        "US10206572B1",
        "EP3674915A1",
        "US11630952B2",
        "US11257583B2",
        "US11636870B2",
        "US11748352B2",
        "CN114428811B",
        "CN115203271B"
    ]
}