{
    "patent_id": "US-11621865-B2",
    "title": "Systems and methods for automated platform-based algorithm monitoring ",
    "assignee": "Pearson Education, Inc.",
    "publication_date": "2023-04-04",
    "patent_link": "https://patents.google.com/patent/US11621865B2/en",
    "inventors": [
        "Stephen Carroll",
        "David Lovejoy",
        "Simcha Knif",
        "Gennadiy Kukartsev"
    ],
    "classifications": [
        "G06Q10/06398",
        "G06F18/211",
        "G06F18/2431",
        "G06F18/285",
        "G06F21/552",
        "G06F21/554",
        "G06F21/56",
        "G06F21/577",
        "G06F3/048",
        "G06F3/0481",
        "G06F3/0482",
        "G06K9/6227",
        "G06K9/6228",
        "G06K9/628",
        "G06N20/00",
        "G06N20/10",
        "G06N20/20",
        "G06N3/02",
        "G06N3/08",
        "G06N5/003",
        "G06N5/01",
        "G06N7/005",
        "G06N7/01",
        "G06Q10/0635",
        "G06Q50/20",
        "G06Q50/205",
        "G08B21/182",
        "G08B31/00",
        "G09B7/02",
        "H04L12/1895",
        "H04L51/18",
        "H04L63/0227",
        "H04L63/0428",
        "H04L63/10",
        "H04L63/1416",
        "H04L63/1433",
        "H04L63/1441",
        "H04L63/20",
        "H04L67/306",
        "H04L67/535",
        "G09B5/065",
        "H04L41/0681"
    ],
    "abstract": "Systems and methods for feature-based alert triggering are disclosed herein. The system can include memory including a model database containing a machine-learning algorithm. The system can include a user device that can receive inputs from a user; and at least one server. The at least one server can: receive electrical signals from the user device, the electrical signals corresponding to a plurality of user inputs provided to the user device; automatically generate input-based features from the received electrical signals; input the input-based features into the machine-learning algorithm; automatically and directly generate a risk prediction with the machine-learning algorithm from the input-based features; and generate and display an alert when the risk prediction exceeds a threshold value.",
    "claims": "\n1. A system comprising:\na database coupled to a network and storing a plurality of instructions, comprising a Hurst coefficient, average correct on first try percent, average test score, average homework score, average part score, number of attempted parts, average number of attempted parts, or average number of attempts per part, for generating a plurality of first level features from a user input;\na server comprising a computing device coupled to a network and comprising at least one processor executing instructions within a memory which, when executed, cause the system to:\nreceive, through the network from a user of a client device, a user input;\ngenerate, from the user input, a plurality of first level features according to the plurality of instructions;\ngenerate a plurality of second level features from an aggregation of the plurality of first level features over a plurality of sequential predetermined times;\nidentify:\na second level feature set comprising:\nportions of the plurality of first level features and the plurality of the second level features, and\na first shared attribute between the user and a plurality of users of a plurality of additional client devices;\na second shared attribute between the second level feature set and a plurality of additional second level feature sets;\nan anomaly in the second level feature set; and\na risk based on the identified anomaly, wherein the risk is non-specific to the user of the client device;\ninput the second level feature set, the second shared attribute, and the risk into a machine learning classifier and\ngenerate, as an output from a machine-learning classifier, a risk prediction.\n2. The system of claim 1, wherein the instructions further cause the system to:\ngenerate a plurality of additional first level features from a plurality of additional user inputs;\naggregate the plurality of additional first level features over the plurality of sequential predetermined times to produce a second aggregation of the plurality of additional first level features; and\ngenerate a plurality of additional second level features based on the second aggregation.\n3. The system of claim 2, wherein the instructions further cause the system to aggregate the plurality of first level features until a minimum number of the plurality of first level features has been aggregated.\n4. The system of claim 3, wherein the instructions further cause the system to generate the plurality of second level features when the minimum number of the plurality of first level features has been aggregated.\n5. The system of claim 1, wherein the instructions further cause the system to transmit, through the network for display on a second client device, an alert based on the risk prediction, wherein the alert comprises a graphical depiction of the risk prediction.\n6. The system of claim 1, wherein the instructions further cause the system to generate the plurality of first level features and the plurality of second level features at an end of each of the plurality of sequential predetermined times.\n7. A method comprising:\nreceiving, by a server comprising a computing device coupled to a network and comprising at least one processor executing instructions within a memory, through the network from a user of a client device, a user input;\ngenerating, by the server from the user input, according to a plurality of instructions stored in a database coupled to the network, a plurality of first level features;\ngenerating, by the server from an aggregation of the plurality of first level features over a plurality of sequential predetermined times, a plurality of second level features;\nidentifying, by the server:\na second level feature set comprising:\nportions of the plurality of first level features and the plurality of the second level features, and\na first shared attribute between the user and a plurality of users of a plurality of additional client devices;\na second shared attribute between the second level feature set and a plurality of additional second level feature sets;\nan anomaly in the second level feature set; and\na risk based on the identified anomaly, wherein the risk is non-specific to the user of the client device;\ninputting, by the server, the second level feature set, the second shared attribute, and the risk into a machine learning classifier and\ngenerating, by the server as an output from a machine-learning classifier, a risk prediction.\n8. The method of claim 7, further comprising the steps of:\ngenerating, by the server, a plurality of additional first level features from a plurality of additional user inputs;\naggregating, by the server, the plurality of additional first level features over the plurality of sequential predetermined times to produce a second aggregation of the plurality of additional first level features; and\ngenerating, by the server, a plurality of additional second level features based on the second aggregation.\n9. The method of claim 8, further comprising the step of aggregating, by the server, the plurality of first level features until a minimum number of the plurality of first level features has been aggregated.\n10. The method of claim 9, further comprising the step of generating, by the server, the plurality of second level features when the minimum number of the plurality of first level features has been aggregated.\n11. The method of claim 7, further comprising the step of transmitting, by the server through the network for display on a second user device, an alert based on the risk prediction, wherein the alert comprises a graphical depiction of the risk prediction.\n12. The method of claim 7, further comprising the step of generating, by the server, the plurality of first level features and the plurality of second level features at an end of each of the plurality of sequential predetermined times.\n13. A system comprising a server, comprising a computing device coupled to a network and comprising at least one processor executing instructions within a memory, the server being configured to:\nreceive, through the network from a user of a client device, a user input;\ngenerate, from the user input, according to a plurality of instructions stored in a database coupled to the network, a plurality of first level features;\ngenerate a plurality of second level features from an aggregation of the plurality of first level features over a plurality of sequential predetermined times;\nidentify:\na second level feature set comprising:\nportions of the plurality of first level features and the plurality of the second level features, and\na first shared attribute between the user and a plurality of users of a plurality of additional client devices;\na second shared attribute between the second level feature set and a plurality of additional second level feature sets;\nan anomaly in the second level feature set; and\na risk based on the identified anomaly, wherein the risk is non-specific to the user of the client device;\ninput the second level feature set, the second shared attribute, and the risk into a machine learning classifier and\ngenerate, as an output from a machine-learning classifier, a risk prediction.\n14. The system of claim 13, wherein the server is further configured to:\ngenerate a plurality of additional first level features from a plurality of additional user inputs;\naggregate the plurality of additional first level features over the plurality of sequential predetermined times to produce a second aggregation of the plurality of additional first level features; and\ngenerate a plurality of additional second level features based on the second aggregation.\n15. The system of claim 14, wherein the server is further configured to aggregate the plurality of first level features until a minimum number of the plurality of first level features has been aggregated.\n16. The system of claim 15, wherein the server is further configured to generate the plurality of second level features when the minimum number of the plurality of first level features has been aggregated.\n17. The system of claim 13, wherein the server is further configured to transmit, through the network for display on a second user device, an alert based on the risk prediction, wherein the alert comprises a graphical depiction of the risk prediction.\n18. The system of claim 13, wherein the server is further configured to generate the plurality of first level features and the plurality of second level features at an end of each of the plurality of sequential predetermined times.",
    "status": "Active",
    "citations_own": [
        "US6016486A",
        "US6024577A",
        "US20040243328A1",
        "US20060122834A1",
        "US20060147890A1",
        "US20060166174A1",
        "US20070050360A1",
        "US20070124373A1",
        "US20070150856A1",
        "US20070156479A1",
        "US20080038708A1",
        "US20080133501A1",
        "US20080176202A1",
        "US20080228747A1",
        "WO2009058344A1",
        "US20090157482A1",
        "US20090157625A1",
        "US20090157660A1",
        "US20090156955A1",
        "US20090157481A1",
        "US20090156907A1",
        "US20090157751A1",
        "US20090164401A1",
        "US20090183259A1",
        "US20090217196A1",
        "US20090234784A1",
        "US20090251457A1",
        "US20090299925A1",
        "US20090327101A1",
        "US20100030578A1",
        "US20100313141A1",
        "US20110010332A1",
        "US20110093309A1",
        "US20120054040A1",
        "US20120123806A1",
        "US20120185942A1",
        "US20120209795A1",
        "US20120221485A1",
        "US20120221486A1",
        "US20120288845A1",
        "US20120303559A1",
        "US20130031470A1",
        "US8412736B1",
        "US20130097246A1",
        "US20130096892A1",
        "US20130117368A1",
        "US20130246317A1",
        "US20140075336A1",
        "US20140079297A1",
        "US20140129493A1",
        "US8755737B1",
        "US20140188585A1",
        "US20140201126A1",
        "US20140205990A1",
        "US20140222719A1",
        "US20140227675A1",
        "US20140244664A1",
        "US20140272911A1",
        "US20140308645A1",
        "US20140310729A1",
        "US20140325586A1",
        "US20140330759A1",
        "US20140358825A1",
        "US20150039541A1",
        "US20150066813A1",
        "US20150100356A1",
        "US20150147728A1",
        "US20150163121A1",
        "US20150161566A1",
        "US20150178626A1",
        "US20150193699A1",
        "US9160742B1",
        "US20150310757A1",
        "US20150324459A1",
        "US20150379887A1",
        "US9286910B1",
        "US9313098B1",
        "US20160104163A1",
        "US20160127010A1",
        "US9336268B1",
        "US20160132291A1",
        "US20160155069A1",
        "US20160170996A1",
        "US20160224803A1",
        "US9418337B1",
        "US20160239918A1",
        "US20160262128A1",
        "US9461972B1",
        "US20160300252A1",
        "US20160314255A1",
        "US9491187B2",
        "US20160328698A1",
        "US20160364124A1",
        "US20160366167A1",
        "US20160371618A1",
        "US20170005868A1",
        "US20170024531A1",
        "US20170061344A1",
        "US20170068895A1",
        "US20170076620A1",
        "US20170108995A1",
        "US20170116581A1",
        "US20170118576A1",
        "US20170139762A1",
        "US20170154539A1",
        "US20170169532A1",
        "US20170178024A1",
        "US20170185921A1",
        "US9697016B2",
        "US20170213272A1",
        "US20170255867A1",
        "US20170262635A1",
        "US9779084B2",
        "US20170300816A1",
        "US20170322795A1",
        "US20170339178A1",
        "US20170344656A1",
        "US20170366496A1",
        "US20180005161A1",
        "US20180012462A1",
        "US20180012460A1",
        "US20180012463A1",
        "US20180025084A1",
        "US20180039779A1",
        "US20180046609A1",
        "US20180046939A1",
        "US20180063062A1",
        "US20180060738A1",
        "US20180061254A1",
        "US20180114135A1",
        "US20180129960A1",
        "US20180130032A1",
        "US20180144256A1",
        "US9985916B2",
        "US20180150464A1",
        "US20180165584A1",
        "US20180189282A1",
        "US20180203926A1",
        "US20180225605A1",
        "US20180233057A1",
        "US20180239500A1",
        "US10063582B1",
        "US20180253661A1",
        "US10091322B2",
        "US20180285730A1",
        "US20180293905A1",
        "US10116680B1",
        "US20180316571A1",
        "US10154460B1",
        "US20180367484A1",
        "US20180367483A1",
        "US20190028492A1",
        "US20190028545A1",
        "US20190034060A1",
        "US20190034826A1",
        "US20190036775A1",
        "US10204307B1",
        "US20190068627A1",
        "US10360226B2",
        "US10452993B1",
        "US11042600B1"
    ],
    "citations_ftf": [
        "US9235812B2",
        "US20150100512A1",
        "US8812960B1",
        "US10783254B2",
        "US10984338B2"
    ],
    "citedby_own": [],
    "citedby_ftf": [
        "USD762659S1",
        "CA3040775A1",
        "US20190026473A1",
        "US10867128B2",
        "US20190087830A1",
        "US10742500B2",
        "US10885393B1",
        "US11108880B2",
        "US11468312B2",
        "US10628138B2",
        "US10565229B2",
        "US11463441B2",
        "US11429886B2",
        "USD876464S1",
        "US10979447B2",
        "US10742687B2",
        "USD899437S1",
        "USD899438S1",
        "US11597394B2",
        "US10656795B1",
        "JP7225923B2",
        "JP7074104B2",
        "US20200320435A1",
        "US11381651B2",
        "US11270021B2",
        "US20210110294A1",
        "CN111144611A",
        "US11783235B2",
        "US20210243205A1",
        "US11249861B2",
        "US11556815B1",
        "US20210357436A1",
        "US20220058517A1",
        "US11540027B2",
        "US11271810B1",
        "US11605288B2",
        "US11468671B2",
        "US11477616B2",
        "US11630677B2",
        "US11720414B2",
        "US11604773B2",
        "US20220327947A1"
    ]
}