{
    "patent_id": "US-11080459-B2",
    "title": "Computational wafer inspection ",
    "assignee": "Asml Netherlands B.V.",
    "publication_date": "2021-08-03",
    "patent_link": "https://patents.google.com/patent/US11080459B2/en",
    "inventors": [
        "Christophe David FOUQUET",
        "Bernardo Kastrup",
        "Arie Jeffrey Den Boef",
        "Johannes Catharinus Hubertus Mulkens",
        "James Benedict KAVANAGH",
        "James Patrick Koonmen",
        "Neal Patrick CALLAN"
    ],
    "classifications": [
        "H01L22/20",
        "G03F7/705",
        "G03F7/70525",
        "G03F7/7065",
        "G06F30/20",
        "G06F30/398",
        "G06N7/005",
        "G06N7/01"
    ],
    "abstract": "A defect prediction method for a device manufacturing process involving processing a portion of a design layout onto a substrate, the method including: identifying a hot spot from the portion of the design layout; determining a range of values of a processing parameter of the device manufacturing process for the hot spot, wherein when the processing parameter has a value outside the range, a defect is produced from the hot spot with the device manufacturing process; determining an actual value of the processing parameter; determining or predicting, using the actual value, existence, probability of existence, a characteristic, or a combination thereof, of a defect produced from the hot spot with the device manufacturing process.",
    "claims": "\n1. A non-transitory computer readable medium having instructions therein, the instructions, upon execution by a computer system, configured to cause the computer system at least to:\nobtain a pattern from a portion of a design layout for processing onto a substrate by a device manufacturing process;\ndetermine or obtain a sensitivity of the pattern with respect to a processing parameter of the device manufacturing process for the pattern; and\ndetermine or predict, using the sensitivity and by a computer hardware system, an existence, a probability of existence, a characteristic, or a combination selected therefrom, of a defect produced from the pattern using the device manufacturing process.\n2. The non-transitory computer readable medium of claim 1, wherein the instructions are further configured to determine the sensitivity by deducing a partial derivative of a characteristic of the pattern with respect to the processing parameter, from a model that simulates the characteristic at least partially based on the processing parameter.\n3. The non-transitory computer readable medium of claim 1, wherein the instructions are further configured to determine the sensitivity by simulating a characteristic of the pattern under at least two values of the processing parameter.\n4. The non-transitory computer readable medium of claim 1, wherein the instructions are further configured to determine, based on the existence, the probability of existence, the characteristic, or combination selected therefrom, an area of the substrate to inspect using an inspection apparatus.\n5. The non-transitory computer readable medium of claim 1, wherein the instructions configured to determine or predict the existence, the probability of existence, the characteristic, or combination selected therefrom, are further configured to determine or predict the existence, the probability of existence, the characteristic, or combination selected therefrom, based on an actual value of the processing parameter as obtained in an execution of the device manufacturing process.\n6. The non-transitory computer readable medium of claim 1, wherein the determining or obtaining of the sensitivity and/or the determination or prediction of the existence, the probability of existence, the characteristic, or combination selected therefrom, involves simulation of an image, or an expected patterning contour, of the pattern under the processing parameter and to produce an image parameter or contour parameter as a simulated result.\n7. The non-transitory computer readable medium of claim 1, wherein the instructions are further configured to cause the computer system to make an adjustment of, or a compensation for, the processing parameter using the existence, the probability of existence, the characteristic, or combination selected therefrom.\n8. A metrology tool configured to inspect a substrate onto which a portion of a design layout is processed by a device manufacturing process, the metrology tool comprising:\nthe non-transitory computer readable medium of claim 1; and\nan inspection unit configured to selectively inspect the substrate.\n9. A method for a device manufacturing process involving processing a portion of a design layout onto substrates, the method comprising:\nobtaining a pattern from a portion of a design layout for processing onto a substrate by a device manufacturing process;\ndetermining or obtaining a sensitivity of the pattern with respect to a processing parameter of the device manufacturing process for the pattern; and\ndetermining or predicting, using the sensitivity and by a computer hardware system, an existence, a probability of existence, a characteristic, or a combination selected therefrom, of a defect produced from the pattern using the device manufacturing process.\n10. The method according to claim 9, comprising determining the sensitivity, wherein the determining the sensitivity comprises determining the sensitivity by deducing a partial derivative of a characteristic of the pattern with respect to the processing parameter, from a model that simulates the characteristic at least partially based on the processing parameter.\n11. The method according to claim 9, comprising determining the sensitivity, wherein the determining the sensitivity comprises determining the sensitivity by simulating a characteristic of the pattern under at least two values of the processing parameter.\n12. The method according to claim 9, further comprising determining, based on the existence, the probability of existence, the characteristic, or combination selected therefrom, an area of the substrate to inspect using an inspection apparatus.\n13. The method according to claim 9, wherein the determining or predicting the existence, the probability of existence, the characteristic, or combination selected therefrom, is further based on an actual value of the processing parameter as obtained in an execution of the device manufacturing process.\n14. A method of manufacturing a device, the method comprising:\nperforming the method according to claim 9; and\nadjusting substrate processing based on the existence, the probability of existence, the characteristic, or combination selected therefrom.\n15. A non-transitory computer readable medium having instructions recorded thereon, the instructions, when executed by a computer system, configured to cause the computer system at least to:\nobtain information regarding a pattern from a portion of a design layout to be processed onto a substrate by a device manufacturing process, the pattern having a sensitivity to a processing parameter of the device manufacturing process for the pattern;\nobtain an actual value of the processing parameter as obtained in an execution of the device manufacturing process; and\ndetermine, based on the actual value and the sensitivity, an area of the substrate to inspect using an inspection apparatus.\n16. The non-transitory computer readable medium of claim 15, wherein the instructions configured to cause the computer system to obtain information regarding the pattern are further configured to cause the computer system to identify the pattern using an empirical model or a computational model.\n17. The non-transitory computer readable medium of claim 15, wherein the determination, based on the actual value and the sensitivity, of the area of the substrate involves simulation of an image, or an expected patterning contour, of the pattern under the processing parameter and to produce an image parameter or contour parameter as a simulated result.\n18. The non-transitory computer readable medium of claim 15, wherein the instructions are further configured to cause the computer system to indicate whether the pattern is to be inspected to the exclusion of another pattern at least partially based on an existence, a probability of existence, a characteristic, or combination selected therefrom, of a defect produced from the pattern using the device manufacturing process.\n19. The non-transitory computer readable medium of claim 15, wherein the defect is undetectable before the substrate is irreversibly processed.\n20. A metrology tool configured to inspect a substrate onto which a portion of a design layout is processed by a device manufacturing process, the metrology tool comprising:\nthe non-transitory computer readable medium of claim 15; and\nan inspection unit configured to selectively inspect the substrate.",
    "status": "Active",
    "citations_own": [
        "JPS5045445Y2",
        "JPH0254547A",
        "JP2003246295A",
        "CN1498418A",
        "TW200422887A",
        "US6847588B1",
        "DE102005009536A1",
        "TW200636521A",
        "US20070061772A1",
        "US7333192B2",
        "US20080147374A1",
        "US20080148195A1",
        "US20080148194A1",
        "TW200830129A",
        "US20080230695A1",
        "JP2008242112A",
        "US20080253644A1",
        "JP2008268560A",
        "US20090157360A1",
        "JP2009163110A",
        "US20090206252A1",
        "JP2009206453A",
        "JP2010039382A",
        "US7689948B1",
        "JP2010102055A",
        "JP2010258353A",
        "US20100324878A1",
        "US20110085162A1",
        "US20110143271A1",
        "JP2011524635A",
        "US20110239167A1",
        "US20120229786A1",
        "US20120278768A1",
        "US20130031522A1",
        "US20130031518A1",
        "US20130176558A1",
        "JP2013175016A",
        "KR101310168B1",
        "US20130267047A1",
        "CN103645612A",
        "CN103645611A",
        "CN103744267A",
        "US8918742B2",
        "US20150185626A1",
        "US20150185625A1",
        "US20150186582A1",
        "US20150227654A1",
        "US20160085905A1",
        "US9355200B2",
        "WO2016091536A1",
        "WO2016091534A1",
        "WO2016096668A1",
        "WO2016128189A1",
        "WO2016128190A1",
        "WO2016142169A1",
        "US20160313651A1",
        "US9507907B2",
        "US9606442B2",
        "US20170160648A1"
    ],
    "citations_ftf": [
        "JPS4958616A",
        "JPS5045445A",
        "JP2003248295A",
        "NL2007577A"
    ],
    "citedby_own": [
        "US20210255548A1"
    ],
    "citedby_ftf": [
        "JP6491677B2",
        "KR102250062B1",
        "CN107077077B",
        "US9891538B2",
        "US11126092B2",
        "US10656531B2",
        "US9965848B2",
        "KR102182011B1",
        "WO2017114662A1",
        "US9915625B2",
        "US10684557B2",
        "WO2017194281A1",
        "WO2018010928A1",
        "TWI647528B",
        "JP7022111B2",
        "US10402688B2",
        "EP3343294A1",
        "US10140400B2",
        "WO2018141503A1",
        "WO2018172039A1",
        "TWI641960B",
        "TW202249529A",
        "CN110869854B",
        "US11282695B2",
        "US10445452B2",
        "KR102585064B1",
        "WO2019129468A1",
        "JP6966342B2",
        "US10572697B2",
        "US11624981B2",
        "US10872406B2",
        "KR20230137490A",
        "US10605745B2",
        "JP7305430B2",
        "EP3627225A1",
        "TW202020577A",
        "WO2020094385A1",
        "WO2020135997A1",
        "JP7281547B2",
        "JP7366626B2",
        "KR20220039802A",
        "US11221300B2",
        "CN111429426B",
        "CN111221225B",
        "WO2022245381A1",
        "CN113658125A"
    ]
}