{
    "patent_id": "US-11008590-B2",
    "title": "Methods and compositions for RNA-directed target DNA modification and for RNA-directed modulation of transcription ",
    "assignee": "The Regents Of The University Of California, University Of Vienna, Emmanuelle Charpentier",
    "publication_date": "2021-05-18",
    "patent_link": "https://patents.google.com/patent/US11008590B2/en",
    "inventors": [
        "Jennifer A. DOUDNA",
        "Martin Jinek",
        "Krzysztof Chylinski",
        "Emmanuelle Charpentier"
    ],
    "classifications": [
        "C12N15/907",
        "A01H6/4684",
        "A01K67/027",
        "A61K38/465",
        "A61P31/00",
        "A61P31/04",
        "A61P31/12",
        "A61P35/00",
        "A61P43/00",
        "C12N15/102",
        "C12N15/111",
        "C12N15/113",
        "C12N15/63",
        "C12N15/70",
        "C12N15/746",
        "C12N15/90",
        "C12N15/902",
        "C12N5/10",
        "C12Q1/686",
        "C12Y301/04",
        "H01L21/02312",
        "H01L21/02365",
        "H01L33/0075",
        "A61K48/00",
        "C07K2319/71",
        "C07K2319/85",
        "C12N2310/11",
        "C12N2310/13",
        "C12N2310/14",
        "C12N2310/20",
        "C12N2310/31",
        "C12N2310/32",
        "C12N2310/33",
        "C12N2310/3519",
        "C12N2310/531",
        "C12N2800/80",
        "C12N9/22",
        "Y02A50/30"
    ],
    "abstract": "The present disclosure provides a DNA-targeting RNA that comprises a targeting sequence and, together with a modifying polypeptide, provides for site-specific modification of a target DNA and/or a polypeptide associated with the target DNA. The present disclosure further provides site-specific modifying polypeptides. The present disclosure further provides methods of site-specific modification of a target DNA and/or a polypeptide associated with the target DNA The present disclosure provides methods of modulating transcription of a target nucleic acid in a target cell, generally involving contacting the target nucleic acid with an enzymatically inactive Cas9 polypeptide and a DNA-targeting RNA. Kits and compositions for carrying out the methods are also provided. The present disclosure provides genetically modified cells that produce Cas9; and Cas9 transgenic non-human multicellular organisms.",
    "claims": "\n1. A composition comprising\n(1) a Cas9 protein or a nucleic acid encoding the Cas9 protein, wherein the Cas9 protein is a Streptococcus pyogenes Cas9; and\n(2) a DNA-targeting RNA, or one or more nucleic acids encoding the DNA-targeting RNA, wherein the DNA-targeting RNA comprises:\n(a) a targeter-RNA comprising:\n(i) a first nucleotide sequence that is complementary to a target sequence of a target DNA, and (ii) a second nucleotide sequence that hybridizes with an activator-RNA, wherein the first and second nucleotide sequences are heterologous to one another; and\n(b) the activator-RNA, which hybridizes with the second nucleotide sequence of the targeter-RNA to form a double-stranded RNA (dsRNA) duplex, wherein the activator-RNA hybridizes with the targeter-RNA to form a total of 8 to 15 base pairs,\nwherein the DNA-targeting RNA is capable of forming a complex with the Cas9 protein and guiding the complex to the target sequence of the target DNA.\n2. The composition of claim 1, wherein the targeter-RNA and the activator-RNA are not covalently linked to one another by intervening nucleotides.\n3. The composition of claim 1, wherein the targeter-RNA and the activator-RNA are two separate RNA molecules.\n4. The composition of claim 1, wherein the first nucleotide sequence is 18 to 25 nucleotides long.\n5. The composition of claim 1, further comprising a nuclease inhibitor.\n6. The composition of claim 1, wherein the Cas9 protein comprises a mutation in a RuvC and/or an HNH domain.\n7. The composition of claim 1, wherein the Cas9 protein comprises a heterologous polypeptide.\n8. The composition of claim 7, wherein the heterologous polypeptide comprises an endosomolytic domain, an influenza HA domain, an IF2 domain, a GST domain, a GRPE domain, a 6\u00d7His tag, a hemagglutinin (HA) tag, or green fluorescent protein.\n9. The composition of claim 1, wherein the Cas9 protein is fused to a protein transduction domain (PTD).\n10. The composition of claim 1, wherein the DNA-targeting RNA is capable of firming a complex with the Cas9 protein and guiding the complex to the target sequence to cleave the target DNA.\n11. The composition of claim 10, further comprising a donor polynucleotide.\n12. The composition of claim 1, wherein the DNA-targeting RNA is capable of forming a complex with the Cas9 protein and guiding the complex to the target sequence to cleave the target DNA.\n13. The composition of claim 12, further comprising a donor polynucleotide.\n14. The composition of claim 1, wherein the composition comprises a protein-RNA complex comprising the Cas9 protein and the DNA-targeting RNA.\n15. The composition of claim 1, comprising the DNA-targeting RNA and the nucleic acid encoding the Cas9 protein.\n16. The composition of claim 1, comprising the nucleic acid encoding the Cas9 protein and/or the one or more nucleic acids encoding the DNA-targeting RNA.\n17. The composition of claim 16, wherein the nucleic acid encoding the Cas9 protein is an RNA.\n18. The composition of claim 16, wherein the nucleic acid encoding the Cas9 protein is a DNA.\n19. The composition of claim 16, wherein the nucleic acid encoding the Cas9 protein and/or the one or more nucleic acids encoding the DNA-targeting RNA, is a plasmid, a cosmid, a minicircle, a phage, or a viral vector.\n20. The composition of claim 1, wherein the activator-RNA comprises the 67 nt tracrRNA sequence UAGCAAGUUAAAAUAAGGCUAGUCCGUUAUCAACUUGAAAAAGUGGCACCGAGUCGGU GCUUUUUUU (SEQ ID NO: 432); or the 26 nucleotide tracrRNA sequence UAGCAAGUUAAAAUAAGGCUAGUCCG (SEQ ID NO: 397).\n21. The composition of claim 1, comprising the DNA-targeting RNA, wherein the DNA-targeting RNA comprises one or more non-natural internucleoside linkages, one or more nucleic acid mimetics, one or more modified sugar moieties, and/or one or more modified nucleobases.\n22. The composition of claim 1, comprising the DNA-targeting RNA, wherein the DNA-targeting RNA comprises one or more phosphorothioates, one or more inverted polarity linkages, one or more abasic nucleoside linkages, one or more locked nucleic acids (LNAs), one or more 2\u2032-O-methoxyethyl modified sugar moieties, one or more 2\u2032-O-methyl modified sugar moieties, one or more 2\u2032-O-(2-methoxyethyl) modified sugar moieties, one or more 2\u2032-fluoro modified sugar moieties, one or more 2\u2032-dimethylaminooxyethoxy modified sugar moieties, one or more 2\u2032-dimethylaminoethoxyethoxy modified sugar moieties, one or more peptide nucleic acids (PNAs), one or more morpholino nucleic acids, and/or one or more cyclohexenyl nucleic acids (CeNAs).\n23. The composition of claim 22, wherein the DNA-targeting RNA comprises said one or more 2\u2032-O-methyl modified sugar moieties and/or said one or more 2\u2032-fluoro modified sugar moieties.\n24. The composition of claim 1, comprising the DNA-targeting RNA, wherein the targeter-RNA and/or the activator-RNA are conjugated to a heterologous moiety.\n25. A composition comprising\n(1) a Cas9 protein or a nucleic acid encoding the Cas9 protein, wherein the Cas9 protein is a Streptococcus pyogenes Cas9; and\n(2) a DNA-targeting RNA, or one or more nucleic acids encoding the DNA-targeting RNA, wherein the DNA-targeting RNA comprises:\n(a) a targeter-RNA comprising:\n(i) a first nucleotide sequence that is complementary to a target sequence of a target DNA, and (ii) a second nucleotide sequence that hybridizes with an activator-RNA, wherein the first and second nucleotide sequences are heterologous to one another; and\n(b) the activator-RNA, which hybridizes with the second nucleotide sequence of the targeter-RNA to form a double-stranded RNA (dsRNA) duplex, wherein the activator-RNA hybridizes with the targeter-RNA to form a total of 8 to 15 base pairs,\nwherein the activator-RNA comprises the 67 nt tracrRNA sequence UAGCAAGUUAAAAUAAGGCUAGUCCGUUUAUCAACUUGAAAAAGUGGCACCGAGUCGGU GCUUUUUUU (SEQ ID NO: 432), and\nwherein the DNA-targeting RNA is capable of forming a complex with the Cas9 protein and guiding the complex to the target sequence of the target DNA.\n26. A kit comprising:\n(1) a Cas9 protein or a nucleic acid encoding the Cas9 protein, wherein the Cas9 protein is a Streptococcus pyogenes Cas9; and\n(2) a DNA-targeting RNA, or one or more nucleic acids encoding the DNA-targeting RNA, wherein the DNA-targeting RNA comprises:\n(a) a targeter-RNA comprising:\n(i) a first nucleotide sequence that is complementary to a target sequence of a target DNA, and (ii) a second nucleotide sequence that hybridizes with an activator-RNA, wherein the first and second nucleotide sequences are heterologous to one another; and\n(b) the activator-RNA, which hybridizes with the second nucleotide sequence of the targeter-RNA to form a double-stranded RNA (dsRNA) duplex, wherein the activator-RNA hybridizes with the targeter-RNA to form a total of 8 to 1 base pairs,\nwherein the DNA-targeting RNA is capable of forming a complex with the Cas9 protein and guiding the complex to the target sequence of the target DNA; and\nwherein (a) and (b) are separated.\n27. The kit of claim 26, wherein the first nucleotide sequence is 18 to 25 nucleotides long.\n28. The kit of claim 26, wherein the activator-RNA comprises the 67 in tracrRNA sequence UAGCAAGUUAAAAUAAGGCUAGUCCGUUAUCAACUUGAAAAAGUGGCACCGAGUCGGU GCUUUUUUU (SEQ ID NO: 432); or the 26 nucleotide tracrRNA sequence UAGCAAGUUAAAAUAAGGCUAGUCCG (SEQ 11) NO: 397).\n29. The kit of claim 26, wherein the Cas9 protein comprises a mutation in a RuvC and/or an HNH domain.\n30. The kit of claim 26, wherein the Cas9 protein comprises a heterologous polypeptide.",
    "status": "Active",
    "citations_own": [
        "WO1988008450A1",
        "US5766900A",
        "US5767367A",
        "WO2002034771A2",
        "US20020119570A1",
        "US20020182673A1",
        "US6583336B1",
        "US20030186238A1",
        "US20030232410A1",
        "US20040111221A1",
        "US20050026157A1",
        "US20050208489A1",
        "US20060199190A1",
        "US20060234247A1",
        "US20060253913A1",
        "US20070016012A1",
        "WO2007025097A2",
        "US20070134796A1",
        "US20070218528A1",
        "WO2007136815A2",
        "US20080159996A1",
        "WO2008108989A2",
        "US7534819B2",
        "US20090227029A1",
        "US20100034924A1",
        "WO2010021692A1",
        "US20100055798A1",
        "US20100055728A1",
        "US20100076057A1",
        "US7691995B2",
        "WO2010054108A2",
        "US7745609B2",
        "WO2010075424A2",
        "WO2010076057A1",
        "WO2010079430A1",
        "WO2010117464A1",
        "WO2010125471A2",
        "WO2011011767A1",
        "US20110082093A1",
        "WO2011072246A2",
        "US20110182867A1",
        "US20110189776A1",
        "US20110207221A1",
        "US20110223638A1",
        "US20110236530A1",
        "US20110243904A1",
        "WO2011146121A1",
        "US20110294114A1",
        "US20110300538A1",
        "WO2011156430A2",
        "WO2012012738A1",
        "US20120029891A1",
        "US20120192298A1",
        "WO2012164565A1",
        "WO2013044008A2",
        "US20130130248A1",
        "US8450107B1",
        "WO2013098244A1",
        "CN103224947A",
        "CN103233028A",
        "WO2013126794A1",
        "WO2013130824A1",
        "WO2013141680A1",
        "WO2013142578A1",
        "CN103343120A",
        "WO2013155572A1",
        "US20130288251A1",
        "WO2013160230A1",
        "WO2013169398A2",
        "WO2013169802A1",
        "US20130309670A1",
        "WO2013176772A1",
        "WO2013181440A1",
        "US20130326725A1",
        "US20130330778A1",
        "EP2674501A1",
        "WO2013188522A2",
        "WO2013188638A2",
        "WO2013192278A1",
        "US20140017212A1",
        "US20140017214A1",
        "WO2014018423A2",
        "WO2014022702A2",
        "US20140045176A1",
        "WO2014039692A2",
        "WO2014039684A1",
        "WO2014039872A1",
        "US20140080216A1",
        "US8697359B1",
        "WO2014059255A1",
        "WO2014065596A1",
        "US20140123330A1",
        "US20140127752A1",
        "WO2014071006A1",
        "WO2014089290A1",
        "WO2014093635A1",
        "WO2014093712A1",
        "WO2014093701A1",
        "WO2014093595A1",
        "WO2014093709A1",
        "WO2014093479A1",
        "WO2014093718A1",
        "WO2014093694A1",
        "WO2014093655A2",
        "WO2014093622A2",
        "WO2014099750A2",
        "WO2014104878A1",
        "WO2014113493A1",
        "US20140235933A1",
        "WO2014127287A1",
        "US20140242702A1",
        "US20140273235A1",
        "US20140273230A1",
        "US20140273037A1",
        "US20140287938A1",
        "US20140295557A1",
        "US20140298547A1",
        "US20140304853A1",
        "US20140309487A1",
        "US20140335063A1",
        "US20140349405A1",
        "US20140356956A1",
        "US20140356867A1",
        "US20140364333A1",
        "WO2014204728A1",
        "WO2014204726A1",
        "WO2014204727A1",
        "WO2014204729A1",
        "WO2014204725A1",
        "US20140377868A1",
        "US8921332B2",
        "US20150031089A1",
        "US20150071889A1",
        "US20150128308A1",
        "US20150128309A1",
        "US20150128307A1",
        "US20150140664A1",
        "US20150159174A1",
        "US20150166980A1",
        "US20150211058A1",
        "US20150225801A1",
        "US20150232883A1",
        "US20150232881A1",
        "US20150240263A1",
        "US20150259684A1",
        "US20150267205A1",
        "US20150283265A1",
        "US20150291969A1",
        "US20160168594A1",
        "US20160186213A1",
        "US20160298096A1",
        "US20170073685A1",
        "US20200340115A1"
    ],
    "citations_ftf": [
        "US106048A",
        "DE1133825B",
        "US3687808A",
        "US4952496A",
        "US5034506A",
        "US5585362A",
        "US5451513A",
        "US5489677A",
        "US5602240A",
        "CA2103705C",
        "US5222982A",
        "US5714331A",
        "US5719262A",
        "US5539082A",
        "DE69233013T2",
        "US5252479A",
        "FR2688514B1",
        "US7153684B1",
        "EP0673431A1",
        "ES2249761T3",
        "PL186073B1",
        "US5576198A",
        "US5545817A",
        "US5545818A",
        "US5843780A",
        "EP0955984B1",
        "JP3756313B2",
        "WO1999014226A2",
        "WO1999020741A1",
        "US6667176B1",
        "US7410798B2",
        "US7078387B1",
        "CA2381425A1",
        "US7229961B2",
        "EP1083231A1",
        "US7256286B2",
        "CA2437983C",
        "US7169874B2",
        "WO2007025091A2",
        "MX352337B",
        "US8278104B2",
        "US20090227032A1",
        "DK2019683T4",
        "US20080081064A1",
        "JP2008307007A",
        "PT2868315T",
        "US9683232B2",
        "JP2011510750A",
        "WO2010117646A1",
        "US9046593B2",
        "AR093946A1",
        "US8939652B2",
        "NL2010038C2",
        "WO2014191021A1",
        "NL2010994C2",
        "DE102015226614A1",
        "US10250380B2"
    ],
    "citedby_own": [
        "WO2023077148A1",
        "WO2023122764A1",
        "WO2023205744A1"
    ],
    "citedby_ftf": [
        "EP2401367B1",
        "DK2604110T3",
        "US9445581B2",
        "US20120204278A1",
        "US9585920B2",
        "US9457077B2",
        "US9987224B2",
        "US11273187B2",
        "US11357722B2",
        "US10512661B2",
        "US10245288B2",
        "US11191665B2",
        "US10548761B2",
        "US10940169B2",
        "US10085938B2",
        "US9730967B2",
        "US10010568B2",
        "US11523934B2",
        "US10687975B2",
        "US10583033B2",
        "US10111913B2",
        "US10835560B2",
        "US11419903B2",
        "US10314865B2",
        "US10086018B2",
        "US10842834B2",
        "EA202090994A1",
        "US10323236B2",
        "EP2758535B1",
        "WO2013045916A1",
        "US10465042B2",
        "US9253965B2",
        "UA115772C2",
        "US11021737B2",
        "GB201122458D0",
        "US9637739B2",
        "GB2502127A",
        "US10251377B2",
        "IN2014DN09261A",
        "US10564147B2",
        "PL2800811T3",
        "RU2014153918A",
        "CA2877290A1",
        "AU2013293270B2",
        "JP6517143B2",
        "KR102575769B1",
        "AU2013344375B2",
        "BR112015011995B1",
        "EP3138909A1",
        "PT2896697E",
        "WO2014093655A2",
        "DK2896697T3",
        "ES2701749T3",
        "US8697359B1",
        "BR122021008308B1",
        "EP2931899A1",
        "CN110872583A",
        "US20140310830A1",
        "PT2898075E",
        "EP3553174A1",
        "CN104995302B",
        "US11135273B2",
        "WO2014124226A1",
        "CN103981147B",
        "US11466306B2",
        "RU2690352C2",
        "JP2016507244A",
        "US10138509B2",
        "BR112015022061B1",
        "US20140349400A1",
        "WO2014144155A1",
        "US9957515B2",
        "US10760064B2",
        "US20140273230A1",
        "US11434494B2",
        "KR20220139435A",
        "US9234213B2",
        "US9885033B2",
        "US9788534B2",
        "US20160186208A1",
        "DK2986729T3",
        "US9783618B2",
        "US11707056B2",
        "US9783593B2",
        "JP2016518142A",
        "WO2014186435A2",
        "EP3730615A3",
        "WO2014186686A2",
        "US11414695B2",
        "WO2014191518A1",
        "CA2913869C",
        "CA2914638A1",
        "US9267135B2",
        "US9982277B2",
        "WO2014199358A1",
        "EP3011029B1",
        "KR20160056869A",
        "EP3011033B1",
        "CN113425857A",
        "WO2014204725A1",
        "SG11201510327TA",
        "US10011850B2",
        "SG10201800111SA",
        "RU2748433C2",
        "WO2015010114A1",
        "US10563225B2",
        "US10421957B2",
        "CA2920253A1",
        "US20150044772A1",
        "US9163284B2",
        "US20150059010A1",
        "US9359599B2",
        "US10760065B2",
        "US9340799B2",
        "US9388430B2",
        "US9526784B2",
        "AU2014318691B2",
        "ES2844174T3",
        "ES2859373T3",
        "WO2015065964A1",
        "US10584358B2",
        "WO2015066643A1",
        "WO2015069682A2",
        "US11326209B2",
        "LT3066201T",
        "EP3071695A2",
        "US9074199B1",
        "US10787684B2",
        "LT3080279T",
        "CN105980568B",
        "CN106536729A",
        "WO2015089277A1",
        "US11053481B2",
        "KR20160097327A",
        "CA2932472A1",
        "CN106061510B",
        "CN111269902A",
        "WO2015089364A1",
        "WO2015089486A2",
        "CN106030310B",
        "AU2014363476A1",
        "US20150191744A1",
        "SG11201604815RA",
        "CN106029886B",
        "US11672835B2",
        "US11026982B2",
        "US11213552B2",
        "US11529379B2",
        "US11642382B2",
        "US10287354B2",
        "JP6721508B2",
        "US9963689B2",
        "JP6747974B2",
        "US20150197759A1",
        "US10787654B2",
        "WO2015112896A2",
        "US11315659B2",
        "US10354746B2",
        "WO2015116686A1",
        "US10604802B2",
        "WO2015123339A1",
        "US10287590B2",
        "CN113265394A",
        "US10286084B2",
        "AU2015218576B2",
        "CA2940217C",
        "CN103820454B",
        "WO2015134812A1",
        "JP6206893B2",
        "US11141493B2",
        "US11339437B2",
        "EP3553176A1",
        "JP6777549B2",
        "US20170081411A1",
        "EP3119423B1",
        "SG10201808218YA",
        "EP3916007A1",
        "AU2015236045B2",
        "EP3122880B1",
        "MX2016012716A",
        "US11318206B2",
        "WO2015153791A1",
        "JP2017509350A",
        "TWI753848B",
        "US11439712B2",
        "SG10201809157VA",
        "KR102390629B1",
        "WO2015168404A1",
        "US9574211B2",
        "SG11201608936UA",
        "EP3152221A4",
        "US20160060655A1",
        "WO2015188065A1",
        "DK3152312T3",
        "WO2015191693A2",
        "US11274302B2",
        "JP6730199B2",
        "AU2015274367B2",
        "EP3157328B1",
        "RU2707911C2",
        "KR102425438B1",
        "EP3161128B1",
        "WO2016007347A1",
        "US20170219596A1",
        "EP3169776A4",
        "MX2017000646A",
        "US20160053304A1",
        "US20160053272A1",
        "CA3176503A1",
        "EP3193915A1",
        "AU2015292755B2",
        "US11542488B2",
        "MY181834A",
        "EP3177718B1",
        "US20170209492A1",
        "US20160076093A1",
        "AU2015299850B2",
        "US9932566B2",
        "US10513711B2",
        "JP6919118B2",
        "WO2016025759A1",
        "US9879270B2",
        "EP3183358B1",
        "MX2017002205A",
        "EP3183367B1",
        "US10435685B2",
        "US9970030B2",
        "WO2016033298A1",
        "US10570418B2",
        "RU2017112324A3",
        "JP6839074B2",
        "WO2016049024A2",
        "CN107205353B",
        "WO2016054106A1",
        "CN107002098A",
        "WO2016054259A1",
        "WO2016050512A1",
        "SG10201913797YA",
        "EP3207131B1",
        "US20170306306A1",
        "EP3708155A1",
        "JP2018500006A",
        "WO2016073559A1",
        "EA038321B1",
        "WO2016073990A2",
        "US11470826B2",
        "CN104531632A",
        "NZ731962A",
        "CN107208070B",
        "GB201421096D0",
        "US10479997B2",
        "CA2969619A1",
        "EP3229586A4",
        "WO2016093668A2",
        "EP3889260A1",
        "WO2016094874A1",
        "CN107532162A",
        "ES2865268T3",
        "EP3786296A1",
        "WO2016097751A1",
        "WO2016100857A1",
        "US20190054117A1",
        "EP3232774B1",
        "AU2015364286B2",
        "EP3237624B1",
        "EP3237615B2",
        "AU2015373893B2",
        "US11396665B2",
        "WO2016114972A1",
        "MA41349A",
        "US10059940B2",
        "EA039511B1",
        "SG11201705788TA",
        "EP3250689B1",
        "CN107849563B",
        "SG10201913124RA",
        "WO2016130600A2",
        "JP6354100B2",
        "CN107532168A",
        "US20180200387A1",
        "US10968536B2",
        "AU2016226077B2",
        "WO2016142427A1",
        "ES2886901T3",
        "WO2016149422A1",
        "CN113846144B",
        "US10883117B2",
        "WO2016154596A1",
        "EP3553178A1",
        "KR20180029953A",
        "JP6873911B2",
        "US11390860B2",
        "EP3283090B1",
        "US11674144B2",
        "US20180298068A1",
        "WO2016172727A1",
        "CN114099712A",
        "EP3763814A1",
        "US11253616B2",
        "US11390884B2",
        "WO2016183402A2",
        "EP3294879A4",
        "EP3294880A4",
        "CA2985079A1",
        "EP3095870A1",
        "CA2983023A1",
        "US10117911B2",
        "UY36703A",
        "WO2016196655A1",
        "EP3303585A4",
        "US20180296537A1",
        "US20160362667A1",
        "GB201510296D0",
        "WO2016201399A1",
        "CN115537421A",
        "WO2016205680A1",
        "WO2016205703A1",
        "AU2016278226B2",
        "EP3436575A1",
        "KR20230132877A",
        "WO2016205759A1",
        "US9790490B2",
        "WO2017004279A2",
        "AU2016285724A1",
        "JP6765665B2",
        "MA42895A",
        "EP3957731A1",
        "WO2017015101A1",
        "EP3325018A4",
        "GB2595063B",
        "WO2017024047A1",
        "CA2995036A1",
        "EP3332007A4",
        "WO2017027392A1",
        "US9580727B1",
        "JP2018529759A",
        "BR112018002026A2",
        "EP3985111A1",
        "CA2995582A1",
        "EP3341727B1",
        "US9512446B1",
        "CN108513584A",
        "EP4036236A1",
        "US9926546B2",
        "CN107922949A",
        "US20170058272A1",
        "US11453864B2",
        "ES2938623T3",
        "CN108348166B",
        "CN108348167B",
        "WO2017044776A1",
        "WO2017044843A1",
        "DK3349802T3",
        "WO2017053312A1",
        "EP3353296B1",
        "WO2017053729A1",
        "EP3356533A1",
        "US20170088828A1",
        "AU2016331185A1",
        "EP3356520B1",
        "CN108513579B",
        "BR112018007351A2",
        "WO2017066497A2",
        "US9862941B2",
        "FR3042506B1",
        "IL258491B2",
        "BR112018008109A2",
        "JP7059179B2",
        "EP3365461B1",
        "US20170211142A1",
        "WO2017070633A2",
        "EP3350327B1",
        "CN108513546A",
        "CN108474022A",
        "US20180273609A1",
        "WO2017079026A1",
        "EP3371305A1",
        "AU2016349738A1",
        "EP3374501B1",
        "US10851367B2",
        "WO2017083766A1",
        "JP2018533959A",
        "US10669320B2",
        "US11220693B2",
        "US10675347B2",
        "US10086024B2",
        "US10568916B2",
        "US10933128B2",
        "US11529412B2",
        "US10946042B2",
        "CN109715801B",
        "MX2018005392A",
        "JP6995751B2",
        "US9988624B2",
        "US11208649B2",
        "JP6821598B2",
        "EP3387134B1",
        "WO2017106767A1",
        "EP3390632A1",
        "US20190075770A1",
        "AU2016369608B2",
        "WO2017105991A1",
        "EP3390624A4",
        "US11542466B2",
        "WO2017112944A1",
        "BR112018012894A2",
        "JP2019500394A",
        "WO2017123556A1",
        "US11441146B2",
        "US9856497B2",
        "US11427837B2",
        "AU2017208086A1",
        "EP3199632A1",
        "US11136589B2",
        "KR102255995B1",
        "US20190038771A1",
        "US11542515B2",
        "WO2017139354A1",
        "US11339427B2",
        "US10876129B2",
        "US9896696B2",
        "WO2017143061A1",
        "EP3416976A2",
        "WO2017143071A1",
        "EP3416689B1",
        "ES2754785T3",
        "CN105646719B",
        "US11530253B2",
        "WO2017147555A1",
        "WO2017151444A1",
        "US20190161742A1",
        "WO2017155715A1",
        "US20190100762A1",
        "CA3029735A1",
        "JP2019515654A",
        "US11083799B2",
        "EP3219799A1",
        "EP3433363A1",
        "WO2017165862A1",
        "US20190117799A1",
        "WO2017180915A2",
        "WO2017180694A1",
        "SG11201808920RA",
        "EP3443075B1",
        "SI3443096T1",
        "US20200172935A1",
        "CN109715198B",
        "CA3022290A1",
        "JP2019514377A",
        "WO2017189870A1",
        "WO2017189914A1",
        "WO2017191503A1",
        "WO2017193053A1",
        "CN109310775B",
        "WO2017197128A1",
        "JP6967217B2",
        "US11499158B2",
        "CN109153988B",
        "RU2021106817A",
        "MX2018014599A",
        "US11286493B2",
        "GB2582731B8",
        "GB201609811D0",
        "US10767175B2",
        "US11779657B2",
        "BR112018076027A2",
        "JP6940117B2",
        "US10337051B2",
        "US11788083B2",
        "EP3472310A1",
        "US11293021B1",
        "EP3474669B1",
        "US20190359992A1",
        "AU2017290614B2",
        "US11174469B2",
        "WO2018002812A1",
        "WO2018005793A1",
        "WO2018005655A2",
        "WO2018007980A1",
        "JP7305534B2",
        "WO2018007871A1",
        "CA3030837A1",
        "JP2019524098A",
        "WO2018015444A1",
        "WO2018020323A2",
        "CN106191043B",
        "SG11201900738YA",
        "MX2019001211A",
        "AU2017305404A1",
        "EP3494215A1",
        "US11078481B1",
        "JOP20170161A1",
        "US11661590B2",
        "KR101710026B1",
        "US20190264193A1",
        "US11046995B2",
        "US11434476B2",
        "CA3034101A1",
        "WO2018039438A1",
        "CA3035414C",
        "US11078483B1",
        "CN106399311A",
        "JP2019533139A",
        "EP3510151A4",
        "US20190218261A1",
        "US20190225974A1",
        "CN109996868A",
        "EP3519577A1",
        "GB201616590D0",
        "EP3519570B1",
        "MX2019003678A",
        "KR20190071725A",
        "US10669539B2",
        "MX2019003886A",
        "WO2018069232A1",
        "WO2018071448A1",
        "BR112019007327A2",
        "KR20190065403A",
        "GB201617559D0",
        "WO2018075664A1",
        "WO2018081138A1",
        "WO2018081531A2",
        "US20180119141A1",
        "WO2018083606A1",
        "WO2018085414A1",
        "WO2018081978A1",
        "CN109906030B",
        "US20190264218A1",
        "EP3538140A1",
        "WO2018094356A2",
        "US11440958B2",
        "CA3044531A1",
        "EP3548894B1",
        "US9816093B1",
        "CA3046220A1",
        "JP7206214B2",
        "AU2016432443A1",
        "US20180179553A1",
        "WO2018112470A1",
        "WO2018118585A1",
        "WO2018119359A1",
        "WO2018126087A1",
        "EP3342868B1",
        "JOP20190166A1",
        "WO2018127585A1",
        "EP3346001A1",
        "CA3049640A1",
        "EP4249501A2",
        "CA3048501A1",
        "US20230190958A1",
        "WO2018136783A1",
        "WO2018136758A1",
        "US11535662B2",
        "US11566253B2",
        "AU2018212986A1",
        "WO2018144535A1",
        "CN110494566A",
        "TW201839136A",
        "CN110494560A",
        "CA3053006C",
        "EP3580337A4",
        "JP7341060B2",
        "CA3054198A1",
        "CA3054031A1",
        "EP3585898A1",
        "US20200216857A1",
        "US20200040061A1",
        "EP3585899A1",
        "WO2018160731A1",
        "US11542496B2",
        "CN110913881A",
        "EP3595645A1",
        "KR102375033B1",
        "CA3057192A1",
        "EP3600427A1",
        "WO2018172556A1",
        "US10980779B2",
        "PT3526324T",
        "WO2018178237A1",
        "CA3056650A1",
        "US20200113821A1",
        "CN110325649A",
        "US11667677B2",
        "DK3612174T3",
        "CA3059956A1",
        "US11732251B2",
        "US20200179511A1",
        "EP3615055A1",
        "US11499151B2",
        "EP3619226A2",
        "US20210147798A1",
        "WO2018209320A1",
        "BR112019023608A2",
        "US11692184B2",
        "WO2018212361A1",
        "US20200171022A1",
        "WO2018218038A1",
        "US11788087B2",
        "CN108977442B",
        "SG11201911597YA",
        "EP3878961A1",
        "WO2018226900A2",
        "US20210079100A1",
        "WO2018227210A1",
        "EP3635104A1",
        "US11517901B2",
        "RU2020100074A3",
        "RU2022103603A",
        "US9982279B1",
        "US10011849B1",
        "CN111051510A",
        "CA3066945A1",
        "US10392616B2",
        "CA3066642A1",
        "RU2755308C2",
        "US20200140896A1",
        "CN111417724A",
        "EP3645021A4",
        "EP3427756A1",
        "WO2019036140A1",
        "WO2019018551A2",
        "WO2019016310A1",
        "WO2019020593A1",
        "CN109295054A",
        "US11732274B2",
        "JP2021500917A",
        "CA3065579A1",
        "SG11201912236YA",
        "MX2020001178A",
        "US11384383B2",
        "US11624077B2",
        "KR20200062184A",
        "WO2019036599A1",
        "EP3673054A4",
        "JP2020532967A",
        "US10738327B2",
        "EP3676376A2",
        "EP3678680A4",
        "EP3679072A1",
        "WO2019051135A1",
        "SG11202001754RA",
        "RU2020112313A3",
        "WO2019051097A1",
        "CA3075507A1",
        "WO2019051642A1",
        "WO2019055862A1",
        "CN111194350A",
        "BR112020004268A2",
        "US11453865B2",
        "CA3075849A1",
        "US20190218532A1",
        "WO2019057649A1",
        "US20200268837A1",
        "US11572574B2",
        "TW201923077A",
        "KR20190038407A",
        "MX2020003589A",
        "US10443074B2",
        "CA3078247A1",
        "KR20200062314A",
        "EP3694993A4",
        "US11795443B2",
        "MX2020003565A",
        "US20190247517A1",
        "US11745179B2",
        "US11499127B2",
        "US20210069241A1",
        "US20210214724A1",
        "WO2019081428A1",
        "KR102013798B1",
        "EP3701029A1",
        "CN109722415B",
        "MX2020004325A",
        "WO2019089798A1",
        "EP3704245A1",
        "EP3704239A4",
        "US20200255830A1",
        "MA50578A",
        "WO2019092042A1",
        "US20190141966A1",
        "EP3707150A1",
        "JP2021503279A",
        "US10953036B2",
        "WO2019101995A1",
        "CN116064611A",
        "US20220267403A1",
        "CN111918960A",
        "EP3720473A1",
        "WO2019113132A1",
        "CA3084263A1",
        "AU2018378833A1",
        "MA51138A",
        "US11661599B1",
        "CA3084191A1",
        "CA3084632A1",
        "US20190201548A1",
        "US11193132B2",
        "KR20200105861A",
        "US20210072244A1",
        "EP3735462A1",
        "WO2019140009A1",
        "WO2019140278A1",
        "EP3737690A1",
        "US20210254057A1",
        "US11268092B2",
        "US20210054064A1",
        "WO2019147275A1",
        "US20200370042A1",
        "WO2019150309A1",
        "EP3749768A1",
        "WO2019150196A1",
        "US20210093679A1",
        "EP3749764A1",
        "CA3084020A1",
        "MA51869A",
        "EP3752134A1",
        "WO2019161340A1",
        "CA3091267A1",
        "AU2019224051A1",
        "US11713472B2",
        "EP3762719A1",
        "EP3765094A4",
        "CN111885915B",
        "EP3768836A4",
        "US10760075B2",
        "US11041169B2",
        "CN112204131A",
        "WO2019193375A1",
        "AU2019250692A1",
        "US10376889B1",
        "WO2019204668A1",
        "MX2020010974A",
        "US10508273B2",
        "US10557216B2",
        "US10858761B2",
        "WO2019210153A1",
        "EP3785029A1",
        "BR112020022612A2",
        "WO2019213910A1",
        "WO2019217964A1",
        "WO2019222545A1",
        "JP2021524245A",
        "EP3572512A1",
        "EP3802807A1",
        "WO2019236893A2",
        "FR3082208A1",
        "EP3806962A1",
        "US11203744B2",
        "US11629179B2",
        "US20210285009A1",
        "WO2020018964A1",
        "AU2019312269A1",
        "WO2020028729A1",
        "JP2021533742A",
        "WO2020030979A2",
        "US10752874B2",
        "IL292273B2",
        "US11142740B2",
        "US10532324B1",
        "WO2020086144A2",
        "CN112912387A",
        "AU2019333104A1",
        "SG11202101455TA",
        "US11459551B1",
        "MX2021002266A",
        "WO2020048942A1",
        "US20210278420A1",
        "US10724052B2",
        "JP2021536250A",
        "US20220047567A1",
        "EP3849304A1",
        "WO2020068702A1",
        "US20220033486A1",
        "GB201815820D0",
        "WO2020070062A1",
        "US10711267B2",
        "JP7288915B2",
        "US20210347898A1",
        "US20200115716A1",
        "CA3116452A1",
        "CA3109984A1",
        "CA3116885A1",
        "AU2019360269A1",
        "KR20210102883A",
        "TW202027797A",
        "CA3116331A1",
        "WO2020079162A1",
        "CA3115534A1",
        "US11214781B2",
        "UY38427A",
        "US11407995B1",
        "US20210388389A1",
        "EP3874037A4",
        "JP2022505440A",
        "US11434477B1",
        "US20220009992A1",
        "CA3119618A1",
        "WO2020109412A1",
        "WO2020112195A1",
        "KR20200071198A",
        "US11166996B2",
        "EP3896155A4",
        "US10934536B2",
        "US11384344B2",
        "US20220062340A1",
        "JP2022514567A",
        "CA3124415A1",
        "WO2020136216A1",
        "SG11202106977PA",
        "WO2020142153A1",
        "AU2020205150A1",
        "WO2020142754A2",
        "TW202043256A",
        "US20220106584A1",
        "AU2020208190B2",
        "EP3911669A1",
        "WO2020148398A1",
        "US11419932B2",
        "US20220249625A1",
        "WO2020163396A1",
        "EP3921031A1",
        "WO2020163856A1",
        "WO2020168362A1",
        "CN113728099A",
        "WO2020169472A2",
        "GB201902277D0",
        "WO2020172332A1",
        "WO2020176389A1",
        "WO2020180699A1",
        "EP3935184A1",
        "EP3935156A4",
        "WO2020185590A1",
        "US11053515B2",
        "SG11202109972QA",
        "BR112021017703A8",
        "SG11202108091YA",
        "SG11202108090XA",
        "WO2020191234A1",
        "WO2020198174A1",
        "US11001831B2",
        "EP3947425A1",
        "WO2020193740A1",
        "EP3946330A1",
        "WO2020201362A2",
        "MX2021011956A",
        "US11111504B2",
        "CN114206108B",
        "KR20210148269A",
        "KR20210148270A",
        "KR20210148286A",
        "WO2020208082A1",
        "JP2022528722A",
        "GB201905360D0",
        "US20220251152A1",
        "BR112021021912A2",
        "CR20210591A",
        "US20220220565A1",
        "US11692197B2",
        "US20210047649A1",
        "CA3138329A1",
        "CA3141732A1",
        "WO2020239623A1",
        "US20220229072A1",
        "EP3980012A1",
        "CA3137761A1",
        "WO2020247587A1",
        "JP2022534809A",
        "MX2021015122A",
        "EP3813522A1",
        "WO2020249769A1",
        "US10907125B2",
        "US10920189B2",
        "WO2020264016A1",
        "US10927385B2",
        "KR20220024134A",
        "WO2021001431A1",
        "WO2021001427A1",
        "GB201909597D0",
        "KR20220034833A",
        "US10653731B1",
        "JP2022541761A",
        "US10801042B1",
        "US10557149B1",
        "WO2021009299A1",
        "WO2021013911A1",
        "WO2021023644A1",
        "WO2021028359A1",
        "AU2020329912A1",
        "CN114555790A",
        "EP4022063A1",
        "KR20220047381A",
        "CN115151275A",
        "US20220333133A1",
        "AU2020342207A1",
        "US11104918B2",
        "WO2021044377A1",
        "EP4025712A1",
        "WO2021046526A1",
        "MX2022002919A",
        "WO2021047775A1",
        "WO2021048316A1",
        "AU2020346056A1",
        "AU2020355000A1",
        "US20220348908A1",
        "US11542513B2",
        "WO2021063968A1",
        "WO2021067788A1",
        "WO2021064180A1",
        "WO2021069387A1",
        "CN114502566A",
        "EP3808766A1",
        "WO2021078359A1",
        "WO2021081264A1",
        "WO2021083959A1",
        "AU2020379046A1",
        "TW202132333A",
        "JP2023501617A",
        "JP2023502967A",
        "WO2021102059A1",
        "US20230037413A1",
        "CN110938659B",
        "WO2021099600A1",
        "WO2021108363A1",
        "IL292924A",
        "BR112022010153A2",
        "WO2021105368A1",
        "US20230002455A1",
        "EP4069838A1",
        "AU2020396138A1",
        "EP4069837A1",
        "US10704033B1",
        "GB201918586D0",
        "JP2023507566A",
        "CA3161898A1",
        "KR20220119408A",
        "IL271656A",
        "EP3842452A1",
        "CN114867850A",
        "WO2021136176A1",
        "CN110982820A",
        "US10689669B1",
        "US20230076415A1",
        "US20230073514A1",
        "US20210261932A1",
        "EP4093864A2",
        "US11225674B2",
        "CA3169272A1",
        "WO2021153047A1",
        "US20230095584A1",
        "US20230081547A1",
        "WO2021165508A1",
        "US20230183377A1",
        "JP2023515671A",
        "JP2023517326A",
        "KR20210116324A",
        "JP2023518395A",
        "CA3172120A1",
        "WO2021195079A1",
        "CA3179934A1",
        "US20230167152A1",
        "US20210319851A1",
        "US20230132275A1",
        "WO2021204877A2",
        "US20210332388A1",
        "US20230167191A1",
        "TW202208626A",
        "CN115667504A",
        "AU2021268649A1",
        "EP4145991A1",
        "EP4146797A1",
        "WO2021224401A1",
        "US20230279438A1",
        "WO2021230385A1",
        "US11787841B2",
        "US11263022B2",
        "EP4161552A1",
        "US20230235326A1",
        "AU2021288224A1",
        "CN111748539B",
        "US20230218608A1",
        "WO2021263146A2",
        "WO2022011007A1",
        "WO2022008597A1",
        "AU2021304639A1",
        "WO2022008935A1",
        "AU2021204717A1",
        "AU2021310363A1",
        "US20230323299A1",
        "US20230295615A1",
        "CN116583607A",
        "WO2022040134A1",
        "AU2021329375A1",
        "KR20230051677A",
        "AU2021328478A1",
        "WO2022047168A1",
        "WO2022047165A1",
        "AU2021331785A1",
        "EP4209589A1",
        "KR20230084505A",
        "EP4211245A1",
        "JP2023541457A",
        "US11299731B1",
        "WO2022061115A1",
        "WO2022061247A2",
        "JP2023542528A",
        "CN116209668A",
        "WO2022066973A1",
        "KR20230074525A",
        "WO2022067240A1",
        "WO2022070107A1",
        "US10894812B1",
        "WO2022072643A1",
        "US10947552B1",
        "EP4222256A1",
        "JP2023544387A",
        "WO2022074058A1",
        "TW202222841A",
        "WO2022079020A1",
        "KR20230091894A",
        "WO2022084531A1",
        "AU2021372482A1",
        "WO2022094245A1",
        "CN112553195B",
        "WO2022097663A1",
        "US11512297B2",
        "CA3201003A1",
        "WO2022104061A1",
        "EP4244391A1",
        "WO2022115506A2",
        "EP4251761A1",
        "US11591381B2",
        "EP4256052A1",
        "EP4259651A2",
        "WO2022147133A1",
        "EP4271798A1",
        "KR20230146007A",
        "WO2022147347A1",
        "US11306298B1",
        "WO2022148955A1",
        "US11332742B1",
        "KR20230142500A",
        "AU2022215636A1",
        "AU2022221606A1",
        "WO2022180153A1",
        "WO2022187125A1",
        "GB202103131D0",
        "WO2022194908A1",
        "WO2022204093A1",
        "WO2022214632A1",
        "WO2022214522A2",
        "WO2022214681A1",
        "WO2022217086A1",
        "WO2022219175A1",
        "AU2022256793A1",
        "CA3215435A1",
        "WO2022226291A1",
        "WO2022223791A1",
        "WO2022240846A1",
        "WO2022248645A1",
        "WO2022251644A1",
        "US20230023791A1",
        "WO2022256448A2",
        "WO2022254337A1",
        "CA3177712A1",
        "WO2022256578A2",
        "WO2022261115A1",
        "WO2022261394A1",
        "GB202108585D0",
        "WO2022266538A2",
        "US20230016422A1",
        "WO2022272293A1",
        "WO2023283585A2",
        "WO2023283359A2",
        "WO2023283495A1",
        "WO2023288281A2",
        "WO2023004409A1",
        "WO2023010135A1",
        "WO2023010133A2",
        "WO2023015182A1",
        "KR102573952B1",
        "KR102573948B1",
        "KR102574819B1",
        "KR102573947B1",
        "KR102584891B1",
        "EP4144841A1",
        "WO2023049742A2",
        "WO2023049926A2",
        "WO2023052366A1",
        "WO2023052508A2",
        "WO2023056329A1",
        "KR20230051095A",
        "WO2023064924A1",
        "WO2023064732A1",
        "WO2023069979A1",
        "WO2023070043A1",
        "US20230293727A1",
        "US20230149563A1",
        "WO2023077053A2",
        "WO2023078900A1",
        "WO2023081756A1",
        "WO2023081847A1",
        "WO2023086422A1",
        "GB202117314D0",
        "WO2023099591A1",
        "WO2023108047A1",
        "WO2023105000A1",
        "US20230193310A1",
        "WO2023105244A1",
        "GB202118058D0",
        "US20230279442A1",
        "WO2023111173A1",
        "WO2023111225A1",
        "WO2023122506A1",
        "WO2023118349A1",
        "WO2023119135A1",
        "WO2023118165A1",
        "WO2023122800A1",
        "WO2023129974A1",
        "WO2023137471A1",
        "WO2023137472A2",
        "WO2023141602A2",
        "WO2023139557A1",
        "WO2023144104A1",
        "WO2023144235A1",
        "WO2023150181A1",
        "WO2023150620A1",
        "WO2023150798A1",
        "EP4223877A1",
        "WO2023154861A1",
        "WO2023152351A1",
        "WO2023159103A1",
        "WO2023156587A1",
        "US20230265421A1",
        "WO2023164636A1",
        "WO2023167882A1",
        "WO2023192872A1",
        "WO2023196816A1",
        "WO2023194359A1",
        "CN114864002B",
        "JP7152094B1"
    ]
}