{
    "patent_id": "US-11369880-B2",
    "title": "Dynamic difficulty adjustment ",
    "assignee": "Electronic Arts Inc.",
    "publication_date": "2022-06-28",
    "patent_link": "https://patents.google.com/patent/US11369880B2/en",
    "inventors": [
        "Navid Aghdaie",
        "John Kolen",
        "Mohamed Marwan Mattar",
        "Mohsen Sardari",
        "Su Xue",
        "Kazi Atif-Uz Zaman",
        "Kenneth Alan Moss"
    ],
    "classifications": [
        "A63F13/56",
        "A63F13/67",
        "A63F13/35",
        "A63F13/58",
        "A63F13/60",
        "G06N20/00",
        "G06N7/005",
        "G06N7/01",
        "G06Q10/04",
        "G06Q30/02",
        "A63F2300/535"
    ],
    "abstract": "Embodiments of systems presented herein may perform automatic granular difficulty adjustment. In some embodiments, the difficulty adjustment is undetectable by a user. Further, embodiments of systems disclosed herein can review historical user activity data with respect to one or more video games to generate a game retention prediction model that predicts an indication of an expected duration of game play. The game retention prediction model may be applied to a user's activity data to determine an indication of the user's expected duration of game play. Based on the determined expected duration of game play, the difficulty level of the video game may be automatically adjusted.",
    "claims": "\n1. A computer-implemented method comprising:\nas implemented by an interactive computing system configured with specific computer-executable instructions,\naccessing user interaction data of a user, wherein the user interaction data is associated with interaction by the user with a video game;\naccessing a plurality of cluster definitions associated with a plurality of clusters, wherein each cluster definition of the plurality of cluster definitions is associated with a different cluster of the plurality of clusters, and wherein each cluster of the plurality of clusters comprises an identity of one or more users who share one or more engagement characteristics associated with interaction with the video game;\nselecting a target cluster from the plurality of clusters based at least in part on the user interaction data of the user and the plurality of cluster definitions;\nidentifying a configuration value for a state variable of the video game based at least in part on the target cluster; and\nconfiguring the state variable using the configuration value, wherein configuring the state variable adjusts a difficulty of the video game.\n2. The computer-implemented method of claim 1, wherein the state variable comprises a seed value that modifies execution of the video game.\n3. The computer-implemented method of claim 1, further comprising monitoring the user's interaction with the video game over a time period to obtain the user interaction data.\n4. The computer-implemented method of claim 1, wherein a change in execution of the video game associated with configuring the state variable is undetectable by the user.\n5. The computer-implemented method of claim 1, wherein selecting the target cluster from the plurality of clusters comprises matching characteristics of the user interaction data with characteristics associated with each of the plurality of clusters.\n6. The computer-implemented method of claim 1, further comprising storing an association between the user and the target cluster.\n7. The computer-implemented method of claim 1, wherein the plurality of clusters are associated with the video game, and wherein a second plurality of clusters are associated with a second video game.\n8. The computer-implemented method of claim 1, wherein each cluster from the plurality of clusters is associated with a different difficulty level for the video game, and wherein identifying the configuration value for the state variable comprises determining a difficulty level associated with the target cluster.\n9. The computer-implemented method of claim 1, further comprising:\ndetermining a user success value by predicting a user's success at playing the video game based at least in part on the target cluster and the user interaction data; and\nselecting the configuration value based at least in part on the user success value.\n10. The computer-implemented method of claim 1, further comprising:\nobtaining second user interaction data of the user based on interaction with the video game that is more recent than the interaction with the video game associated with the user interaction data; and\nmodifying the configuration value for the state variable based at least in part on the second user interaction data.\n11. The computer-implemented method of claim 1, wherein the one or more engagement characteristics may correspond to one or more of time played, success rate with respect to in-game objectives, or difficulty of video games.\n12. The computer-implemented method of claim 1, further comprising presenting an engagement characteristic associated with the target cluster to the user.\n13. The computer-implemented method of claim 12, further comprising receiving feedback from the user associated with the engagement characteristic and modifying selection of the target cluster to select a second target cluster based at least in part on the feedback from the user.\n14. A system comprising:\nan electronic data store configured to store cluster definitions that group user identities of users who play a video game, wherein each cluster definition is associated with a particular engagement characteristic associated with playing the video game; and\na hardware processor in communication with the electronic data store, the hardware processor configured to execute specific computer-executable instructions to at least:\naccess user interaction data of a user, wherein the user interaction data is associated with interaction by the user with the video game;\naccess from the electronic data store a plurality of cluster definitions associated with a plurality of clusters, wherein each cluster definition of the plurality of cluster definitions is associated with a different cluster of the plurality of clusters, and wherein each cluster of the plurality of clusters comprises an identity of one or more users who share one or more engagement characteristics associated with interaction with the video game;\nselect a target cluster from the plurality of clusters based at least in part on the user interaction data of the user and the plurality of cluster definitions;\nidentify a configuration value for a state variable of the video game based at least in part on the target cluster; and\nconfigure the state variable using the configuration value, wherein configuring the state variable adjusts a difficulty of the video game.\n15. The system of claim 14, wherein a change in execution of the video game associated with configuring the state variable is undetectable by the user.\n16. The system of claim 14, wherein the hardware processor is further configured to select the target cluster from the plurality of clusters by at least matching characteristics of the user interaction data with characteristics associated with each of the plurality of clusters.\n17. The system of claim 14, wherein each cluster from the plurality of clusters is associated with a different difficulty level for the video game, and wherein the hardware processor is further configured to identify the configuration value for the state variable by at least determining a difficulty level associated with the target cluster.\n18. The system of claim 14, wherein the hardware processor is further configured to execute specific computer-executable instructions to at least:\ndetermine a predicted success of the user at playing the video game based at least in part on the target cluster and the user interaction data; and\nselect the configuration value based at least in part on the predicted success.\n19. The system of claim 14, wherein the hardware processor is further configured to execute specific computer-executable instructions to at least:\nobtain second user interaction data of the user based on interaction with the video game that is more recent than the interaction with the video game associated with the user interaction data; and\nmodify the configuration value for the state variable based at least in part on the second user interaction data.\n20. The system of claim 14, wherein the hardware processor is further configured to execute specific computer-executable instructions to at least:\npresent an engagement characteristic associated with the target cluster to the user;\nreceive feedback from the user associated with the engagement characteristic; and\nmodify selection of the target cluster to select a second target cluster based at least in part on the feedback from the user.",
    "status": "Active",
    "citations_own": [
        "US5274801A",
        "US5683082A",
        "US6106395A",
        "US6253193B1",
        "US6285380B1",
        "US20040067788A1",
        "US20040152512A1",
        "US20050130725A1",
        "US20070054717A1",
        "US20070060364A1",
        "US20070066403A1",
        "US20070260567A1",
        "US7390254B2",
        "US20080268961A1",
        "US20080266250A1",
        "US20090202114A1",
        "KR20090092007A",
        "US20090307671A1",
        "US20100144444A1",
        "US20100302257A1",
        "US20110007079A1",
        "US20110035280A1",
        "US20110295649A1",
        "US8100770B2",
        "US8142282B2",
        "US20120083330A1",
        "US20120115580A1",
        "US20120220376A1",
        "US20120233105A1",
        "US8267764B1",
        "US20120244941A1",
        "US20120276964A1",
        "US20120309520A1",
        "US8398476B1",
        "US20130178281A1",
        "US8540560B2",
        "KR20130118433A",
        "US20130316779A1",
        "US20130342527A1",
        "US20140235346A1",
        "US8821290B2",
        "US20140249961A1",
        "US20140274370A1",
        "US8907193B2",
        "US8914251B2",
        "US20150105161A1",
        "US9033796B2",
        "CN104657412A",
        "US20150213646A1",
        "US20150302505A1",
        "US20150339532A1",
        "US20160005270A1",
        "US20160067612A1",
        "KR101603681B1",
        "US9616329B2",
        "US20170259177A1",
        "US20170312634A1",
        "US20170365102A1",
        "US20180001216A1",
        "US20180161673A1",
        "US20180161682A1",
        "US10004984B2",
        "US20180243656A1",
        "US10105603B2",
        "US20190087965A1",
        "US20190184286A1",
        "US20190197402A1",
        "US20190294881A1",
        "US10478730B1",
        "US20190354759A1",
        "US20190381407A1",
        "US10569176B2",
        "US20200193671A1",
        "US10713543B1",
        "US20200306640A1",
        "US20200342677A1",
        "US20210001229A1",
        "US20210008456A1"
    ],
    "citations_ftf": [],
    "citedby_own": [],
    "citedby_ftf": [
        "US9919217B2",
        "US10198914B2",
        "US20180061180A1",
        "US20180161673A1",
        "US10384133B1",
        "US10357718B2",
        "US10894215B1",
        "US10891219B1",
        "US10949325B1",
        "EP3694619A4",
        "CN107694093B",
        "US10632387B2",
        "CN108057242B",
        "US10572231B1",
        "US10694221B2",
        "US11429891B2",
        "CN110193203A",
        "US10839215B2",
        "CN108769192B",
        "US10559281B2",
        "US10713543B1",
        "JP7322878B2",
        "JP6573205B2",
        "EP3627400A1",
        "WO2020086338A1",
        "EP3870322A4",
        "EP3870326A4",
        "US11318388B2",
        "CN110796263A",
        "EP3870321A4",
        "US10918946B2",
        "CN109529351B",
        "CN109471712B",
        "GB2579613A",
        "GB2582303A",
        "US11276216B2",
        "US10953334B2",
        "CN111841009A",
        "US11033824B2",
        "CN110263937B",
        "US10940393B2",
        "US11110353B2",
        "US20210081498A1",
        "US20210129031A1",
        "US11574327B2",
        "WO2021150497A1",
        "US11541317B2",
        "US11648467B2",
        "US11389725B2",
        "US11179644B2",
        "US11351464B2",
        "CN111530081B",
        "US11446570B2",
        "US20210374183A1",
        "US20220004814A1",
        "CN111741367B",
        "US20220067052A1",
        "US11493995B2",
        "US11533279B2",
        "US11683283B2",
        "CN113318448B",
        "US11697069B1",
        "US20230109792A1",
        "GB2616285A",
        "CN116650970A",
        "CN116650973A"
    ]
}