{
    "patent_id": "US-11620455-B2",
    "title": "Intelligently summarizing and presenting textual responses with machine learning ",
    "assignee": "Qualtrics, Llc",
    "publication_date": "2023-04-04",
    "patent_link": "https://patents.google.com/patent/US11620455B2/en",
    "inventors": [
        "R. David Norton",
        "Jamie Morningstar",
        "Zheng Fang"
    ],
    "classifications": [
        "G06F40/30",
        "G06F16/3344",
        "G06F16/345",
        "G06F16/36",
        "G06N3/04",
        "G06N3/044",
        "G06N3/045",
        "G06N3/08",
        "G06N20/10",
        "G06N20/20",
        "G06N5/01"
    ],
    "abstract": "This disclosure relates to methods, non-transitory computer readable media, and systems apply machine-learning techniques and computational sentiment analysis to summarize sentences extracted from a group of textual responses or to select representative-textual responses from the group of textual responses. By using a response-extraction-neural network to extract (and sometimes paraphrase) sentences from textual responses, the disclosed methods, non-transitory computer readable media, and systems can generate a response summary of textual responses based on sentiment indicators corresponding to the textual responses. By applying a machine-learning classifier to generate textual quality scores for textual responses, the disclosed methods, non-transitory computer readable media, and systems select representative-textual responses from a group of textual responses based on relevancy parameters and sentiment indicators corresponding to the textual responses. Such computational techniques generate response summaries and representative responses that provide an efficient snapshot of a group of textual responses analyzed by machine learners.",
    "claims": "\n1. A system comprising:\nat least one processor; and\nat least one non-transitory computer readable storage medium storing instructions that, when executed by the at least one processor, cause the system to:\nprovide a set of textual responses to a text-quality classifier to generate a textual quality score for each textual response from the set of textual responses;\ndetermine a relevancy parameter, a sentiment indicator, and a topic for each textual response from the set of textual responses, wherein a given relevancy parameter indicates a relevance of a given textual response to a user query, a given sentiment indicator indicates a linguistic sentiment of the given textual response, and a given topic indicates a subject matter of the given textual response;\ngenerate a first response group of textual responses and a second response group of textual responses from the set of textual responses based on the sentiment indicator and the topic for each textual response from the set of textual responses; and\nselect, for display on a client device, a first representative-textual response from the first response group and a second representative-textual response from the second response group based on the relevancy parameter for each textual response within the first response group and the relevancy parameter for each textual response within the second response group.\n2. The system of claim 1, further comprising instructions that, when executed by the at least one processor, cause the system to:\nsort the set of textual responses by:\nselecting, from a response database, textual responses satisfying a textual-quality-score threshold; and\nsorting the selected textual responses based on the relevancy parameter for each textual response from the selected textual responses to create a sorted set of textual responses; and\ngenerate, from the sorted set of textual responses, the first response group of textual responses corresponding to a first range of sentiment indicators and the second response group of textual responses corresponding to a second range of sentiment indicators based on the sentiment indicator and the topic for each textual response from the sorted set of textual responses.\n3. The system of claim 1, further comprising instructions that, when executed by the at least one processor, cause the system to:\ndetermine the sentiment indicator for each textual response by determining, for each textual response, a sentiment score indicating a positive sentiment or a negative sentiment;\ndetermine, for each textual response, a sentiment-polarity indicator based on the sentiment score for each textual response satisfying or not satisfying a positive-sentiment-score threshold or a negative-sentiment-score threshold; and\ngenerate the first response group of textual responses and the second response group of textual responses based on the sentiment score, the sentiment-polarity indicator, and the topic for each textual response from the set of textual responses.\n4. The system of claim 1, further comprising instructions that, when executed by the at least one processor, cause the system to:\ndetermine the relevancy parameter for each textual response from the set of textual responses by determining, for each textual response, a topic-similarity score indicating a relevance of the textual response to a queried topic and a time identifier indicating a time associated with the textual response;\nselect, for display on the client device, the first representative-textual response from the first response group based on the textual quality score, the topic-similarity score, and the time identifier for each textual response within the first response group; and\nselect, for display on the client device, the second representative-textual response from the second response group based on the textual quality score, the topic-similarity score, and the time identifier for each textual response within the second response group.\n5. The system of claim 1, further comprising instructions that, when executed by the at least one processor, cause the system to:\nprovide the set of textual responses to the text-quality classifier by:\nreceiving, from a client device, a user query searching for textual responses corresponding to a time period; and\nselecting the set of textual responses based on a time identifier for each textual response corresponding to the time period indicated by the user query.\n6. The system of claim 1, further comprising instructions that, when executed by the at least one processor, cause the system to determine the sentiment indicator for each textual response from the set of textual responses by determining, for each textual response, a sentiment score indicating a positive sentiment corresponding to the topic or a negative sentiment corresponding to the topic.\n7. The system of claim 1, further comprising instructions that, when executed by the at least one processor, cause the system to generate a response summary for the set of textual responses based on the first representative-textual response and the second representative-textual response by generating the response summary for the set of textual responses comprising both the first representative-textual response and the second representative-textual response.\n8. A non-transitory computer readable medium storing instructions thereon that, when executed by at least one processor, cause a computer device to:\nprovide a set of textual responses to a text-quality classifier to generate a textual quality score for each textual response from the set of textual responses;\ndetermine a relevancy parameter, a sentiment indicator, and a topic for each textual response from the set of textual responses, wherein a given relevancy parameter indicates a relevance of a given textual response to a user query, a given sentiment indicator indicates a linguistic sentiment of the given textual response, and a given topic indicates a subject matter of the given textual response;\ngenerate a first response group of textual responses and a second response group of textual responses from the set of textual responses based on the sentiment indicator and the topic for each textual response from the set of textual responses; and\nselect, for display on a client device, a first representative-textual response from the first response group and a second representative-textual response from the second response group based on the relevancy parameter for each textual response within the first response group and the relevancy parameter for each textual response within the second response group.\n9. The non-transitory computer readable medium of claim 8, further comprising instructions that, when executed by the at least one processor, cause the computer device to:\nsort the set of textual responses by:\nselecting, from a response database, textual responses satisfying a textual-quality-score threshold; and\nsorting the selected textual responses based on the relevancy parameter for each textual response from the selected textual responses to create a sorted set of textual responses; and\ngenerate, from the sorted set of textual responses, the first response group of textual responses corresponding to a first range of sentiment indicators and the second response group of textual responses corresponding to a second range of sentiment indicators based on the sentiment indicator and the topic for each textual response from the sorted set of textual responses.\n10. The non-transitory computer readable medium of claim 8, further comprising instructions that, when executed by the at least one processor, cause the computer device to:\ndetermine the sentiment indicator for each textual response by determining, for each textual response, a sentiment score indicating a positive sentiment or a negative sentiment;\ndetermine, for each textual response, a sentiment-polarity indicator based on the sentiment score for each textual response satisfying or not satisfying a positive-sentiment-score threshold or a negative-sentiment-score threshold; and\ngenerate the first response group of textual responses and the second response group of textual responses based on the sentiment score, the sentiment-polarity indicator, and the topic for each textual response from the set of textual responses.\n11. The non-transitory computer readable medium of claim 8, further comprising instructions that, when executed by the at least one processor, cause the computer device to:\ndetermine the relevancy parameter for each textual response from the set of textual responses by determining, for each textual response, a topic-similarity score indicating a relevance of the textual response to a queried topic and a time identifier indicating a time associated with the textual response;\nselect, for display on the client device, the first representative-textual response from the first response group based on the textual quality score, the topic-similarity score, and the time identifier for each textual response within the first response group; and\nselect, for display on the client device, the second representative-textual response from the second response group based on the textual quality score, the topic-similarity score, and the time identifier for each textual response within the second response group.\n12. The non-transitory computer readable medium of claim 8, further comprising instructions that, when executed by the at least one processor, cause the computer device to:\nprovide the set of textual responses to the text-quality classifier by:\nreceiving, from a client device, a user query searching for textual responses corresponding to a time period; and\nselecting the set of textual responses based on a time identifier for each textual response corresponding to the time period indicated by the user query.\n13. The non-transitory computer readable medium of claim 8, further comprising instructions that, when executed by the at least one processor, cause the computer device to determine the sentiment indicator for each textual response from the set of textual responses by determining, for each textual response, a sentiment score indicating a positive sentiment corresponding to the topic or a negative sentiment corresponding to the topic.\n14. The non-transitory computer readable medium of claim 8, further comprising instructions that, when executed by the at least one processor, cause the computer device to generate a response summary for the set of textual responses based on the first representative-textual response and the second representative-textual response by generating the response summary for the set of textual responses comprising both the first representative-textual response and the second representative-textual response.\n15. A computer-implemented method comprising:\nproviding a set of textual responses to a text-quality classifier to generate a textual quality score for each textual response from the set of textual responses;\ndetermining a relevancy parameter, a sentiment indicator, and a topic for each textual response from the set of textual responses, wherein a given relevancy parameter indicates a relevance of a given textual response to a user query, a given sentiment indicator indicates a linguistic sentiment of the given textual response, and a given topic indicates a subject matter of the given textual response;\ngenerating a first response group of textual responses and a second response group of textual responses from the set of textual responses based on the sentiment indicator and the topic for each textual response from the set of textual responses; and\nselecting, for display on a client device, a first representative-textual response from the first response group and a second representative-textual response from the second response group based on the relevancy parameter for each textual response within the first response group and the relevancy parameter for each textual response within the second response group.\n16. The computer-implemented method of claim 15, further comprising:\nsorting the set of textual responses by:\nselecting, from a response database, textual responses satisfying a textual-quality-score threshold; and\nsorting the selected textual responses based on the relevancy parameter for each textual response from the selected textual responses to create a sorted set of textual responses; and\ngenerating, from the sorted set of textual responses, the first response group of textual responses corresponding to a first range of sentiment indicators and the second response group of textual responses corresponding to a second range of sentiment indicators based on the sentiment indicator and the topic for each textual response from the sorted set of textual responses.\n17. The computer-implemented method of claim 15, further comprising:\ndetermining the sentiment indicator for each textual response by determining, for each textual response, a sentiment score indicating a positive sentiment or a negative sentiment;\ndetermining, for each textual response, a sentiment-polarity indicator based on the sentiment score for each textual response satisfying or not satisfying a positive-sentiment-score threshold or a negative-sentiment-score threshold; and\ngenerating the first response group of textual responses and the second response group of textual responses based on the sentiment score, the sentiment-polarity indicator, and the topic for each textual response from the set of textual responses.\n18. The computer-implemented method of claim 15, further comprising:\ndetermining the relevancy parameter for each textual response from the set of textual responses by determining, for each textual response, a topic-similarity score indicating a relevance of the textual response to a queried topic and a time identifier indicating a time associated with the textual response;\nselecting, for display on the client device, the first representative-textual response from the first response group based on the textual quality score, the topic-similarity score, and the time identifier for each textual response within the first response group; and\nselecting, for display on the client device, the second representative-textual response from the second response group based on the textual quality score, the topic-similarity score, and the time identifier for each textual response within the second response group.\n19. The computer-implemented method of claim 15, further comprising:\nproviding the set of textual responses to the text-quality classifier by:\nreceiving, from a client device, a user query searching for textual responses corresponding to a time period; and\nselecting the set of textual responses based on a time identifier for each textual response corresponding to the time period indicated by the user query.\n20. The computer-implemented method of claim 15, further comprising determining the sentiment indicator for each textual response from the set of textual responses by determining, for each textual response, a sentiment score indicating a positive sentiment corresponding to the topic or a negative sentiment corresponding to the topic.",
    "status": "Active",
    "citations_own": [
        "US9047283B1",
        "US9213997B2",
        "US9483730B2",
        "US9632998B2",
        "US9916538B2",
        "US10303999B2",
        "US10366168B2",
        "US10410224B1",
        "US10678816B2",
        "US10679008B2",
        "US10832001B2",
        "US10839021B2",
        "US11138378B2"
    ],
    "citations_ftf": [],
    "citedby_own": [],
    "citedby_ftf": [
        "US11087091B2",
        "US11017179B2",
        "US11138378B2",
        "US11288453B1",
        "US11501233B2",
        "US11763100B2",
        "US11537789B2",
        "US11227099B2",
        "US20210043211A1",
        "US11068663B2",
        "US11003840B2",
        "US11373108B2",
        "US11163947B2",
        "US11710480B2",
        "US11687826B2",
        "US11205047B2",
        "US11423114B2",
        "US11620351B2",
        "US11216521B2",
        "US11709690B2",
        "US11301503B2",
        "US11475210B2",
        "US11263407B1",
        "US11004462B1",
        "US20220100756A1",
        "US11080484B1",
        "US11188833B1",
        "US11093718B1",
        "US11765267B2",
        "EP4095715A1",
        "US20230069285A1",
        "US11302314B1",
        "CN114547287B",
        "US11532179B1",
        "US11450124B1",
        "US11599713B1"
    ]
}