{
    "patent_id": "US-11537907-B2",
    "title": "Adapting a virtual reality experience for a user based on a mood improvement score ",
    "assignee": "TRIPP, Inc.",
    "publication_date": "2022-12-27",
    "patent_link": "https://patents.google.com/patent/US11537907B2/en",
    "inventors": [
        "Nanea Reeves",
        "Zachary Norman",
        "Andreja Djokovic",
        "Stephen Handley",
        "Peter Kennedy",
        "Solomon Bothwell",
        "Hyosung Han"
    ],
    "classifications": [
        "G06N5/04",
        "G06F16/24575",
        "G06F3/011",
        "G06N3/006",
        "G06Q30/0217",
        "G06F2203/011",
        "G06N20/00"
    ],
    "abstract": "A virtual reality application adaptively generates a virtual reality experience intended to improve a user's mood. A plurality of digital assets is stored together with associated scores. A score for a digital asset represents a predicted amount of mood improvement occurring in a cohort of users having similar profiles to a target user in response to virtual reality experiences including the digital asset. A customized virtual reality experience is generated for the target user based at least in part of the user profile data on the scores. The user's change in mood is detected through survey and/or biometric data. Scores for the digital assets may then be updated in order to further learn their respective effects on the cohort of users.",
    "claims": "\n1. A method for adaptively generating a virtual reality experience, the method comprising:\nstoring, by a media server to an asset database, a plurality of digital assets and scores for each of the plurality of digital assets associated with a particular cohort of users, wherein the scores represent a predicted change in numerical mood responses occurring in the particular cohort of users in virtual reality experiences;\nobtaining, by the media server, user profile data associated with a target user of a media processing device;\nidentifying, by the media server, that the target user is a member of the particular cohort in response to the target user having similar user data to a group of other users associated with the particular cohort;\nselecting, by the media server, a subset of the plurality of digital assets for inclusion in a virtual reality experience displayed at the media processing device based at least in part on the scores;\ngenerating, by the media server, a virtual reality experience that includes the selected subset of the plurality of digital assets for display at the media processing device;\nobtaining, by the media server, response data from the target user via the media processing device associated with the virtual reality experience, the response data indicative of a change in mood of the target user; and\nupdating, by the media server, the scores for the subset of the plurality of digital assets and the user profile data based on the response data.\n2. The method of claim 1, wherein selecting the subset of the plurality of digital assets further comprises:\nidentifying user-specified digital assets stored in association with the user profile data; and\ndetermining the subset of the plurality of digital assets for inclusion in the virtual reality experience based in part on identifying the user-specified digital assets.\n3. The method of claim 1, wherein selecting the subset of the plurality of digital assets further comprises:\nweighting likelihoods of selecting the plurality of digital assets; and\nperforming a weighted random selection of the plurality of digital assets to obtain the subset of the plurality of digital assets.\n4. The method of claim 1, wherein obtaining the response data from the user comprises:\nobtaining biometric data from the target user during the virtual reality experience; and\ndetecting a change in mood based at least in part on the biometric data.\n5. The method of claim 1, wherein obtaining the response data from the user comprises:\nobtaining survey data from the target user before and after the virtual reality experience; and\ndetecting a change in mood based at least in part on the survey data.\n6. The method of claim 1, wherein updating the user profile data based on the response data comprises:\nre-classifying the target user from the particular cohort to a different cohort based on updated user profile data.\n7. The method of claim 1, wherein the plurality of digital assets includes at least one of a graphical asset, an audio asset, and a color palette.\n8. The method of claim 3, wherein the weighting is based on one or more of the scores for each of the plurality of digital assets associated with the particular cohort of users, sources that defined each of the plurality of digital assets, or times since each of the plurality of digital assets was presented.\n9. The method of claim 1, wherein the obtained response data comprises a first set of response data obtained prior to a presentation of the selected subset of the plurality of digital assets to the target user and a second set of response data obtained after the presentation of the selected subset of the plurality of digital assets to the target user, further comprising:\ndetermining, using the second set of response data, a pre-experience numerical mood response of the target user;\ndetermining, using the second set of response data, a post-experience numerical mood response of the target user; and\ndetermining a mood response metric comprising a delta between the post-experience numerical mood response and the pre-experience numerical mood response, wherein the mood response metric is indicative of the change in mood of the target user.\n10. The method of claim 1, wherein the selected subset of the plurality of digital assets within the virtual reality experience are displayed using a first color palette, further comprising:\ndetermining a second color palette using the obtained response data; and\ndisplaying each of the selected subset of the plurality of digital assets within the virtual reality experience using the second color palette.\n11. A non-transitory computer-readable storage medium storing instructions for adaptively generating a virtual reality experience, the instructions when executed by a processor causing the processor to perform steps including:\nstoring, to an asset database, a plurality of digital assets and scores for each of the plurality of digital assets associated with a particular cohort of users, wherein the scores represent a predicted change in numerical mood responses occurring in the particular cohort of users in virtual reality experiences;\nobtaining user profile data associated with a target user of a media processing device;\nidentifying that the target user is a member of the particular cohort in response to the target user having similar user data to a group of other users associated with the particular cohort;\nselecting a subset of the plurality of digital assets for inclusion in a virtual reality experience displayed at the media processing device based at least in part on the scores;\ngenerating a virtual reality experience that includes the selected subset of the plurality of digital assets for display at the media processing device;\nobtaining response data from the target user via the media processing device associated with the virtual reality experience, the response data indicative of a change in mood of the target user; and\nupdating the scores for the subset of the plurality of digital assets and the user profile data based on the response data.\n12. The non-transitory computer-readable storage medium of claim 11, wherein selecting the subset of the plurality of digital assets further comprises:\nidentifying user-specified digital assets stored in association with the user profile data; and\ndetermining the subset of the plurality of digital assets for inclusion in the virtual reality experience based in part on identifying the user-specified digital assets.\n13. The non-transitory computer-readable storage medium of claim 11, wherein selecting the subset of the plurality of digital assets further comprises:\nweighting likelihoods of selecting the plurality of digital assets; and\nperforming a weighted random selection of the plurality of digital assets to obtain the subset of the plurality of digital assets.\n14. The non-transitory computer-readable storage medium of claim 11, wherein obtaining the response data from the user comprises:\nobtaining biometric data from the target user during the virtual reality experience; and\ndetecting a change in mood based at least in part on the biometric data.\n15. The non-transitory computer-readable storage medium of claim 11, wherein obtaining the response data from the user comprises:\nobtaining survey data from the target user before and after the virtual reality experience; and\ndetecting a change in mood based at least in part on the survey data.\n16. The non-transitory computer-readable storage medium of claim 11, wherein updating the user profile data based on the response data comprises:\nre-classifying the target user from the particular cohort to a different cohort based on updated user profile data.\n17. The non-transitory computer-readable storage medium of claim 11, wherein the plurality of digital assets includes at least one of a graphical asset, an audio asset, and a color palette.\n18. A computer system comprising:\na processor; and\na non-transitory computer-readable storage medium storing instructions for adaptively generating a virtual reality experience, the instructions when executed by the processor causing the processor to perform steps including:\nstoring, to an asset database, a plurality of digital assets and scores for each of the plurality of digital assets associated with a particular cohort of users, wherein the scores represent a predicted change in numerical mood responses occurring in the particular cohort of users in virtual reality experiences;\nobtaining user profile data associated with a target user of a media processing device;\nidentifying that the target user is a member of the particular cohort in response to the target user having similar user data to a group of other users associated with the particular cohort;\nselecting a subset of the plurality of digital assets for inclusion in a virtual reality experience displayed at the media processing device based at least in part on the scores;\ngenerating a virtual reality experience that includes the selected subset of the plurality of digital assets for display at the media processing device;\nobtaining response data from the target user via the media processing device associated with the virtual reality experience, the response data indicative of a change in mood of the target user; and\nupdating the scores for the subset of the plurality of digital assets and the user profile data based on the response data.\n19. The computer system of claim 18, wherein selecting the subset of the plurality of digital assets further comprises:\nidentifying user-specified digital assets stored in association with the user profile data; and\ndetermining the subset of the plurality of digital assets for inclusion in the virtual reality experience based in part on identifying the user-specified digital assets.\n20. The computer system of claim 18, wherein selecting the subset of the plurality of digital assets further comprises:\nweighting likelihoods of selecting the plurality of digital assets; and\nperforming a weighted random selection of the plurality of digital assets to obtain the subset of the plurality of digital assets.\n21. The computer system of claim 18, wherein obtaining the response data from the user comprises:\nobtaining biometric data from the target user during the virtual reality experience; and\ndetecting a change in mood based at least in part on the biometric data.\n22. The computer system of claim 18, wherein obtaining the response data from the user comprises:\nobtaining survey data from the target user before and after the virtual reality experience; and\ndetecting a change in mood based at least in part on the survey data.\n23. The computer system of claim 18, wherein updating the user profile data based on the response data comprises:\nre-classifying the target user from the particular cohort to a different cohort based on updated user profile data.",
    "status": "Active",
    "citations_own": [
        "US20110148916A1",
        "US20130211277A1",
        "US20160035132A1",
        "US20180050170A1",
        "US20180060891A1",
        "US20180300917A1",
        "US20190012822A1"
    ],
    "citations_ftf": [
        "US20150178624A1",
        "US10152118B2",
        "US10761597B2"
    ],
    "citedby_own": [],
    "citedby_ftf": [
        "US11541274B2",
        "US11185735B2",
        "US20200289889A1",
        "US11433276B2",
        "US11801423B2",
        "US11701548B2",
        "US11071597B2",
        "USD928635S1",
        "US11282604B2",
        "US11075000B2",
        "US11282599B2",
        "US20210134432A1",
        "US11756666B2",
        "US20210142893A1",
        "US11282608B2",
        "US11325005B2",
        "US20210134425A1",
        "US11515028B2",
        "US20210134412A1",
        "US11270795B2",
        "US20210134463A1",
        "US20210128080A1",
        "US11101028B2",
        "US11087865B2",
        "US20210127974A1",
        "US20210134458A1",
        "US11515021B2",
        "US11337648B2",
        "US11317975B2",
        "US11139060B2",
        "US11069436B2",
        "USD907143S1",
        "US11630960B2",
        "US11107591B1",
        "CN113643046B"
    ]
}