{
    "patent_id": "US-11630974-B2",
    "title": "Prioritized device actions triggered by device scan data ",
    "assignee": "Snap Inc.",
    "publication_date": "2023-04-18",
    "patent_link": "https://patents.google.com/patent/US11630974B2/en",
    "inventors": [
        "Kirk Ouimet",
        "Rong Yan",
        "Yantao Zheng"
    ],
    "classifications": [
        "G06K9/6267",
        "G06F16/5866",
        "G06F16/9038",
        "G06F18/24",
        "G06N3/04",
        "G06N3/045",
        "G06N3/0454",
        "G06N3/08",
        "G06T1/0007",
        "G06V10/751",
        "G06V10/764",
        "G06V10/82",
        "H04N23/63",
        "H04N5/23293",
        "G06N5/022",
        "G06V2201/09"
    ],
    "abstract": "Systems, methods, devices, server computers, storage media, and instructions for prioritized device action triggered by device scan data are described. In one embodiment, a mobile device performs a method that involves executing a messaging application with an image capture interface and a scanning input. An associated scanning mode comprises capture of scan data from a plurality of input/output modules of the first client device, analyzes the scan data to identify one or more scan data patterns by matching at least a portion of the scan data against a set of data patterns, and selects a priority system action based on the results of the matching of the portion of the scan data against the set of data patterns. In some embodiments, the priority system action is selected based on a priority ranking for identified scan data types.",
    "claims": "\n1. A method comprising:\ncausing, by a processor, an input device to capture scan data;\nmatching the scan data with a plurality of data patterns to identify a plurality of identified data patterns of the plurality of data patterns;\nselecting a first identified data pattern of the plurality of identified data patterns based on a pattern type ranking, wherein the plurality of identified data patterns is associated with a plurality of system actions, and wherein the first identified data pattern is associated with a first system action of the plurality of system actions; and\ncausing to be displayed, by a client device, an indication of the first system action.\n2. The method of claim 1 wherein causing to be displayed further comprises:\ncausing to be displayed on a display of the client device an interface including an option to perform the first system action.\n3. The method of claim 1 wherein, the input device is a camera, the scan data comprises an image comprising a scan code, and the pattern type ranking comprises a first level ranking for a scan code pattern.\n4. The method of claim 1 wherein the plurality of data patterns comprises:\nthe scan code pattern;\nan audio signature pattern;\na logo pattern;\na register trademark pattern;\na pattern associated with a third-party registered keyword; and\na pattern associated with a system keyword.\n5. The method of claim 1 wherein the input device is one of a plurality of input devices and the capture data is one of a plurality of capture data captured by the plurality of input devices.\n6. The method of claim 5 wherein the plurality of input devices comprises two or more of the following group:\na camera device, a position sensor, a temperature sensor, a motion sensor, a microphone, and a wireless communication device.\n7. The method of claim 5 wherein the plurality of scan data comprises two or more of the following group:\nwireless access point name data, image data, video data, audio data, location data, temperature data, and motion data.\n8. The method of claim 1 further comprising:\nin response to the matching the scan data with the plurality of data patterns failing to find a match, communicating the scan data to a third-party search server, and\nreceiving the first system action from the third-party search server.\n9. The method of claim 1 before the matching further comprising:\nanalyzing, using the processor, the scan data to identity one or more objects in the scan data, and wherein the matching further comprising:\nmatching the one or more objects of the scan data with a plurality of data patterns to identify a plurality of identified data patterns of the plurality of data patterns.\n10. The method of claim 9 wherein the analyzing is performed with a neural network trained to identify the one or more objects from images.\n11. The method of claim 1 wherein the system action comprises performing an image search using keywords associated with the one or more objects, and wherein the causing further comprises:\ncausing to be displayed an image search interface on a display of the client device with images from a local image gallery of the user device.\n12. The method of claim 1 before the matching further comprising:\nanalyzing, using the processor, the scan data to identity one or more objects in the scan data, and wherein the matching further comprising:\nmatching the one or more objects of the scan data with a plurality of data patterns to identify a plurality of identified data patterns of the plurality of data patterns, and wherein the one or more objects are associated with one or more keywords.\n13. The method of claim 12 wherein the first system action comprises an image search and wherein before the causing the method further comprises:\ncommunicating, to a network computer, a request to perform the image search with a keyword of the one or more keywords;\nreceiving a plurality of search results from the networked computer in response to the image search request; and\nwherein the causing to be displayed further comprises:\ncausing to be displayed, by the client device, the indication of the first system action, wherein the indication of the first system action is the plurality of search results.\n14. The method of claim 1 wherein the causing, by the processor, the input device to capture scan data further comprises:\ncausing, by the processor, a plurality of input devices to capture a plurality of scan data, wherein the input device is one of the plurality of input devices and the capture data is one of the plurality of capture data; and\nwherein the matching further comprises:\nmatching the plurality of scan data with the plurality of data patterns to identify the plurality of identified data patterns of the plurality of data patterns, wherein the data pattern is one of the plurality of data patterns.\n15. The method of claim 14 wherein the before the matching the method further comprises:\nidentifying a plurality of objects in the plurality of scan data, wherein the plurality of objects are associated with a plurality of keywords; and wherein the matching further comprise:\nmatching the plurality of keywords with the plurality of data patterns to identify the plurality of identified data patterns.\n16. A client device, the client device comprising:\na memory; and\na processor coupled to the memory, the processor configured to:\ncause, by the processor, an input device to capture scan data;\nmatch the scan data with a plurality of data patterns to identify a plurality of identified data patterns of the plurality of data patterns;\nselect a first identified data pattern of the plurality of identified data patterns based on a pattern type ranking, wherein the plurality of identified data patterns is associated with a plurality of system actions, and wherein the first identified data pattern is associated with a first system action of the plurality of system actions; and\ncause to be displayed, by a client device, an indication of the first system action.\n17. The client device of claim 16 wherein causing to be displayed further comprises:\ncausing to be displayed on a display of the client device an interface including an option to perform the first system action.\n18. The client device of claim 16 wherein, the input device is a camera, the scan data comprises an image comprising a scan code, and the pattern type ranking comprises a first level ranking for a scan code pattern.\n19. A machine-readable storage device embodying instructions that, when executed by a machine, cause the machine to perform operations comprising:\nmatching the scan data with a plurality of data patterns to identify a plurality of identified data patterns of the plurality of data patterns;\nselecting a first identified data pattern of the plurality of identified data patterns based on a pattern type ranking, wherein the plurality of identified data patterns is associated with a plurality of system actions, and wherein the first identified data pattern is associated with a first system action of the plurality of system actions; and\ncausing to be displayed, by a client device, an indication of the first system action.\n20. The machine-readable storage device of claim 19 wherein causing to be displayed further comprises:\ncausing to be displayed on a display of the client device an interface including an option to perform the first system action.",
    "status": "Active",
    "citations_own": [
        "US5754939A",
        "US6038295A",
        "US6158044A",
        "US6167435A",
        "US6205432B1",
        "US6310694B1",
        "US6323761B1",
        "US20020047868A1",
        "US20020118195A1",
        "US20020144154A1",
        "US6481625B2",
        "US6484196B1",
        "US6487586B2",
        "US20030052925A1",
        "US20030126215A1",
        "US20030217106A1",
        "US6665531B1",
        "US6701347B1",
        "US6711608B1",
        "US6757713B1",
        "US20040203959A1",
        "US20050060299A1",
        "US20050097176A1",
        "US20050198128A1",
        "US20050223066A1",
        "US6963659B2",
        "US6980909B2",
        "US7124164B1",
        "US20060242239A1",
        "US20060249588A1",
        "US20060270419A1",
        "US7149893B1",
        "US7173651B1",
        "US20070038715A1",
        "US20070064899A1",
        "US20070073823A1",
        "US7243163B1",
        "US20070214216A1",
        "US7278168B1",
        "US20070233801A1",
        "US20080002864A1",
        "US20080055269A1",
        "US7356564B2",
        "US7376715B2",
        "US20080120409A1",
        "US7411493B2",
        "US20080207176A1",
        "US20080270938A1",
        "US20080306826A1",
        "US20080303833A1",
        "US20080313346A1",
        "US20090012940A1",
        "US7478402B2",
        "US20090016532A1",
        "US20090042588A1",
        "US7496347B2",
        "US7519200B2",
        "US7519670B2",
        "US7535890B2",
        "US20090132453A1",
        "US20090177665A1",
        "US7607096B2",
        "US20100082427A1",
        "US7703140B2",
        "US20100114876A1",
        "US20100131880A1",
        "US7753269B2",
        "US20100185665A1",
        "US20100214936A1",
        "US20100306669A1",
        "US20100306193A1",
        "US20110061028A1",
        "US7912896B2",
        "US20110099507A1",
        "US20110145564A1",
        "US20110202598A1",
        "US20110213845A1",
        "US20110282906A1",
        "US20110286586A1",
        "US20110320373A1",
        "US20110320202A1",
        "WO2012000107A1",
        "US20120028659A1",
        "US8131597B2",
        "US20120078936A1",
        "US8155329B1",
        "US20120112995A1",
        "US20120166472A1",
        "US8214443B2",
        "US20120184248A1",
        "US20120203761A1",
        "US8244593B2",
        "US20120209921A1",
        "US20120254325A1",
        "US20120278692A1",
        "US8312097B1",
        "US20120294520A1",
        "US20120304080A1",
        "US8332475B2",
        "WO2013008251A2",
        "US20130071093A1",
        "US20130121571A1",
        "US20130177296A1",
        "US8489115B2",
        "US20130194301A1",
        "US20130226850A1",
        "US20130262935A1",
        "US20130279810A1",
        "US20130279757A1",
        "US8570907B2",
        "US20130325605A1",
        "US20140032682A1",
        "US20140067945A1",
        "US20140089815A1",
        "US20140122787A1",
        "US8718333B2",
        "US8745058B1",
        "US8745132B2",
        "US20140188894A1",
        "US20140201527A1",
        "US8793274B2",
        "US8819035B2",
        "US20140282096A1",
        "US8850490B1",
        "US8868223B1",
        "US20140325383A1",
        "US20140337346A1",
        "US8892588B2",
        "US20140359024A1",
        "US20140359032A1",
        "US8909725B1",
        "US8909714B2",
        "US8914752B1",
        "US8913285B1",
        "US20150012525A1",
        "US20150010289A1",
        "US20150052431A1",
        "US20150127710A1",
        "US9040574B2",
        "US9083770B1",
        "US20150199082A1",
        "US9094137B1",
        "CA2887596A1",
        "US20150227557A1",
        "US20150227602A1",
        "US20150254356A1",
        "US9148424B1",
        "US20150286481A1",
        "US20150324395A1",
        "US9195880B1",
        "US9225897B1",
        "US20160026912A1",
        "US9276886B1",
        "US9294425B1",
        "US20160085863A1",
        "US20160086670A1",
        "US20160085773A1",
        "US20160099901A1",
        "WO2016065131A1",
        "US20160150333A1",
        "US20160147823A1",
        "US20160180887A1",
        "US20160189009A1",
        "US9385983B1",
        "US20160196350A1",
        "WO2016112299A1",
        "US9396354B1",
        "US9443270B1",
        "US20160275414A1",
        "US20160277419A1",
        "US9482882B1",
        "US9482883B1",
        "WO2016179235A1",
        "WO2016179166A1",
        "US20160359778A1",
        "US20160365117A1",
        "US9628950B1",
        "US20170118306A1",
        "US9652896B1",
        "US9659244B2",
        "US9665799B1",
        "US20170161382A1",
        "US20170206450A1",
        "US20170263029A1",
        "US20170287006A1",
        "US20170295250A1",
        "US20170364660A1",
        "US9854219B2",
        "US20170374508A1",
        "US9961520B2",
        "US20180341833A1",
        "US10157333B1"
    ],
    "citations_ftf": [
        "US8170957B2"
    ],
    "citedby_own": [],
    "citedby_ftf": [
        "US10242474B2",
        "US11095869B2",
        "US10222932B2",
        "US10157333B1",
        "US11783864B2",
        "US10334134B1",
        "US10805696B1",
        "US10638256B1",
        "US11044393B1",
        "US11201981B1",
        "US11785161B1",
        "US10353950B2",
        "US11334768B1",
        "US20180034757A1",
        "US11202017B2",
        "US10366302B2",
        "US10860898B2",
        "US11004131B2",
        "US11748978B2",
        "US10970768B2",
        "US11551441B2",
        "US10778831B2",
        "US10706349B2",
        "US11257038B2",
        "US11069147B2",
        "US10990635B2",
        "US11301734B2",
        "US10713633B2",
        "US20190095806A1",
        "DE102017129787A1",
        "US11436433B2",
        "US10755229B2",
        "US10592747B2",
        "US11538083B2",
        "US10956928B2",
        "US10963744B2",
        "US20200082588A1",
        "US11082578B2",
        "CN109918542B",
        "CN110009712B",
        "US11729406B2",
        "US11127130B1",
        "US11593637B2",
        "CN110147850B",
        "US11626994B2",
        "US11301273B2",
        "US11373057B2",
        "US11620350B2",
        "CN112765492B",
        "US11445259B1",
        "US20230084198A1",
        "US20230125574A1"
    ]
}