{
    "patent_id": "US-11525786-B2",
    "title": "Method and apparatus for angular-resolved spectroscopic lithography characterization ",
    "assignee": "Asml Netherlands B.V.",
    "publication_date": "2022-12-13",
    "patent_link": "https://patents.google.com/patent/US11525786B2/en",
    "inventors": [
        "Arie Jeffrey Den Boef",
        "Arno Jan Bleeker",
        "Youri Johannes Laurentius Maria Van Dommelen",
        "Mircea Dusa",
        "Antoine Gaston Marie Kiers",
        "Paul Frank Luehrmann",
        "Henricus Petrus Maria Pellemans",
        "Maurits van der Schaar",
        "C\u00e9dric D\u00e9sir\u00e9 GROUWSTRA",
        "Markus Gerardus Martinus Maria Van Kraaij"
    ],
    "classifications": [
        "H01L21/0273",
        "G03F7/70341",
        "G01N21/8806",
        "G03F7/70633",
        "G03F7/7065",
        "G03F9/7034"
    ],
    "abstract": "An apparatus and method to determine a property of a substrate by measuring, in the pupil plane of a high numerical aperture lens, an angle-resolved spectrum as a result of radiation being reflected off the substrate. The property may be angle and wavelength dependent and may include the intensity of TM- and TE-polarized radiation and their relative phase difference.",
    "claims": "\n1. A method, comprising:\nusing a liquid in a space between a substrate and a lens;\ndirecting, using the lens, a radiation beam from a radiation source toward a pattern formed on the substrate; and\nmeasuring asymmetries between intensities of corresponding diffraction orders in an angle-resolved spectrum of a radiation beam diffracted from the pattern at a plurality of angles and a plurality of wavelengths substantially simultaneously to measure a property of the substrate.\n2. The method of claim 1, wherein the measuring asymmetries comprises measuring at least one of:\nan intensity of a transverse magnetic and a transverse electric polarized light, and a phase difference between the transverse magnetic and the transverse electric polarized light.\n3. The method of claim 1, further comprising:\ncoupling off a portion of the radiation beam emitted from a radiation source for a separate measurement.\n4. A method, comprising:\nplacing a wavelength multiplexer between a radiation source and a substrate;\nplacing a wavelength demultiplexer between the substrate and a detector located in a pupil plane of a high numerical aperture lens;\nusing a liquid in a space between the substrate and the high numerical aperture lens;\ndirecting, using the high numerical aperture, a radiation beam from the radiation source toward the substrate; and\nmeasuring, using the detector, an asymmetry in an angle-resolved spectrum of a radiation beam reflected from a surface of the substrate at a plurality of angles and a plurality of wavelengths substantially simultaneously to measure a property of the substrate.",
    "status": "Active",
    "citations_own": [
        "US3909602A",
        "US4236823A",
        "US4538914A",
        "US4672196A",
        "JPH01303721A",
        "US4999014A",
        "US5042951A",
        "US5106196A",
        "US5153669A",
        "US5166752A",
        "US5192980A",
        "US5218415A",
        "JPH05259031A",
        "US5349440A",
        "WO1995002814A1",
        "US5461237A",
        "US5541731A",
        "US5596411A",
        "US5703692A",
        "US5713364A",
        "EP0396409B1",
        "US5747813A",
        "US5771094A",
        "US5877859A",
        "US5880838A",
        "US5910842A",
        "US5963329A",
        "EP0973069A2",
        "JP2000097841A",
        "US6078380A",
        "US6080990A",
        "US6122051A",
        "US20020018217A1",
        "US20020039184A1",
        "US6417916B1",
        "US6429930B1",
        "US6429943B1",
        "US6449037B2",
        "US20020165636A1",
        "US20020166982A1",
        "US20020192577A1",
        "US20030002043A1",
        "US6515744B2",
        "US6532076B1",
        "US20030081216A1",
        "US20030133102A1",
        "US20030143761A1",
        "WO2003065119A2",
        "US6608690B2",
        "US20030163295A1",
        "WO2003075042A2",
        "US20030225535A1",
        "US20040004726A1",
        "US20040017574A1",
        "US6699624B2",
        "US6704661B1",
        "US6710876B1",
        "EP1400855A2",
        "WO2004024328A1",
        "US20040066517A1",
        "US6721691B2",
        "US20040070772A1",
        "US20040078173A1",
        "US20040085544A1",
        "US6753961B1",
        "US20040119970A1",
        "WO2004053426A1",
        "US20040133362A1",
        "US20040129900A1",
        "US6768983B1",
        "US6775015B2",
        "US20040167754A1",
        "US6785638B2",
        "US6791679B2",
        "US20040181768A1",
        "US20040189993A1",
        "US20040190008A1",
        "US20040196460A1",
        "US6804005B2",
        "US20040201836A1",
        "US6813034B2",
        "US20040223137A1",
        "US6819426B2",
        "US20040239954A1",
        "US20040246476A1",
        "WO2004107415A1",
        "US20050012928A1",
        "US6856408B2",
        "US20050041258A1",
        "US20050046855A1",
        "US6866153B2",
        "WO2005028992A2",
        "US6886153B1",
        "US6885464B1",
        "US20050106479A1",
        "US20050123844A1",
        "US20050122516A1",
        "US6919964B2",
        "US6921916B2",
        "WO2005069082A1",
        "US6928628B2",
        "US20050195412A1",
        "US20050209816A1",
        "US6949462B1",
        "US6974962B2",
        "US6982793B1",
        "US6985229B2",
        "US20060007446A1",
        "US6987572B2",
        "US6992764B1",
        "US20060033921A1",
        "US20060117293A1",
        "US7061615B1",
        "US7061622B2",
        "US20060126074A1",
        "US20060139592A1",
        "US7080330B1",
        "US7089164B2",
        "JP2006518942A",
        "JP2006226994A",
        "US7115858B1",
        "US20060243912A1",
        "US20070019171A1",
        "US7224456B1",
        "US7265850B2",
        "JP2007527531A",
        "US7277172B2",
        "US7292341B2",
        "US7301649B2",
        "US20080036984A1",
        "US20080043239A1",
        "US20080074666A1",
        "US7365858B2",
        "US20080144036A1",
        "US20080239318A1",
        "US7440105B2",
        "US20080311344A1",
        "US7483133B2",
        "US7532305B2",
        "US7869057B2"
    ],
    "citations_ftf": [
        "US192577A",
        "US2155431A",
        "US3048699A",
        "WO2000073370A1",
        "US6453006B1",
        "CA2390072C",
        "US6767844B2",
        "US7369233B2"
    ],
    "citedby_own": [],
    "citedby_ftf": [
        "US7148959B2",
        "US8564780B2",
        "US20080246951A1",
        "DE102004034953A1",
        "US7791727B2",
        "US20080144036A1",
        "US20060109463A1",
        "US7453577B2",
        "US20060204204A1",
        "US7443486B2",
        "WO2006091781A1",
        "US7528953B2",
        "US7315384B2",
        "US7395516B2",
        "CN101228527B",
        "US7532307B2",
        "US20070002336A1",
        "US7747978B2",
        "US20070093044A1",
        "US7440113B2",
        "US20070153274A1",
        "US7480050B2",
        "US7486408B2",
        "US7821650B2",
        "US7532305B2",
        "US7391513B2",
        "US7502103B2",
        "US7791724B2",
        "US7898662B2",
        "US7692792B2",
        "US7999940B2",
        "US7659988B2",
        "CN101109903B",
        "US7916284B2",
        "US20080018897A1",
        "DE102006034776B3",
        "US7352439B2",
        "FR2904690B1",
        "US7808613B2",
        "US7643666B2",
        "US20080036984A1",
        "US7589832B2",
        "US7564555B2",
        "US7969577B2",
        "US7532331B2",
        "US7573584B2",
        "US8294907B2",
        "US8233155B2",
        "US7630087B2",
        "US20080129986A1",
        "US7710572B2",
        "US8248579B2",
        "US8237914B2",
        "US7557934B2",
        "US20080135774A1",
        "US20080148875A1",
        "US7916927B2",
        "US7619737B2",
        "US7852459B2",
        "US7889991B2",
        "US7701577B2",
        "US7724370B2",
        "US7599064B2",
        "US7605907B2",
        "US7570358B2",
        "US7656518B2",
        "US7580131B2",
        "US8189195B2",
        "EP1992905A1",
        "US7911612B2",
        "US7808638B2",
        "US7633689B2",
        "US7869022B2",
        "US7460237B1",
        "US20090073448A1",
        "IL194580A0",
        "NL1036018A1",
        "EP2048543B1",
        "IL194839A0",
        "NL1036098A1",
        "NL1036123A1",
        "US8045170B2",
        "NL1036184A1",
        "NL1036188A1",
        "NL1036245A1",
        "NL1036331A1",
        "NL1036333A1",
        "NL1036459A1",
        "NL1036468A1",
        "NL1036684A1",
        "NL1036685A1",
        "NL1036632A1",
        "NL1036734A1",
        "NL1036772A1",
        "NL1036857A1",
        "US8248617B2",
        "NL1036856A1",
        "NL1036859A1",
        "NL1036886A1",
        "WO2009150031A1",
        "WO2009144218A1",
        "WO2010009930A1",
        "NL2002962A1",
        "KR101357081B1",
        "WO2010007010A1",
        "US9201310B2",
        "US20110208342A1",
        "NL2003331A",
        "NL2003292A",
        "US9081304B2",
        "NL2003497A",
        "US8891061B2",
        "WO2010049348A2",
        "KR101331107B1",
        "NL2003890A",
        "KR101433783B1",
        "KR101330116B1",
        "US8502955B2",
        "SG164292A1",
        "NL2004094A",
        "TW201100787A",
        "NL2004276A",
        "WO2010115686A1",
        "CN102422226B",
        "EP2430498B1",
        "WO2010130673A1",
        "NL2004803A",
        "KR101395733B1",
        "WO2011003734A1",
        "JP2013500586A",
        "KR20120044374A",
        "KR101461457B1",
        "US8441639B2",
        "US8731882B2",
        "NL2005259A",
        "US8525993B2",
        "NL2005346A",
        "CN102687073B",
        "NL2005521A",
        "NL2005459A",
        "NL2005733A",
        "NL2005719A",
        "NL2005863A",
        "NL2006024A",
        "CN102754035B",
        "EP2392970A3",
        "IL210832A",
        "WO2011101184A1",
        "NL2005997A",
        "NL2006078A",
        "NL2006099A",
        "NL2006229A",
        "NL2006321A",
        "EP3006902B1",
        "NL2006700A",
        "NL2006935A",
        "KR101793538B1",
        "US9927718B2",
        "NL2007127A",
        "NL2007361A",
        "US9239522B2",
        "NL2007765A",
        "WO2012062501A1",
        "EP2458441B1",
        "US8593644B2",
        "CN102540752B",
        "US8867041B2",
        "US9223227B2",
        "NL2008111A",
        "NL2008285A",
        "US8565379B2",
        "EP2515168B1",
        "WO2012126684A1",
        "US9128258B2",
        "NL2008681A",
        "US9310296B2",
        "WO2012175253A1",
        "US8681413B2",
        "NL2008928A",
        "NL2009001A",
        "US10890436B2",
        "NL2008936A",
        "NL2009066A",
        "CN203129697U",
        "US8582114B2",
        "KR101229786B1",
        "NL2009294A",
        "CN105892238B",
        "KR101906647B1",
        "EP2579100A3",
        "US9400246B2",
        "NL2009723A",
        "US9163935B2",
        "US9127927B2",
        "NL2009853A",
        "US8762100B1",
        "US10107621B2",
        "NL2010211A",
        "WO2013143814A1",
        "CN103365105B",
        "US8817273B2",
        "US8860941B2",
        "CN103454861B",
        "WO2014000998A1",
        "JP6312664B2",
        "KR102330741B1",
        "CN103529643B",
        "WO2014006935A1",
        "US10132763B2",
        "NL2011276A",
        "NL2011476A",
        "NL2011477A",
        "WO2014082813A2",
        "WO2014102792A1",
        "US8976423B2",
        "CN104062859B",
        "US9740108B2",
        "WO2014194095A1",
        "US10481088B2",
        "JP6251386B2",
        "CN105359039B",
        "US9719920B2",
        "CN105452962B",
        "US9189705B2",
        "CN105452963B",
        "KR101794828B1",
        "KR101846320B1",
        "NL2013625A",
        "NL2013736A",
        "CN105900016B",
        "KR101872752B1",
        "KR101953712B1",
        "NL2013839A",
        "NL2013838A",
        "NL2013751A",
        "US9958790B2",
        "CN105874389B",
        "CN105874387B",
        "WO2015101461A2",
        "JP6312834B2",
        "US10025193B2",
        "US9989858B2",
        "WO2015121045A1",
        "WO2015124397A1",
        "CN106062634B",
        "KR101918251B1",
        "WO2015200315A1",
        "CN106662824B",
        "CN105278253B",
        "WO2016012316A1",
        "NL2015160A",
        "US9392188B2",
        "CN107924132B",
        "WO2016030485A1",
        "NL2015269A",
        "WO2016030227A1",
        "KR101991762B1",
        "WO2016036790A2",
        "KR20170092522A",
        "WO2016045945A1",
        "CN105527794B",
        "WO2016050383A1",
        "WO2016050453A1",
        "KR102299921B1",
        "KR102355347B1",
        "US10072921B2",
        "KR102330321B1",
        "KR101982694B1",
        "US9885656B2",
        "KR101994385B1",
        "WO2016124345A1",
        "NL2016121A",
        "WO2016128190A1",
        "NL2016311A",
        "KR102030100B1",
        "WO2016142214A2",
        "KR20170120153A",
        "KR102010941B1",
        "NL2016509A",
        "US9903711B2",
        "KR102353145B1",
        "CN107438795A",
        "NL2016543A",
        "JP6524256B2",
        "WO2016177568A1",
        "US9995689B2",
        "KR102066588B1",
        "NL2016925A",
        "WO2017012857A1",
        "WO2017016839A1",
        "US9807294B2",
        "KR102098034B1",
        "NL2017300A",
        "WO2017041047A1",
        "TWI656409B",
        "US10101676B2",
        "NL2017454A",
        "WO2017055086A1",
        "NL2017452A",
        "KR102133320B1",
        "US10691863B2",
        "WO2017067765A1",
        "WO2017067748A1",
        "US10719011B2",
        "WO2017067755A1",
        "WO2017067756A1",
        "DE102015221773A1",
        "WO2017102299A1",
        "CN108700816A",
        "WO2017102406A1",
        "NL2017933A",
        "SG11201804232QA",
        "NL2017844A",
        "JP6697560B2",
        "NL2017943A",
        "KR102392704B1",
        "CN106959587B",
        "CN108700824B",
        "US11520239B2",
        "JP6703612B2",
        "US10546790B2",
        "WO2017148665A1",
        "WO2017153133A1",
        "JP6775593B2",
        "US10684557B2",
        "NL2018536A",
        "CN109313390B",
        "CN109073568B",
        "CN107329373B",
        "WO2017191084A1",
        "US11126093B2",
        "WO2017215944A1",
        "US10542201B2",
        "US10488186B2",
        "WO2018001747A1",
        "EP3276419A1",
        "KR102217202B1",
        "CN109478023B",
        "WO2018015179A1",
        "EP3279736A1",
        "US10578982B2",
        "WO2018036828A1",
        "EP3290911A1",
        "EP3291008A1",
        "EP3293574A1",
        "US10712673B2",
        "JP6773894B2",
        "EP3296723A1",
        "EP3299890A1",
        "KR102265164B1",
        "EP3309616A1",
        "EP3318927A1",
        "EP3321737A1",
        "EP3321738A1",
        "EP3321739A1",
        "US10288408B2",
        "EP3333631A1",
        "EP3333633A1",
        "WO2018108503A1",
        "EP3336605A1",
        "EP3336607A1",
        "EP3336606A1",
        "EP3796088A1",
        "EP3343294A1",
        "FR3062516B1",
        "KR102271283B1",
        "EP3361315A1",
        "US10990018B2",
        "EP3367165A1",
        "EP3376288A1",
        "KR102323993B1",
        "EP3376289A1",
        "WO2018172027A1",
        "US9966725B1",
        "NL2020574A",
        "EP3385685A1",
        "KR102331098B1",
        "KR102326192B1",
        "WO2018202388A1",
        "US11016396B2",
        "EP3399371A1",
        "JP2020519928A",
        "EP3401733A1",
        "WO2018215177A1",
        "EP3467589A1",
        "KR102340174B1",
        "WO2018233951A1",
        "EP3422103A1",
        "EP3422102A1",
        "EP3422105A1",
        "US10866090B2",
        "DE102017115262B9",
        "US11105619B2",
        "EP3432072A1",
        "WO2019015995A1",
        "KR102374949B1",
        "EP3441819A1",
        "CN110998449B",
        "EP3441820A1",
        "EP3444674A1",
        "EP3447580A1",
        "WO2019038054A1",
        "EP3451060A1",
        "CN111066096A",
        "EP3451061A1",
        "EP3454123A1",
        "EP3454124A1",
        "EP3454127A1",
        "EP3462239A1",
        "WO2019048147A1",
        "JP6979529B2",
        "US20200278295A1",
        "EP3457211A1",
        "EP3457212A1",
        "EP3460574A1",
        "KR102416276B1",
        "CN111164514B",
        "CN111149062B",
        "EP3480554A1",
        "KR102408833B1",
        "TW201923332A",
        "EP3470923A1",
        "EP3470924A1",
        "EP3474074A1",
        "EP3477389A1",
        "CN111344636B",
        "WO2019081211A1",
        "EP3477391A1",
        "EP3477392A1",
        "WO2019086221A1",
        "EP3480659A1",
        "EP3499312A1",
        "KR20230067707A",
        "EP3489756A1",
        "EP3492984A1",
        "EP3492985A1",
        "KR102438502B1",
        "EP3495888A1",
        "EP3495889A1",
        "KR102436448B1",
        "EP3499311A1",
        "US11448973B2",
        "WO2019121486A1",
        "EP3528048A1",
        "CN111542783A",
        "WO2019130613A1",
        "EP3506011A1",
        "CN111512238A",
        "WO2019129485A1",
        "WO2019129468A1",
        "US11347152B2",
        "CN111615667A",
        "EP3514628A1",
        "EP3514629A1",
        "KR20230140608A",
        "WO2019149586A1",
        "EP3518040A1",
        "EP3521930A1",
        "EP3521929A1",
        "EP3528047A1",
        "EP3531205A1",
        "US11379970B2",
        "CN111801623B",
        "EP3531191A1",
        "KR102544707B1",
        "CN111819498A",
        "EP3547030A1",
        "EP3547029A1",
        "WO2019185233A1",
        "JP7309748B2",
        "US10809193B2",
        "EP3553602A1",
        "NL2021848A",
        "EP3557327A1",
        "US11175593B2",
        "EP3570109A1",
        "EP3570108A1",
        "TWI723396B",
        "US20190369307A1",
        "WO2019233738A1",
        "EP3579052A1",
        "CN112262345A",
        "EP3614207A1",
        "EP3582009A1",
        "EP3584637A1",
        "CN112352201A",
        "EP3588190A1",
        "WO2020002143A1",
        "EP3598235A1",
        "WO2020020759A1",
        "EP3605230A1",
        "NL2021852A",
        "US11630396B2",
        "EP3611570A1",
        "EP3611569A1",
        "TWI749355B",
        "EP3614194A1",
        "EP3620857A1",
        "CN112639622A",
        "EP3623868A1",
        "EP3623869A1",
        "US20210356873A1",
        "CN112740109A",
        "EP3627226A1",
        "TWI722562B",
        "EP3629086A1",
        "US11087065B2",
        "EP3629087A1",
        "TW202020577A",
        "EP3629088A1",
        "EP3637186A1",
        "EP3637187A1",
        "EP3640735A1",
        "EP3640972A1",
        "JP7331096B2",
        "EP3647874A1",
        "EP3647871A1",
        "CN112997058A",
        "WO2020094385A1",
        "EP3650941A1",
        "EP3654103A1",
        "EP3654104A1",
        "US20220026809A1",
        "US20200158632A1",
        "EP3657256A1",
        "US11119417B2",
        "EP3657257A1",
        "WO2020114684A1",
        "EP3663856A1",
        "WO2020120050A1",
        "CN113196177A",
        "KR20210095682A",
        "WO2020141085A1",
        "WO2020141049A1",
        "KR20210096659A",
        "EP3715951A1",
        "WO2020141050A1",
        "WO2020141040A1",
        "US11333982B2",
        "CN113366389A",
        "EP3696606A1",
        "NL2024850A",
        "EP3703114A1",
        "EP3702840A1",
        "EP3705942A1",
        "EP3705945A1",
        "WO2020193010A1",
        "EP3764164A1",
        "JP7281553B2",
        "EP3715944A1",
        "EP3719551A1",
        "CN113678037A",
        "EP3719545A1",
        "EP3734366A1",
        "US11662666B2",
        "NL2025205A",
        "EP3731018A1",
        "NL2025265A",
        "EP3742230A1",
        "US20220172347A1",
        "EP3739389A1",
        "CN113939770A",
        "EP3751342A1",
        "KR20220010548A",
        "EP3754427A1",
        "WO2020254066A1",
        "CN114008499A",
        "EP3767347A1",
        "EP3758168A1",
        "WO2021001102A1",
        "KR20220016960A",
        "US20220244649A1",
        "EP3767391A1",
        "WO2021008794A1",
        "EP3767394A1",
        "EP3786712A1",
        "US20220291595A1",
        "EP3767375A1",
        "EP3611567A3",
        "EP3796080A1",
        "WO2021013611A1",
        "US20220291590A1",
        "EP3779600A1",
        "US20220283122A1",
        "EP3783436A1",
        "EP3783439A1",
        "EP3786700A1",
        "WO2021037472A1",
        "EP3812836A1",
        "US20220283515A1",
        "EP3786713A1",
        "EP3786702A1",
        "WO2021043593A1",
        "EP3792673A1",
        "CN114341742A",
        "CN114303102A",
        "US20220326152A1",
        "EP3790364A1",
        "EP3792693A1",
        "EP3805857A1",
        "EP3796089A1",
        "WO2021052801A1",
        "EP3798729A1",
        "KR20220054425A",
        "EP3809190A1",
        "JP6732243B1",
        "CN114585970A",
        "EP3809203A1",
        "EP3839621A1",
        "CN114830026A",
        "WO2021078690A1",
        "EP3839586A1",
        "EP3816721A1",
        "US20220397832A1",
        "US20220404712A1",
        "EP3869270A1",
        "CN114651214A",
        "WO2021089320A1",
        "DK3819267T3",
        "EP3819266A1",
        "CN114641729A",
        "CN110927116B",
        "WO2021104718A1",
        "EP3828632A1",
        "CN114846412A",
        "WO2021122016A1",
        "EP3839635A1",
        "US20230044632A1",
        "EP3851915A1",
        "IL293749A",
        "KR20220093360A",
        "EP3839631A1",
        "WO2021123135A1",
        "EP3839632A1",
        "WO2021130315A1",
        "IL279727A",
        "CN113124751B",
        "EP3865931A1",
        "EP3851904B1",
        "WO2021151565A1",
        "WO2021151775A1",
        "EP3876037A1",
        "JP7365510B2",
        "CN115023654A",
        "US11796920B2",
        "EP3869271A1",
        "WO2021165419A1",
        "EP3872567A1",
        "EP3879342A1",
        "KR20220132634A",
        "CN115190985A",
        "EP3882701A1",
        "WO2021175527A1",
        "EP3876036A1",
        "EP3879343A1",
        "EP3889681A1",
        "CN115605810A",
        "EP4139748A1",
        "EP3913429A1",
        "WO2021233642A1",
        "CN115668060A",
        "TWI792198B",
        "WO2021249711A1",
        "US20230259042A1",
        "KR20230019952A",
        "CN115769151A",
        "DK3936937T3",
        "EP3936936A1",
        "CN115989459A",
        "EP3944020A1",
        "WO2022008174A1",
        "EP3945548A1",
        "CN116134972A",
        "EP3962241A1",
        "EP3945367A1",
        "CN116157744A",
        "US20230305407A1",
        "EP3974899A1",
        "US20230273502A1",
        "EP4001976A1",
        "WO2022028812A1",
        "EP3961303A1",
        "KR20230038264A",
        "EP3958052A1",
        "EP3961304A1",
        "EP3964809A1",
        "EP3964892A1",
        "KR20230061399A",
        "EP3988996A1",
        "EP3968090A1",
        "KR20220032922A",
        "EP3971555A1",
        "JP2023540926A",
        "KR20230075448A",
        "EP3978964A1",
        "EP4002015A1",
        "CN116648675A",
        "WO2022111945A1",
        "CN116472498A",
        "EP4006640A1",
        "WO2022111967A2",
        "KR20230110738A",
        "EP4006641A1",
        "EP4009107A1",
        "IL303221A",
        "EP4012492A1",
        "EP4012494A1",
        "EP4016186A1",
        "EP4030236A1",
        "KR20230121053A",
        "EP4017221A1",
        "EP4030230A1",
        "WO2022135823A1",
        "EP4075339A1",
        "IL304024A",
        "EP4075341A1",
        "EP4075340A1",
        "US11761906B2",
        "EP4030237A1",
        "CN116783556A",
        "WO2022161703A1",
        "EP4036619A1",
        "EP4036646A1",
        "EP4040233A1",
        "EP4067968A1",
        "WO2022167179A1",
        "EP4047400A1",
        "WO2022174991A1",
        "US11526086B2",
        "EP4057069A1",
        "IL305428A",
        "EP4060408A1",
        "EP4086698A1",
        "EP4060403A1",
        "EP4063971A1",
        "WO2022200014A1",
        "EP4071553A1",
        "WO2022223230A1",
        "EP4080284A1",
        "WO2022228820A1",
        "EP4170421A1",
        "WO2022233547A1",
        "EP4105696A1",
        "WO2022233523A1",
        "WO2022233546A1",
        "EP4086703A1",
        "EP4089484A1",
        "WO2022253526A1",
        "EP4187321A1",
        "WO2022253501A1",
        "WO2022263102A1",
        "EP4134734A1",
        "WO2022263231A1",
        "EP4124909A1",
        "EP4112572A1",
        "EP4113210A1",
        "WO2023285322A1",
        "WO2023001463A1",
        "EP4130880A1",
        "EP4124911A1",
        "WO2023001448A1",
        "WO2023011905A1",
        "WO2023012338A1",
        "WO2023020856A1",
        "EP4141531A1",
        "EP4163715A1",
        "WO2023025506A1",
        "EP4194952A1",
        "WO2023036526A1",
        "EP4191337A1",
        "WO2023036521A1",
        "WO2023041274A1",
        "EP4184426A1",
        "WO2023046420A1",
        "EP4155821A1",
        "EP4155822A1",
        "EP4160314A1",
        "EP4163687A1",
        "EP4167031A1",
        "EP4170429A1",
        "EP4170430A1",
        "WO2023072880A1",
        "EP4174577A1",
        "EP4174568A1",
        "EP4174567A1",
        "WO2023078619A1",
        "FR3128779A1",
        "EP4181018A1",
        "CN114111625A",
        "EP4184250A1",
        "EP4191338A1",
        "WO2023104504A1",
        "WO2023110318A1",
        "WO2023117263A1",
        "WO2023117611A1",
        "WO2023117610A1",
        "WO2023126300A1",
        "EP4261616A1",
        "WO2023131476A1",
        "WO2023131589A1",
        "WO2023138916A1",
        "WO2023138892A1",
        "WO2023151973A1",
        "EP4231090A1",
        "WO2023160924A1",
        "WO2023160925A1",
        "EP4250010A1",
        "WO2023165783A1",
        "EP4242744A1",
        "EP4246231A1",
        "EP4246232A1",
        "WO2023174648A1",
        "EP4254068A1",
        "EP4254266A1",
        "US20230314126A1",
        "WO2023194036A1",
        "WO2023194049A1",
        "EP4261618A1"
    ]
}