{
    "patent_id": "US-10795958-B2",
    "title": "Intelligent distributed geographic information system ",
    "assignee": "Google Llc",
    "publication_date": "2020-10-06",
    "patent_link": "https://patents.google.com/patent/US10795958B2/en",
    "inventors": [
        "Michael T. Jones",
        "John Rohlf",
        "Brian McClendon"
    ],
    "classifications": [
        "G06F3/04815",
        "G06F16/9537",
        "G06F16/2425",
        "G06F16/2428",
        "G06F16/248",
        "G06F16/29",
        "G06F16/9538",
        "G06N7/005",
        "G06N7/01",
        "G06T17/05",
        "G06F16/284",
        "G06F16/338",
        "G06F16/9038",
        "G06F16/951",
        "G06F16/9535",
        "G06Q40/00"
    ],
    "abstract": "Interactive geographic information systems (GIS) and techniques are disclosed that provide users with a greater degree of flexibility, utility, and information. A markup language is provided that facilitates communication between servers and clients of the interactive GIS, which enables a number of GIS features, such as network links (time-based and/or view-dependent dynamic data layers), ground overlays, screen overlays, placemarks, 3D models, and stylized GIS elements, such as geometry, icons, description balloons, polygons, and labels in the viewer by which the user sees the target area. Also, \u201cvirtual tours\u201d of user-defined paths in the context of distributed geospatial visualization is enabled. Streaming and interactive visualization of filled polygon data are also enabled thereby allowing buildings and other such features to be provided in 3D. Also, techniques for enabling ambiguous search requests in a GIS are provided.",
    "claims": "\n1. A method for automatically updating digital maps, the method comprising:\nreceiving, by one or more processors in a client device via a communication network from a geographic information systems (GIS) server system, geographic information for generating interactive digital maps;\ngenerating, by the one or more processors in the client device, a digital map of a geographic area using the received geographic information;\nreceiving, by the one or more processors in the client device via the communication network from the GIS server system, a geospatial description file that includes a designated location and a viewpoint of a virtual camera for viewing the designated location, wherein the viewpoint is unrelated to geometry specified by the designated location, such that the designated location is not within view; and\npresenting, by the one or more processors in the client device, an indication of the designated location on the digital map, the digital map presented from the viewpoint of the virtual camera.\n2. The method of claim 1, further comprising:\npresenting, by the one or more processors in the client device, the digital map of the geographic area from an initial viewpoint of the virtual camera;\npresenting, by the one or more processors in the client device, a user control for viewing the designated location; and\nin response to receiving a selection of the user control, presenting, by the one or more processors in the client device, an indication of the designated location on the digital map and adjusting a view of the digital map from the initial viewpoint of the virtual camera to the viewpoint from the geospatial description file.\n3. The method of claim 1, wherein the viewpoint of the virtual camera for viewing the designated location includes one or more of: a location of the viewpoint, a heading for the viewpoint indicative of a direction the virtual camera is facing, a tilt angle for the viewpoint, or a range indicative of the distance from a surface to the viewpoint of the virtual camera.\n4. The method of claim 1, wherein the geospatial description file is consistent with a Keyhole Markup Language (KML) or compressed KML (KMZ) specification.\n5. The method of claim 1, wherein receiving the geospatial description file includes iteratively fetching content from a third-party content server using a view-dependent network link (VDNL).\n6. The method of claim 5, wherein using the view-dependent network link (VDNL) includes submitting, by the one or more processors, a VDNL data structure that specifies the third-party content server.\n7. The method of claim 1, wherein generating the digital map includes generating a 3D satellite image map.\n8. A client device comprising:\none or more processors; and\na non-transitory computer-readable medium storing thereon instructions that, when executed by the one or more processors, cause the client device to:\nreceive, via a communication network from a geographic information systems (GIS) server system, geographic information for generating interactive digital maps;\ngenerate a digital map of a geographic area using the received geographic information;\nreceive, via the communication network from the GIS server system, a geospatial description file that includes a designated location and a viewpoint of a virtual camera for viewing the designated location, wherein the viewpoint is unrelated to geometry specified by the designated location, such that the designated location is not within view; and\npresent an indication of the designated location on the digital map, the digital map presented from the viewpoint of the virtual camera.\n9. The client device of claim 8, wherein the instructions further cause the client device to:\npresent the digital map of the geographic area from an initial viewpoint of the virtual camera;\npresent a user control for viewing the designated location; and\nin response to receiving a selection of the user control, present an indication of the designated location on the digital map and adjusting a view of the digital map from the initial viewpoint of the virtual camera to the viewpoint from the geospatial description file.\n10. The client device of claim 8, wherein the viewpoint of the virtual camera for viewing the designated location includes one or more of: a location of the viewpoint, a heading for the viewpoint indicative of a direction the virtual camera is facing, a tilt angle for the viewpoint, or a range indicative of the distance from a surface to the viewpoint of the virtual camera.\n11. The client device of claim 8, wherein the geospatial description file is consistent with a Keyhole Markup Language (KML) or compressed KML (KMZ) specification.\n12. The client device of claim 8, wherein to receive the geospatial description file, the instructions cause the client device to iteratively fetch content from a third-party content server using a view-dependent network link (VDNL).\n13. The client device of claim 12, wherein to use the view-dependent network link (VDNL), the instructions cause the client device to submit a VDNL data structure that specifies the third-party content server.\n14. The method of claim 8, wherein generating the digital map includes generating a 3D satellite image map.\n15. A non-transitory computer-readable medium storing thereon instructions that, when executed by one or more processors, cause the one or more processors to:\nreceive, via a communication network from a geographic information systems (GIS) server system, geographic information for generating interactive digital maps;\ngenerate a digital map of a geographic area using the received geographic information;\nreceive, via the communication network from the GIS server system, a geospatial description file that includes a designated location and a viewpoint of a virtual camera for viewing the designated location, wherein the viewpoint is unrelated to geometry specified by the designated location, such that the designated location is not within view; and\npresent an indication of the designated location on the digital map, the digital map presented from the viewpoint of the virtual camera.\n16. The non-transitory computer-readable medium of claim 15, wherein the instructions further cause the one or more processors to:\npresent the digital map of the geographic area from an initial viewpoint of the virtual camera;\npresent a user control for viewing the designated location; and\nin response to receiving a selection of the user control, present an indication of the designated location on the digital map and adjusting a view of the digital map from the initial viewpoint of the virtual camera to the viewpoint from the geospatial description file.\n17. The non-transitory computer-readable medium of claim 15, wherein the viewpoint of the virtual camera for viewing the designated location includes one or more of: a location of the viewpoint, a heading for the viewpoint indicative of a direction the virtual camera is facing, a tilt angle for the viewpoint, or a range indicative of the distance from a surface to the viewpoint of the virtual camera.",
    "status": "Active",
    "citations_own": [
        "US5341463A",
        "US5490285A",
        "US5579459A",
        "US5613051A",
        "US5754182A",
        "US5760783A",
        "US5901214A",
        "US5929860A",
        "US6014614A",
        "US6054990A",
        "WO2000041090A1",
        "US6100897A",
        "US6111583A",
        "US6144338A",
        "US6202026B1",
        "US6215503B1",
        "US6222557B1",
        "US6229546B1",
        "US6236907B1",
        "GB2356948A",
        "US6247019B1",
        "US6262741B1",
        "US20010030667A1",
        "US20010032165A1",
        "US6307573B1",
        "US20010040505A1",
        "US6321158B1",
        "US6346938B1",
        "US20020032612A1",
        "US20020035451A1",
        "EP1193626A1",
        "US20020049742A1",
        "US20020055926A1",
        "US6388684B1",
        "US6392646B1",
        "US20020067353A1",
        "US20020067379A1",
        "US20020070981A1",
        "US20020103597A1",
        "US20020112237A1",
        "WO2002065331A2",
        "US20020113797A1",
        "US20020123841A1",
        "US20020129014A1",
        "US6452596B1",
        "US20020156779A1",
        "US6473691B1",
        "US20020174066A1",
        "US6489955B1",
        "US20020188402A1",
        "US6496189B1",
        "US20030020746A1",
        "US6525726B1",
        "US20030061211A1",
        "US20030069693A1",
        "US20030074391A1",
        "US6553420B1",
        "US6594823B1",
        "US6604046B1",
        "US6622090B2",
        "US20030220735A1",
        "US6665840B1",
        "US6687832B1",
        "US6697799B1",
        "US20040041805A1",
        "US6721769B1",
        "US20040070678A1",
        "US20040078750A1",
        "US20040093325A1",
        "US20040105573A1",
        "US6772174B1",
        "US6772142B1",
        "US20040219980A1",
        "US20040217980A1",
        "US20040225635A1",
        "US6836270B2",
        "US20050027705A1",
        "US6856807B1",
        "US6858826B2",
        "US20050050472A1",
        "US20050050112A1",
        "US20050065959A1",
        "US20050080786A1",
        "US20050091193A1",
        "US20050096849A1",
        "US20050110789A1",
        "US6901428B1",
        "US20050197894A1",
        "US20050216300A1",
        "US20050246373A1",
        "US20050257241A1",
        "US20050273469A1",
        "US20050278378A1",
        "US20050278309A1",
        "US20060004512A1",
        "US20060002590A1",
        "US6999876B2",
        "US20060074980A1",
        "US20060075442A1",
        "US7031838B1",
        "US20060085392A1",
        "US20060149742A1",
        "US20060149734A1",
        "US20060170693A1",
        "US7096428B2",
        "US20060253458A1",
        "US20060249566A1",
        "US20060271280A1",
        "US20060271281A1",
        "US20060271277A1",
        "US20060288014A1",
        "US7158878B2",
        "US7177761B2",
        "US20070100802A1",
        "US7225207B1",
        "US7256732B2",
        "US20070250468A1",
        "US20080010262A1",
        "US20080016472A1",
        "US7353114B1",
        "US7376510B1",
        "US7746343B1",
        "US20120254804A1",
        "US20120323360A1",
        "US20130282723A1",
        "US20130326425A1",
        "US20140095303A1",
        "US9460175B1",
        "US10489965B1"
    ],
    "citations_ftf": [
        "US6339795B1",
        "AUPR824601A0",
        "US6871137B2",
        "KR101123426B1",
        "US20050080613A1",
        "US7299125B2"
    ],
    "citedby_own": [],
    "citedby_ftf": [
        "AU2003207495A1",
        "US7853563B2",
        "US7917468B2",
        "US8468126B2",
        "US8207964B1",
        "US7929800B2",
        "US7441271B2",
        "US8010082B2",
        "US7706781B2",
        "FI117152B",
        "US7752633B1",
        "US7899583B2",
        "US9420423B1",
        "US10117078B1",
        "US8836580B2",
        "DE102005018082A1",
        "US8438633B1",
        "WO2006136660A1",
        "US10198521B2",
        "US20070033089A1",
        "EP1920423A2",
        "US7805483B2",
        "EP1994478A2",
        "CA2541763A1",
        "US8041648B2",
        "US8219535B1",
        "US7769395B2",
        "US7773085B2",
        "US7945852B1",
        "US20080033936A1",
        "US9721157B2",
        "CN104765826B",
        "JP2008102467A",
        "WO2009075689A2",
        "US9813531B2",
        "WO2008099927A1",
        "KR101322055B1",
        "US8584013B1",
        "US20080243787A1",
        "US8583592B2",
        "US20080262942A1",
        "JP4465631B2",
        "US8693494B2",
        "US8805425B2",
        "US8311526B2",
        "US8180379B2",
        "US8762056B2",
        "US8290513B2",
        "US8774825B2",
        "US8332402B2",
        "US8275352B2",
        "US8385946B2",
        "US9109904B2",
        "US8204684B2",
        "US9066199B2",
        "US8175802B2",
        "US8108144B2",
        "US20100122208A1",
        "JP5355872B2",
        "US8601392B2",
        "US8364397B2",
        "EP2187312B1",
        "KR101396829B1",
        "US20090083672A1",
        "KR101742256B1",
        "US8269764B2",
        "US8549439B2",
        "US20090100342A1",
        "JP5294612B2",
        "US8872846B2",
        "US8364181B2",
        "US8793305B2",
        "US9002828B2",
        "US8355862B2",
        "US8244454B2",
        "US8107921B2",
        "US8862657B2",
        "US20090193338A1",
        "US20100167256A1",
        "US8589809B2",
        "US20090240660A1",
        "US20090244100A1",
        "US8359157B2",
        "US8166042B1",
        "EP2279497B1",
        "US8274506B1",
        "US9250092B2",
        "US8644843B2",
        "US20090292464A1",
        "US8787947B2",
        "US8078158B2",
        "US20100017747A1",
        "GB2465079B",
        "US9310992B2",
        "US8359643B2",
        "US8909759B2",
        "US8144937B2",
        "KR20100046586A",
        "US8260320B2",
        "TW201020818A",
        "US20100145602A1",
        "US8250052B2",
        "US8982116B2",
        "US8619072B2",
        "US20100235078A1",
        "US8670748B2",
        "AU2010242544B2",
        "US8660530B2",
        "WO2010124335A1",
        "US8666367B2",
        "US8581900B2",
        "US9330573B2",
        "US9610502B2",
        "US9286720B2",
        "KR101648339B1",
        "US8271152B2",
        "US20120256900A1",
        "US8417397B2",
        "US8433706B2",
        "US8924377B2",
        "US20110310088A1",
        "US8319772B2",
        "US8838783B2",
        "JP5676762B2",
        "GB2495877B",
        "CA2806527A1",
        "JP5582344B2",
        "US8878871B2",
        "KR101688153B1",
        "US8723886B2",
        "US8797315B1",
        "WO2012061437A1",
        "US8326985B2",
        "BR112013010806A2",
        "US8843153B2",
        "US8484314B2",
        "WO2012060997A2",
        "WO2012060996A2",
        "US9060032B2",
        "WO2012060995A2",
        "US9330196B2",
        "GB2500327B",
        "EP2596658B1",
        "US8686995B2",
        "US8819168B2",
        "EP2661697B1",
        "US20120177304A1",
        "US20120218254A1",
        "US8818124B1",
        "EP2503293B1",
        "EP2503290A1",
        "EP2503292B1",
        "GB2489685B",
        "EP2700019B1",
        "EP2556441B8",
        "US8621075B2",
        "US9273979B2",
        "US9552376B2",
        "WO2013015994A1",
        "US9505497B2",
        "JP5851766B2",
        "EP2565583B1",
        "US20130067349A1",
        "US9076259B2",
        "US20130097197A1",
        "US8767011B1",
        "EP2789137A4",
        "US8918503B2",
        "US9208123B2",
        "US9277443B2",
        "KR101873525B1",
        "US9389088B2",
        "WO2013090834A1",
        "US8861354B2",
        "US9021021B2",
        "US9342612B2",
        "US20130155102A1",
        "US20130167049A1",
        "US8909202B2",
        "US8688379B1",
        "US9223745B2",
        "US8478513B1",
        "US8654124B2",
        "WO2013116856A1",
        "US9326189B2",
        "US9141988B2",
        "US9171327B2",
        "US8554394B2",
        "US8626434B1",
        "US8781649B2",
        "CN102663811A",
        "US8812695B2",
        "WO2013155208A1",
        "BR112014025516A2",
        "US9098598B1",
        "US8635021B2",
        "US8694378B1",
        "US9432453B2",
        "US20130321400A1",
        "US9418672B2",
        "US8650220B2",
        "US10176633B2",
        "US9182243B2",
        "US9311750B2",
        "US9105129B2",
        "US9135751B2",
        "US9159153B2",
        "US9886794B2",
        "WO2013184528A2",
        "US9997069B2",
        "US8880336B2",
        "US9482296B2",
        "US9269178B2",
        "US9230556B2",
        "US9541417B2",
        "US9052197B2",
        "US9147286B2",
        "US9355476B2",
        "US9418466B2",
        "US9395193B2",
        "US9171464B2",
        "US9235906B2",
        "US20130332845A1",
        "PE20150308A1",
        "US9786097B2",
        "US10163261B2",
        "US10139985B2",
        "US9043699B1",
        "US8751304B1",
        "US8737691B2",
        "US9047254B1",
        "WO2014011216A1",
        "US8694632B1",
        "US9146911B1",
        "US20140046923A1",
        "US20140074871A1",
        "US9508169B2",
        "EP2898460A1",
        "US9488489B2",
        "US9161258B2",
        "US9462015B2",
        "US9678660B2",
        "TWI497035B",
        "US9245372B2",
        "US11144868B1",
        "US20140177497A1",
        "US9606709B2",
        "US8589818B1",
        "US9747584B2",
        "US9271238B2",
        "US8874761B2",
        "US20140245158A1",
        "US10140765B2",
        "US8750123B1",
        "US9229953B2",
        "US9196088B2",
        "US9406039B2",
        "US9164653B2",
        "US20140280644A1",
        "US20140280506A1",
        "US20140280503A1",
        "US20140280505A1",
        "US20140267581A1",
        "US20140280502A1",
        "US9838506B1",
        "US9317962B2",
        "US20140336925A1",
        "US11481091B2",
        "US9418485B2",
        "US9412275B2",
        "US20140365558A1",
        "CN104252478B",
        "US9065765B2",
        "US9437170B1",
        "WO2015027100A1",
        "CN103475891B",
        "US9905043B2",
        "US20150089425A1",
        "KR20150034997A",
        "US10963951B2",
        "CN103700156A",
        "CN103677930B",
        "US10311633B2",
        "US9437159B2",
        "US9588343B2",
        "US10365804B1",
        "CN103885742B",
        "KR102240279B1",
        "US9189839B1",
        "CN103970539A",
        "US9865181B2",
        "US20150347650A1",
        "US9002647B1",
        "US9418472B2",
        "US9684425B2",
        "US10515100B2",
        "CN105512136A",
        "US9471695B1",
        "CN105786822B",
        "CN104700453A",
        "US9727560B2",
        "US20160269689A1",
        "KR102063895B1",
        "US9924240B2",
        "US10061492B2",
        "US9702724B2",
        "US9726506B2",
        "US10514271B2",
        "US10094675B2",
        "US9891065B2",
        "US10302442B2",
        "WO2017011717A1",
        "US10482659B2",
        "US9507028B1",
        "TWI625668B",
        "US9679413B2",
        "KR20180037234A",
        "US10055885B2",
        "CN105512163A",
        "WO2017058260A1",
        "US10095795B2",
        "EP3391651B1",
        "US20170192942A1",
        "US9922426B2",
        "US9810537B2",
        "USD886116S1",
        "US10003946B2",
        "US10726951B2",
        "US10302446B2",
        "CN107527375A",
        "US10030979B2",
        "US20180080771A1",
        "US10885072B2",
        "US10339708B2",
        "US10786737B2",
        "US9784589B1",
        "CN106775056A",
        "JP6740898B2",
        "US10650552B2",
        "CN107038591A",
        "US20200218753A1",
        "US10567729B2",
        "CN110019886A",
        "WO2019082058A1",
        "CN107610000A",
        "GB2569130B",
        "CN108228725B",
        "CN108090151A",
        "EP3766039A4",
        "EP3776491A4",
        "CN108614861A",
        "CN108733440A",
        "EP3775754A4",
        "JP6854972B2",
        "CN108766098A",
        "CN109164962B",
        "US10896619B2",
        "WO2020061336A1",
        "CN109271507B",
        "US10964112B2",
        "US11461976B2",
        "RU2707138C1",
        "US10936178B2",
        "CN109993420B",
        "US11249614B2",
        "AU2019450140A1",
        "CN110532332A",
        "JP2021018546A",
        "US11263358B2",
        "CN110490921B",
        "US11468025B2",
        "CN110660205B",
        "CN114424577A",
        "US11397519B2",
        "WO2021167422A1",
        "CN111339232B",
        "US11494977B2",
        "US11805176B1",
        "US11683290B1",
        "US20220070232A1",
        "CN112017285B",
        "CN112035588B",
        "CN112815951B",
        "US11736605B2",
        "US20230055819A1",
        "US20230100610A1",
        "WO2023079139A1",
        "CN114911886B",
        "KR20230147312A"
    ]
}