{
    "patent_id": "US-10977293-B2",
    "title": "Technology incident management platform ",
    "assignee": "Royal Bank Of Canada",
    "publication_date": "2021-04-13",
    "patent_link": "https://patents.google.com/patent/US10977293B2/en",
    "inventors": [
        "Yixian CAI",
        "Amir GHADERI",
        "Ankit KHIRWADKAR",
        "Chetana CHAVDA",
        "Pei Hu"
    ],
    "classifications": [
        "G06F40/216",
        "G06F16/3329",
        "G06F16/358",
        "G06F17/18",
        "G06F18/2115",
        "G06F18/22",
        "G06F3/0482",
        "G06F40/30",
        "G06K9/6215",
        "G06K9/6231",
        "G06N20/00",
        "G06N3/006",
        "G06N5/02",
        "G06N5/022"
    ],
    "abstract": "Embodiments described herein relation to IT incident management that can involve predictive analytics, prescriptive analytics, and descriptive analytics. An IT incident management platform can enable IT incident solution prediction using prescriptive models and natural language processing. An IT incident management platform can enable IT incident ticket volume prediction using predictive models and natural language processing. An IT incident management platform can generate visual elements for display at an interactive interface that represents data centre topology network graphs using descriptive models.",
    "claims": "\n1. A computer implemented system for technology incident management for facilitating resolution of a new incident ticket, the system comprising:\na processor operating in conjunction with computer memory to provide:\na data receiver configured for receiving string inputs representative of the new incident ticket, the new incident ticket including at least a title field and a description field;\na pre-processing engine configured to generate a pre-processed concatenated title field and description by concatenating the title field and the description field of the new incident ticket, and to removing low value words from the concatenated title field and description field; and\na natural language processing engine configured to:\nperform term frequency inverse document frequency analysis on a set of historical incident-solution pairs stored on a data repository and the pre-processed concatenated title field and description to transform the set of historical incident-solution pairs and the pre-processed concatenated title field and description into vector representations, the term frequency inverse document frequency analysis configured for up to 3 word combinations specified by a parameter N-gram range(1,3);\ndetermine a plurality of cosine similarity scores between a vector representation of the pre-processed concatenated title field and description and vector representations of each of the historical incident-solution pairs;\ngenerate an ordered list of closest matching historical incidents of the set of historical incident-solution pairs stored on the data repository, ordered by the plurality of cosine similarity scores;\ndetermine a subset of potential solutions selected from a plurality of potential solutions based on a pre-defined number of closest matching historical incidents from the ordered list of the closest matching historical incidents; and\ngenerate an output data structure representative of the subset of potential solutions selected from the plurality of potential solutions;\nwherein the output data structure is configured to be utilized to identify one or more prescriptive actions.\n2. The system of claim 1, wherein the plurality of cosine similarity scores are further processed to generate one or more corresponding confidence scores.\n3. The system of claim 1, wherein the processor is further configured to provide a repository update engine that is configured to periodically retrieve, from one or more incident data storage devices, data elements representing every incident-solution pair that has occurred during a period, process the data elements to concatenate title and description fields of the data element and to remove one or more low value words, and to update the repository with the processed data elements.\n4. The system of claim 1, wherein the processor is further configured to provide a decision support graphical user interface rendering engine, the decision support graphical user interface rendering engine configured to generate one or more control signals that control a display of a computing device to render a graphical user interface including at least one or more visual interface elements including textual data corresponding to the output data structure representative of the subset of potential solutions selected from the plurality of potential solutions.\n5. The system of claim 4, wherein the string inputs representative of the new incident ticket include natural language strings including at least a portion indicative of an error code, and wherein the graphical user interface is rendered including, for each potential solution of the subset of potential solutions, a first textual graphical element directed to the description string of the incident, a second textual graphical element directed to the title string of the incident, and a third textual graphical element directed to the solution string of the incident.\n6. The system of claim 4, wherein a visual characteristic of the first textual graphical element, the second textual graphical element, or the third textual graphical element corresponding to each potential solution is modified based on a cosine similarity score corresponding to the potential solution.\n7. The system of claim 6, wherein the visual characteristic is selected from a group consisting of: font size, font color, background color, and opacity level.\n8. The system of claim 1, wherein the string inputs representative of the new incident ticket are received from a chatbot interface.\n9. The system of claim 1, wherein the low value words are stored on a reference data structure.\n10. The system of claim 1, wherein the subset of potential solutions includes potential alternate solutions, the output data structure is representative of the subset of potential solutions ordered based on similarity to the new incident ticket, and the output data structure is configured to be utilized to identify a corrective action based on the subset of potential solutions.\n11. A computer implemented method for technology incident management for facilitating resolution of a new incident ticket, the method comprising:\nreceiving string inputs representative of the new incident ticket, the new incident ticket including at least a title field and a description field;\npre-processing the new incident ticket to generate a pre-processed concatenated title field and description by concatenatinq the title field and the description field of the new incident ticket, and removing low value words from the concatenated title field and description field;\nperforming term frequency inverse document frequency analysis on a set of historical incident-solution pairs stored on a data repository and the pre-processed concatenated title field and description to transform the set of historical incident-solution pairs and the pre-processed concatenated title field and description into vector representations, the term frequency inverse document frequency analysis configured for up to 3 word combinations specified by a parameter N-qram range(1,3);\ndetermining a plurality of cosine similarity scores between a vector representation of the pre-processed concatenated title field and description and vector representations of each of the historical incident-solution pairs;\ngenerating an ordered list of closest matching historical incidents of the set of historical incident-solution pairs stored on the data repository, ordered by the plurality of cosine similarity scores;\ndetermining a subset of potential solutions selected from a plurality of potential solutions based on a pre-defined number of closest matching historical incidents from the ordered list of the closest matching historical incidents; and\ngenerating an output data structure representative of the subset of potential solutions selected from the plurality of potential solutions;\n12. The method of claim 11, wherein the plurality of cosine similarity scores are further processed to generate one or more corresponding confidence scores.\n13. The method of claim 11, comprising periodically retrieving, from one or more incident data storage devices, data elements representing every incident-solution pair that has occurred during a period, process the data elements to concatenate title and description fields of the data element and to remove one or more low value words, and to update the repository with the processed data elements.\n14. The method of claim 11, comprising generating one or more control signals that control a display of a computing device to render a graphical user interface including at least one or more visual interface elements including textual data corresponding to the output data structure representative of the subset of potential solutions selected from the plurality of potential solutions.\n15. The method of claim 14, wherein the string inputs representative of the new incident ticket include natural language strings including at least a portion indicative of an error code, and wherein the graphical user interface is rendered including, for each potential solution of the subset of potential solutions, a first textual graphical element directed to the description string of the incident, a second textual graphical element directed to the title string of the incident, and a third textual graphical element directed to the solution string of the incident.\n16. The method of claim 14, wherein a visual characteristic of the first textual graphical element, the second textual graphical element, or the third textual graphical element corresponding to each potential solution is modified based on a cosine similarity score corresponding to the potential solution.\n17. The method of claim 11, wherein the string inputs representative of the new incident ticket are received from a chatbot interface.\n18. The method of claim 11, wherein the low value words are stored on a reference data structure.\n19. The method of claim 11, wherein the subset of potential solutions includes potential alternate solutions, the output data structure is representative of the subset of potential solutions ordered based on similarity to the new incident ticket, and the output data structure is configured to be utilized to identify a corrective action based on the subset of potential solutions.\n20. A non-transitory computer readable medium storing machine interpretable instructions, which when executed by a processor, cause the processor to perform a computer implemented method for technology incident management for facilitating resolution of a new incident ticket, the method comprising:\nreceiving string inputs representative of the new incident ticket, the new incident ticket including at least a title field and a description field;\npre-processing the new incident ticket to generate a pre-processed concatenated title field and description by concatenating the title field and the description field of the new incident ticket, and removing low value words from the concatenated title field and description field;\nperforming term frequency inverse document frequency analysis on a set of historical incident-solution pairs stored on a data repository and the pre-processed concatenated title field and description to transform the set of historical incident-solution pairs and the pre-processed concatenated title field and description into vector representations, the term frequency inverse document frequency analysis configured for up to 3 word combinations specified by a parameter N-gram range(1,3);\ndetermining a plurality of cosine similarity scores between a vector representation of the pre-processed concatenated title field and description and vector representations of each of the historical incident-solution pairs;\ngenerating an ordered list of closest matching historical incidents of the set of historical incident-solution pairs stored on the data repository, ordered by the plurality of cosine similarity scores;\ndetermining a subset of potential solutions selected from a plurality of potential solutions based on a pre-defined number of closest matching historical incidents from the ordered list of the closest matching historical incidents; and\ngenerating an output data structure representative of the subset of potential solutions selected from the plurality of potential solutions;",
    "status": "Active",
    "citations_own": [
        "US20140006861A1",
        "US20160239847A1",
        "US20170140315A1",
        "US20180005286A1",
        "US20190179493A1",
        "US20190325323A1",
        "US10503827B2"
    ],
    "citations_ftf": [],
    "citedby_own": [
        "US20210264305A1",
        "US11360792B2"
    ],
    "citedby_ftf": [
        "US10956838B2",
        "USD902229S1",
        "US10728121B1",
        "US10938678B2",
        "US11061949B2",
        "US11443287B2",
        "US20200320383A1",
        "US11416823B2",
        "US10917520B1",
        "US11119747B2",
        "JP2023506739A",
        "US20210286832A1",
        "US11321104B2",
        "US11348415B2",
        "US10956255B1",
        "US11763178B2",
        "US11693726B2",
        "US11501237B2",
        "US11609811B2",
        "US11711275B2",
        "US20220148008A1",
        "US11394629B1",
        "US11727331B2",
        "US11373131B1",
        "US20220255792A1",
        "US11727503B2",
        "WO2022212379A1",
        "WO2023049745A1",
        "US20230092819A1",
        "US20230214317A1",
        "US11588702B1",
        "US20230245011A1",
        "US20230259419A1",
        "US20230261933A1",
        "US11797374B2",
        "US20230269143A1"
    ]
}