{
    "patent_id": "US-11651240-B2",
    "title": "Object association for autonomous vehicles ",
    "assignee": "Uatc, Llc",
    "publication_date": "2023-05-16",
    "patent_link": "https://patents.google.com/patent/US11651240B2/en",
    "inventors": [
        "Carlos Vallespi-Gonzalez",
        "Abhishek Sen",
        "Shivam Gautam"
    ],
    "classifications": [
        "G06N5/022",
        "G06N20/00",
        "G06N20/20",
        "G06N5/01",
        "G06N5/046",
        "G06T7/292",
        "G06T7/70",
        "G06V10/764",
        "G06V20/30",
        "G06V20/56",
        "G06V20/58",
        "G06N3/044",
        "G06N3/045",
        "G06N7/01",
        "G06T2207/10044",
        "G06T2207/10052",
        "G06T2207/30261"
    ],
    "abstract": "Systems, methods, tangible non-transitory computer-readable media, and devices for associating objects are provided. For example, the disclosed technology can receive sensor data associated with the detection of objects over time. An association dataset can be generated and can include information associated with object detections of the objects at a most recent time interval and object tracks of the objects at time intervals in the past. A subset of the association dataset including the object detections that satisfy some association subset criteria can be determined. Association scores for the object detections in the subset of the association dataset can be determined. Further, the object detections can be associated with the object tracks based on the association scores for each of the object detections in the subset of the association dataset that satisfy some association criteria.",
    "claims": "\n1. A computer-implemented method of object association,\nthe computer-implemented method comprising:\nobtaining sensor data comprising a plurality of representations of one or more objects in an environment over a plurality of time intervals by one or more sensors of a vehicle, the plurality of representations comprising an object detection of the one or more objects at a most recent time interval of the plurality of time intervals and an object track of the one or more objects at a plurality of time intervals preceding the most recent time interval;\nproviding input data indicative of the plurality of representations of the one or more objects as an input to a machine-learned model;\nreceiving an output of the machine-learned model in response to receipt of the input data, wherein the output is indicative of a relationship between a respective object detection in the most recent time interval and a respective object track in the plurality of time intervals preceding the most recent time interval; and\nassociating the respective object detection with the respective object track in computer memory.\n2. The computer-implemented method of claim 1, wherein the output comprises an association classification indicative of whether to associate the respective object detection with the respective object track in the computer memory and an association score corresponding to the association classification, wherein associating the respective object detection with the respective object track in the computer memory comprises:\nassociating the respective object detection with the respective object track in the computer memory based at least in part on the association classification and the association score.\n3. The computer-implemented method of claim 1, wherein the input data indicative of the plurality of representations of the one or more objects comprises an association dataset, the association dataset comprising a plurality of combined feature vectors associated with the plurality of representations of the one or more objects in the environment.\n4. The computer-implemented method of claim 3, wherein the input data indicative of the plurality of representations of the one or more objects comprises a respective combined feature vector associated with the respective object detection and the respective object track.\n5. The computer-implemented method of claim 1, wherein the output comprises an association score indicative of whether to associate the respective object detection with the respective object track in the computer memory.\n6. The computer-implemented method of claim 5, wherein the association score is based at least in part on one or more features of the one or more objects, wherein the one or more features comprise at least one of a physical dimension, a velocity, an acceleration, or an orientation of at least one of the one or more objects.\n7. The computer-implemented method of claim 5, wherein associating the respective object detection with the respective object track in the computer memory comprises:\nassociating the respective object detection with the respective object track in the computer memory in response to the association score exceeding a predetermined association score threshold.\n8. The computer-implemented method of claim 1, wherein the output comprises an association classification indicative of whether to associate the respective object detection with the respective object track in the computer memory.\n9. The computer-implemented method of claim 8, wherein the association classification is based at least in part on whether the respective object detection and the respective object track achieve association subset criteria.\n10. The computer-implemented method of claim 9, wherein the association subset criteria is indicative of a distance between the respective object detection and the respective object track.\n11. An autonomous vehicle control system, comprising:\none or more processors; and\none or more tangible, non-transitory, computer readable media that store instructions that when executed by the one or more processors cause the autonomous vehicle control system to perform operations, the operations comprising:\nobtaining sensor data comprising a plurality of representations of one or more objects in an environment over a plurality of time intervals by one or more sensors of a vehicle, the plurality of representations comprising an object detection of the one or more objects at a most recent time interval of the plurality of time intervals and an object track of the one or more objects at a plurality of time intervals preceding the most recent time interval;\nproviding input data indicative of the plurality of representations of the one or more objects as an input to a machine-learned model;\nreceiving an output of the machine-learned model in response to receipt of the input data, wherein the output is indicative of a relationship between a respective object detection in the most recent time interval and a respective object track in the plurality of time intervals preceding the most recent time interval; and\nassociating the respective object detection with the respective object track in computer memory.\n12. The autonomous vehicle control system of claim 11, wherein the sensor data comprises at least one of image data, radar data, or LiDAR data associated with the one or more objects.\n13. The autonomous vehicle control system of claim 11, wherein the input data indicative of the plurality of representations of the one or more objects comprises an association dataset, the association dataset comprising a plurality of combined feature vectors associated with the plurality of representations of the one or more objects in the environment.\n14. The autonomous vehicle control system of claim 11, wherein the input data indicative of the plurality of representations of the one or more objects comprises a respective combined feature vector associated with the respective object detection and the respective object track.\n15. The autonomous vehicle control system of claim 14, wherein the respective combined feature vector comprises one or more features for at least one of the respective object detection or the respective object track.\n16. The autonomous vehicle control system of claim 15, wherein the output comprises an association score indicative of whether to associate the respective object detection with the respective object track in the computer memory, wherein the association score is based at least in part on the one or more features for at least one of the respective object detection or the respective object track.\n17. The autonomous vehicle control system of claim 15, wherein the one or more features are indicative of at least one of a location, a physical dimension, a velocity, an acceleration, or an orientation for at least one of the respective object detection or the respective object track.\n18. An autonomous vehicle comprising:\none or more processors; and\none or more tangible, non-transitory, computer readable media that store instructions that when executed by the one or more processors cause the autonomous vehicle to perform operations, the operations comprising:\nobtaining sensor data comprising a plurality of representations of one or more objects in an environment over a plurality of time intervals by one or more sensors of the autonomous vehicle, the plurality of representations comprising an object detection of the one or more objects at a most recent time interval of the plurality of time intervals and an object track of the one or more objects at a plurality of time intervals preceding the most recent time interval;\nproviding input data indicative of the plurality of representations of the one or more objects as an input to a machine-learned model;\nreceiving an output of the machine-learned model in response to receipt of the input data, wherein the output is indicative of a relationship between a respective object detection in the most recent time interval and a respective object track in the plurality of time intervals preceding the most recent time interval; and\nassociating the respective object detection with the respective object track in computer memory.\n19. The autonomous vehicle of claim 18, wherein the input data indicative of the plurality of representations of the one or more objects comprises an association dataset, the association dataset comprising a plurality of combined feature vectors associated with the plurality of representations of the one or more objects in the environment.\n20. The autonomous vehicle of claim 18, wherein the output comprises an association classification indicative of whether to associate the respective object detection with the respective object track in the computer memory and an association score corresponding to the association classification, wherein associating the respective object detection with the respective object track in computer memory comprises:\nassociating the respective object detection with the respective object track in computer memory based at least in part on the association classification and the association score.",
    "status": "Active",
    "citations_own": [
        "US20150363638A1"
    ],
    "citations_ftf": [],
    "citedby_own": [],
    "citedby_ftf": [
        "US10678244B2",
        "US10671349B2",
        "US11157441B2",
        "US11409692B2",
        "US11561791B2",
        "US10839522B2",
        "US10743141B2",
        "US11215999B2",
        "US11636333B2",
        "US11562231B2",
        "US11605231B2",
        "JP7169831B2",
        "US10839263B2",
        "US11196678B2",
        "US20190061771A1",
        "WO2020100408A1",
        "US11537811B2",
        "CN111369780B",
        "US11610117B2",
        "US10817777B2",
        "US10796206B2",
        "US10997461B2",
        "US11567514B2",
        "US10956755B2",
        "US11403938B2",
        "US10699564B1",
        "US11341846B2",
        "US11335189B2",
        "US11335191B2",
        "US20200026289A1",
        "US20210181758A1",
        "US11686848B2",
        "US11745654B2",
        "CN110944296A",
        "CN113033586A",
        "US11774582B2",
        "US11663726B2",
        "US10902290B1",
        "US11636689B2",
        "US11776276B1"
    ]
}