{
    "patent_id": "US-11100435-B2",
    "title": "Machine learning artificial intelligence system for predicting hours of operation ",
    "assignee": "Capital One Services, Llc",
    "publication_date": "2021-08-24",
    "patent_link": "https://patents.google.com/patent/US11100435B2/en",
    "inventors": [
        "Ashish Bansal",
        "Jonathan STAHLMAN"
    ],
    "classifications": [
        "G06Q10/063",
        "G06F15/76",
        "G06N20/00",
        "G06N20/20",
        "G06N3/02",
        "G06N5/003",
        "G06N5/01",
        "G06N5/025",
        "G06N5/046",
        "G06N7/005",
        "G06N7/01",
        "G06Q10/0633",
        "G06N20/10",
        "G06N3/044",
        "G06N3/0445",
        "G06N3/045",
        "G06N3/0454",
        "G06N3/048",
        "G06Q40/12"
    ],
    "abstract": "An artificial intelligence system for communicating predicted hours of operation to a client device. The system may include a processor in communication with a client device and a database; and a storage medium storing instructions. When executed, the instructions in the storage medium configure the processor to: receive, from the client device, a request for hours of operation of a merchant, the request specifying a day of the week; obtain, from the database in response to the request, a set of credit card authorizations associated with the merchant; determine a selected day authorizations subset by selecting, from the set of credit card authorizations, credit card authorizations issued on the specified day of the week; generate a posted transaction array based on the selected day authorizations subset, the posted transaction array may include a plurality of time intervals and numbers of transactions for the time intervals; generate a predictions list based on the posted transaction array, the predictions list including the time intervals and prediction indications for the time intervals; and communicate the predictions list to the client device.",
    "claims": "\n1. An artificial intelligence system for generating a total prediction of hours of operation for merchants, the system comprising:\na processor in communication with a prediction system and a database; and\na storage medium storing instructions that, when executed, configure the processor to:\nreceive, from the prediction system, a request for a plurality of hours-of-operation models for one or more merchants; and\nfor each hours-of-operation model in the plurality of the models:\ndetermine a merchant classification based on information associated with the one or more merchants;\nobtain, from the database, a set of credit card authorizations associated with the merchant classification based on a transaction dollar amount range specified in the request;\nobtain, from a ground truth analyzer, ground truth data associated with the merchants based on the transaction dollar amount range specified in the request;\ngenerate a training data set based on the ground truth data and the set of credit card authorizations;\ndetermine an hours-of-operation model based on the training data set;\ngenerate a validation data set based on the ground truth data and the set of credit card authorizations;\ndetermine a performance of the hours-of-operation model based on the validation data set;\nassign a numerical weight coefficient to the hours-of-operation model;\ncommunicate the hours-of-operation model for the one or more merchants and its weight coefficient to the prediction system; and\ncalculate the total prediction of hours of operation for the one or more merchants using a weighted average of predictions generated by corresponding hours-of-operation models.\n2. The artificial intelligence system of claim 1, wherein the instructions that configure the processor further comprise instructions to:\nreceive, from an event detector, an alert that a website has been updated; and\nrequest, from the ground truth analyzer, updated ground truth data.\n3. The artificial intelligence system of claim 1, wherein the ground truth analyzer comprises a web scraper configured to record hours of operation from websites.\n4. The artificial intelligence system of claim 1, wherein the hours-of-operation model comprises nodes, splits, and branches in a decision tree.\n5. The artificial intelligence system of claim 4, wherein the nodes comprise nodes having coefficients based on splitting metrics.\n6. The artificial intelligence system of claim 4, wherein the hours-of-operation model has a minimum depth of five node levels, and the instructions further comprise instructions for:\ndetermining whether 20 models have been communicated to the prediction system; and\ngenerating a new model when 20 models have not been communicated to the prediction system.\n7. The artificial intelligence system of claim 1, wherein the instructions that configure the processor to determine an hours-of-operation model comprise instructions that configure the processor to execute a routine in a FPGA.\n8. The artificial intelligence system of claim 1, wherein the instructions that configure the processor to generate the validation data set comprise instructions that configure the processor to determine a ratio split for a testing data set and the validation data set based on the merchant classification.\n9. The artificial intelligence system of claim 1, wherein the instructions that configure the processor further comprise instructions to normalize credit card authorization time stamps by setting them in the same time zone.\n10. The artificial intelligence system of claim 1, wherein the instructions that configure the processor further comprise instructions to:\ndetermine whether a minimum number of models have been communicated to the prediction system; and\ngenerate a new model when the minimum number of models have not been communicated to the prediction system.\n11. The artificial intelligence system of claim 1, wherein the instructions that configure the processor to determine the performance of the hours-of-operation model further comprises instructions that configure the processor to:\ndetermine an accuracy threshold, and\ncompare the accuracy threshold and an accuracy of the model.\n12. A non-transitory computer-readable medium storing instructions that, when executed by a processor, cause the processor to operate an artificial intelligence system for generating a total prediction of hours-of-operation for merchants, the instructions comprising:\nreceiving, from a prediction system, a request for a plurality of hours-of-operation models for one or more merchants; and\nfor each hours-of-operation model in the plurality of the models:\ndetermining a merchant classification based on information associated with the one or more merchants;\nobtaining, from a database, a set of credit card authorizations associated with the merchant classification based on a transaction dollar amount range specified in the request;\nobtaining, from a ground truth analyzer, ground truth data associated with the merchants based on the transaction dollar amount range specified in the request;\ngenerating a training data set based on the ground truth data and the set of credit card authorizations;\ndetermining an hours-of-operation model based on the training data set;\ngenerating a validation data set based on the ground truth data and the set of credit card authorizations;\ndetermining a performance of the hours-of-operation model based on the validation data set;\nassigning a numerical weight coefficient to the hours-of-operation model;\ncommunicating the hours-of-operation model for the one or more merchants and its weight coefficient to the prediction system; and\ncalculating the total prediction of hours of operation for the one or more merchants using a weighted average of predictions generated by the corresponding hours-of-operation models.\n13. The non-transitory computer-readable medium of claim 12, wherein the instructions further comprise instructions for:\nreceiving, from an event detector, an alert that a website has been updated; and\nrequesting, from the ground truth analyzer, updated ground truth data.\n14. The non-transitory computer-readable medium of claim 12, wherein the ground truth analyzer comprises a web scraper configured to record hours of operation from websites.\n15. The non-transitory computer-readable medium of claim 12, wherein the hours-of-operation model comprises nodes, splits, and branches in a decision tree.\n16. The non-transitory computer-readable medium of claim 12, wherein determining an hours-of-operation model comprises executing a routine in a FPGA.\n17. The non-transitory computer-readable medium of claim 12, wherein generating a training data set and a validation data set comprises determining a ratio split for a testing data set and the validation data set based on the merchant classification.\n18. The non-transitory computer-readable medium of claim 12, wherein the instructions further comprise instructions for normalizing credit card authorization time stamps by setting them in the same time zone.\n19. The non-transitory computer-readable medium of claim 12, wherein the instructions further comprise instructions for:\ndetermining whether 20 models have been communicated to the prediction system; and\ngenerating a new model when 20 models have not been communicated to the prediction system.\n20. An artificial intelligence method for generating a total prediction of hours of operation for merchants, the method comprising:\nreceiving, from a prediction system, a request for a plurality of hours-of-operation models for one or more merchants;\nfor each hours-of-operation model in the plurality of the models:\ndetermining a merchant classification based on information associated with the one or more merchants;\nobtaining, from a database, a set of credit card authorizations associated with the merchant classification based on a transaction dollar amount range specified in the request;\nobtaining, from a ground truth analyzer, ground truth data associated with the merchants based on the transaction dollar amount range specified in the request;\ngenerating a training data set based on the ground truth data and the set of credit card authorizations;\ndetermining an hours-of-operation model based on the training data set;\ngenerating a validation data set based on the ground truth data and the set of credit card authorizations;\ndetermining a performance of the hours-of-operation model based on the validation data set;\nassigning a numerical weight coefficient to the hours-of-operation model;\ncommunicating the hours-of-operation model for the one or more merchant and its weight coefficient to the prediction system; and\ncalculating the total prediction of hours of operation for the one or more merchants using a weighted average of predictions generated by the corresponding hours-of-operation models.",
    "status": "Active",
    "citations_own": [
        "US20140379508A1",
        "US20160125337A1",
        "US10621522B2"
    ],
    "citations_ftf": [
        "US6110214A",
        "US7222082B1",
        "US7120702B2",
        "CA2425297A1",
        "US7386101B2",
        "US8812351B2",
        "US8166013B2",
        "US10885471B2",
        "US20100211308A1",
        "US8370209B2",
        "US8521131B1",
        "US8683282B2",
        "US20130268446A1",
        "GB2501321A",
        "US9390175B2",
        "US9154915B2",
        "US10262358B2",
        "US20150317681A1",
        "US10482551B2",
        "US20170061458A1",
        "US9875451B2",
        "US9848301B2",
        "US10257660B2",
        "US10915838B2",
        "US10397256B2",
        "US10552498B2",
        "US10607227B2",
        "US10648826B2"
    ],
    "citedby_own": [],
    "citedby_ftf": [
        "US20170098253A1",
        "US11276015B2",
        "KR101879416B1",
        "US20200327549A1",
        "US20190172564A1",
        "US11657431B1",
        "JP7235753B2",
        "US11250477B1",
        "EP3794527A4",
        "US11601825B2",
        "US11276046B2",
        "US10445738B1",
        "US11521161B2",
        "US20200327379A1",
        "CN110322343A",
        "US11373109B2",
        "US20210004716A1",
        "US10963828B2",
        "US10810528B1",
        "US11127023B2",
        "KR102281590B1",
        "US11164044B2",
        "CN111126713B",
        "CN111259975B",
        "CN111476281B",
        "CN111507260B",
        "US20210374758A1",
        "US11461713B1",
        "CN112422650B",
        "CN112685159B",
        "US11763224B2",
        "US11461588B1",
        "CN113516297A",
        "US20230018387A1",
        "US20230281640A1"
    ]
}