{
    "patent_id": "US-11573909-B2",
    "title": "Apparatus, system, and method for managing commands of solid-state storage using bank interleave ",
    "assignee": "Unification Technologies Llc",
    "publication_date": "2023-02-07",
    "patent_link": "https://patents.google.com/patent/US11573909B2/en",
    "inventors": [
        "David Flynn",
        "Bert Lagerstedt",
        "John Strasser",
        "Jonathan Thatcher",
        "Michael Zappe"
    ],
    "classifications": [
        "G06F12/121",
        "G06F15/16",
        "G06F1/183",
        "G06F11/10",
        "G06F11/108",
        "G06F12/0246",
        "G06F12/0804",
        "G06F12/0868",
        "G06F12/12",
        "G06F12/123",
        "G06F13/28",
        "G06F13/4022",
        "G06F13/426",
        "G06F15/173",
        "G06F3/06",
        "G06F3/0604",
        "G06F3/0608",
        "G06F3/0613",
        "G06F3/0619",
        "G06F3/0643",
        "G06F3/065",
        "G06F3/0652",
        "G06F3/0656",
        "G06F3/0659",
        "G06F3/0679",
        "G06F3/0685",
        "G06F3/0688",
        "G06F9/52",
        "G06F9/54",
        "H04L67/02",
        "H05K7/1444",
        "H05K7/1487",
        "G06F2211/002",
        "G06F2211/103",
        "G06F2212/1032",
        "G06F2212/1044",
        "G06F2212/2022",
        "G06F2212/222",
        "G06F2212/70",
        "G06F2212/7203",
        "G06F2212/7205",
        "G06F2212/7208",
        "H04L67/1097",
        "Y02D10/00"
    ],
    "abstract": "An apparatus, system, and method are disclosed for efficiently managing commands in a solid-state storage device that includes a solid-state storage arranged in two or more banks. Each bank is separately accessible and includes two or more solid-state storage elements accessed in parallel by a storage input/output bus. The solid-state storage includes solid-state, non-volatile memory. The solid-state storage device includes a bank interleave that directs one or more commands to two or more queues, where the one or more commands are separated by command type into the queues. Each bank includes a set of queues in the bank interleave controller. Each set of queues includes a queue for each command type. The bank interleave controller coordinates among the banks execution of the commands stored in the queues, where a command of a first type executes on one bank while a command of a second type executes on a second bank.",
    "claims": "\n1. A system comprising:\na first controller that directs at least one command to a plurality of queues, wherein the at least one command is separated into the plurality of queues based on a command type of each command of the at least one command, and the plurality of queues comprises a first queue configured to store management commands and a second queue configured to store other commands; and\na second controller configured to receive the at least one command from the plurality of queues, generate subcommands based on the at least one command, and direct the subcommands to at least one bank of a solid state storage.\n2. The system of claim 1, wherein the first controller communicates with the second controller using a PCI-e bus.\n3. The system of claim 1, wherein the management commands are executable in an order different from the order in which the command were received in the first queue.\n4. The system of claim 1, wherein the at least one command is executable in an order different from the order in which the at least one command was received by the plurality of queues.",
    "status": "Active",
    "citations_own": [
        "GB123416A",
        "US3478251A",
        "US4092732A",
        "US4290105A",
        "US4571674A",
        "US4584665A",
        "US4761785A",
        "US4858070A",
        "US4980861A",
        "US5043871A",
        "US5111463A",
        "US5124987A",
        "JPH04242848A",
        "US5151905A",
        "US5193184A",
        "US5226154A",
        "US5261068A",
        "US5263003A",
        "US5274799A",
        "US5291496A",
        "US5307497A",
        "US5313475A",
        "US5323489A",
        "US5325523A",
        "US5325509A",
        "US5337275A",
        "WO1994019746A1",
        "US5357475A",
        "US5379304A",
        "US5381528A",
        "US5382950A",
        "US5388108A",
        "US5388083A",
        "US5392427A",
        "US5394531A",
        "US5404485A",
        "US5414840A",
        "US5422856A",
        "WO1995018407A1",
        "US5434994A",
        "US5438671A",
        "US5457658A",
        "US5465355A",
        "US5469555A",
        "US5479638A",
        "US5485595A",
        "US5490248A",
        "US5499367A",
        "US5499354A",
        "US5504882A",
        "WO1996012225A1",
        "JPH08153014A",
        "US5535391A",
        "US5535399A",
        "US5535328A",
        "US5541886A",
        "US5544356A",
        "US5548757A",
        "US5551003A",
        "US5553261A",
        "US5559988A",
        "US5561784A",
        "US5566315A",
        "US5574882A",
        "US5579474A",
        "EP0747822A2",
        "US5586291A",
        "US5592641A",
        "JPH096706A",
        "US5594883A",
        "US5596708A",
        "US5596736A",
        "US5603001A",
        "US5638289A",
        "US5651133A",
        "JPH09198336A",
        "US5664096A",
        "US5664187A",
        "US5680579A",
        "US5682499A",
        "US5682497A",
        "US5701434A",
        "US5720025A",
        "US5721874A",
        "US5734861A",
        "US5742787A",
        "US5745792A",
        "US5745671A",
        "US5745673A",
        "US5754567A",
        "US5754563A",
        "US5757567A",
        "US5758118A",
        "US5761402A",
        "US5765207A",
        "US5768152A",
        "WO1998028685A1",
        "WO1998028684A1",
        "WO1998029684A1",
        "US5787486A",
        "US5797022A",
        "US5799140A",
        "US5798968A",
        "US5799200A",
        "US5802602A",
        "US5805501A",
        "US5809527A",
        "US5809543A",
        "US5809515A",
        "US5812457A",
        "US5822759A",
        "US5831989A",
        "US5832515A",
        "US5835964A",
        "US5835935A",
        "JPH10301719A",
        "US5845329A",
        "US5845313A",
        "JPH10320270A",
        "US5854796A",
        "US5860083A",
        "US5867430A",
        "US5873118A",
        "US5890192A",
        "US5893086A",
        "US5893138A",
        "US5907856A",
        "US5920869A",
        "US5922080A",
        "US5930815A",
        "US5933847A",
        "US5953737A",
        "US5960462A",
        "US5957158A",
        "US5961660A",
        "US5969986A",
        "US5996054A",
        "US5996046A",
        "US6000006A",
        "US6000019A",
        "US6003123A",
        "US6014747A",
        "US6014724A",
        "US6034882A",
        "US6034897A",
        "US6038619A",
        "US6044438A",
        "US6047334A",
        "US6061511A",
        "KR20000026300A",
        "US6069827A",
        "US6073232A",
        "US6078520A",
        "US6092158A",
        "US6092215A",
        "US6101601A",
        "US6105076A",
        "US6112319A",
        "US6115793A",
        "JP2000259525A",
        "US6125072A",
        "US6128695A",
        "US6138125A",
        "US6141249A",
        "US6148377A",
        "US6157963A",
        "US6170039B1",
        "US6170047B1",
        "US6170042B1",
        "US6173381B1",
        "US6172906B1",
        "US6185654B1",
        "US6188619B1",
        "US6189078B1",
        "US6205521B1",
        "US6209000B1",
        "US6209003B1",
        "US6209088B1",
        "US6219751B1",
        "KR20010034476A",
        "WO2001031512A2",
        "EP1100001A2",
        "US6237059B1",
        "US6236593B1",
        "US6240040B1",
        "US6256642B1",
        "US20010008007A1",
        "US20010007533A1",
        "US6262918B1",
        "US6269382B1",
        "US20010013087A1",
        "US6279041B1",
        "US6279069B1",
        "US6278633B1",
        "US6289413B1",
        "US20010021924A1",
        "US6295581B1",
        "US6295571B1",
        "US6295577B1",
        "US6298401B1",
        "JP2001296974A",
        "US6311290B1",
        "US6311305B1",
        "US6321263B1",
        "US6321345B1",
        "US6330688B1",
        "US20010052093A1",
        "US6334173B1",
        "US6336174B1",
        "WO2002001365A2",
        "US20020002661A1",
        "WO2002005611A1",
        "US6341289B1",
        "US6347341B1",
        "US6353878B1",
        "CN1340760A",
        "US20020035665A1",
        "US6374336B1",
        "US6374266B1",
        "US20020048191A1",
        "US20020049883A1",
        "US20020053009A1",
        "US20020051468A1",
        "US6385688B1",
        "US6385710B1",
        "US20020057798A1",
        "US20020066047A1",
        "US6401175B1",
        "US20020069318A1",
        "US6405201B1",
        "US6404647B1",
        "US6404676B2",
        "US6407930B1",
        "US20020078124A1",
        "US6412080B1",
        "US6412030B1",
        "US6418509B1",
        "US6418478B1",
        "US6420215B1",
        "US20020095403A1",
        "US6424872B1",
        "US20020103819A1",
        "US20020108016A1",
        "US20020111996A1",
        "WO2002067529A2",
        "US6446188B1",
        "US6449688B1",
        "US20020133743A1",
        "US20020138686A1",
        "US6467022B1",
        "US20020150154A1",
        "US6470238B1",
        "US20020154645A1",
        "US20020161972A1",
        "US20020161855A1",
        "US6477617B1",
        "US6480933B1",
        "US20020174326A1",
        "US6487636B1",
        "US20020182899A1",
        "US20020184481A1",
        "US20020181134A1",
        "US6496366B1",
        "US20020194451A1",
        "US20020199056A1",
        "US20030002503A1",
        "US6507911B1",
        "US20030014598A1",
        "US6513112B1",
        "EP1280047A2",
        "US20030023911A1",
        "US6516380B2",
        "US6515928B2",
        "US6515909B1",
        "US20030028726A1",
        "US20030028704A1",
        "US6519185B2",
        "US20030033361A1",
        "US6523102B1",
        "US6525953B1",
        "US6526482B1",
        "US20030041211A1",
        "US20030046380A1",
        "US6532527B2",
        "US6535949B1",
        "US6535869B1",
        "US6535997B1",
        "US20030056142A1",
        "US20030061296A1",
        "US20030065866A1",
        "US20030070034A1",
        "US6549987B1",
        "US6552955B1",
        "US6557084B2",
        "US6556440B2",
        "US20030093741A1",
        "US6567307B1",
        "US6567889B1",
        "US6571312B1",
        "US20030101025A1",
        "US6578113B2",
        "USD475705S1",
        "US20030115405A1",
        "US6587937B1",
        "US6587915B1",
        "US20030126475A1",
        "US20030131182A1",
        "US20030130969A1",
        "US6594712B1",
        "US20030140051A1",
        "US6601151B1",
        "US20030142764A1",
        "US20030145230A1",
        "US20030149753A1",
        "US6608793B2",
        "US6611836B2",
        "US20030163633A1",
        "US20030163630A1",
        "US20030163663A1",
        "US6615355B2",
        "US20030165076A1",
        "US6618451B1",
        "US6622200B1",
        "US6625685B1",
        "US6629112B1",
        "US6633956B1",
        "US6633950B1",
        "US20030198084A1",
        "US20030204788A1",
        "US6643181B2",
        "US6643748B1",
        "US20030210601A1",
        "US20030221060A1",
        "US6658438B1",
        "US6655758B2",
        "US6671757B1",
        "US20040003002A1",
        "US20040003167A1",
        "US6675318B1",
        "US6675349B1",
        "US20040010742A1",
        "US20040010612A1",
        "US6684274B1",
        "US6684301B1",
        "US6683810B2",
        "US20040025064A1",
        "US6694453B1",
        "US6694281B2",
        "US20040034750A1",
        "US6697797B1",
        "US6697076B1",
        "US6697878B1",
        "US6701452B1",
        "US20040044705A1",
        "US20040044840A1",
        "JP2004086295A",
        "US20040054867A1",
        "US6710901B2",
        "US20040059870A1",
        "US6715027B2",
        "US6715046B1",
        "US20040064558A1",
        "US20040064600A1",
        "US20040064647A1",
        "US20040073829A1",
        "US20040073806A1",
        "US20040070955A1",
        "US6725321B1",
        "US6725342B1",
        "US6724640B1",
        "US20040078456A1",
        "US6728851B1",
        "US20040088514A1",
        "US6735546B2",
        "EP1418502A2",
        "US20040093463A1",
        "US6737675B2",
        "US20040098544A1",
        "US20040098575A1",
        "US6742078B1",
        "US20040103238A1",
        "US20040103245A1",
        "US6745284B1",
        "US6745292B1",
        "US6748487B1",
        "US6748504B2",
        "US6751155B2",
        "US6751769B2",
        "US6754800B2",
        "US6754773B2",
        "US6754774B2",
        "US20040122559A1",
        "US20040122888A1",
        "US6757800B1",
        "US20040128470A1",
        "US6760806B2",
        "US6760805B2",
        "US20040133771A1",
        "US6763424B2",
        "US6763440B1",
        "US20040139282A1",
        "US6766432B2",
        "US20040148360A1",
        "US20040150964A1",
        "US20040158589A1",
        "US6779145B1",
        "US6779088B1",
        "US6779045B2",
        "US6785078B2",
        "US6785776B2",
        "US6785785B2",
        "US20040177054A1",
        "US20040177216A1",
        "WO2004077219A2",
        "US6795890B1",
        "US20040186946A1",
        "US6801979B1",
        "US6804755B2",
        "US20040205177A1",
        "US6807097B2",
        "US20040207440A1",
        "US20040221132A1",
        "US6816917B2",
        "US20040225719A1",
        "US20040225946A1",
        "US20040230710A1",
        "US20040228063A1",
        "US20040230866A1",
        "US6823398B1",
        "US20040236798A1",
        "US20040236761A1",
        "US20040233910A1",
        "US20040250019A1",
        "US20040247022A1",
        "US20040255122A1",
        "US20040260947A1",
        "US20040264847A1",
        "US20040267483A1",
        "US20040268013A1",
        "US20040268064A1",
        "US20040267482A1",
        "US20040267486A1",
        "US20040268359A1",
        "US6839826B2",
        "US6839819B2",
        "US20050002263A1",
        "US20050005191A1",
        "US20050010715A1",
        "US6845053B2",
        "US6845428B1",
        "US20050015539A1",
        "US20050015685A1",
        "US20050021260A1",
        "US6850408B1",
        "US6849905B2",
        "US6850969B2",
        "US6849480B1",
        "US20050027851A1",
        "WO2005010773A1",
        "US20050027900A1",
        "US6859824B1",
        "US6862692B2",
        "US6865657B1",
        "US20050055497A1",
        "KR20050024278A",
        "US20050055495A1",
        "US6871257B2",
        "US20050071461A1",
        "US20050071677A1",
        "US20050076107A1",
        "US20050080994A1",
        "US20050080887A1",
        "US6883044B1",
        "US6883079B1",
        "US6883069B2",
        "US6883068B2",
        "US6881994B2",
        "US20050091452A1",
        "US20050091215A1",
        "US6887058B2",
        "US20050097243A1",
        "US20050097278A1",
        "US6892298B2",
        "US20050102437A1",
        "US20050108292A1",
        "CN1619509A",
        "US6901499B2",
        "US20050120177A1",
        "US6906961B2",
        "US20050132148A1",
        "US20050132259A1",
        "US6910170B2",
        "US20050138092A1",
        "US6912537B2",
        "US6912598B1",
        "CN1632765A",
        "US20050144361A1",
        "US20050141312A1",
        "US20050144358A1",
        "US20050144418A1",
        "US6914853B2",
        "US20050149819A1",
        "US20050149618A1",
        "US20050149645A1",
        "US20050149472A1",
        "US20050154786A1",
        "US6922754B2",
        "US20050172099A1",
        "US20050168962A1",
        "US6928505B1",
        "US20050177672A1",
        "US20050177687A1",
        "US6931509B2",
        "US6938133B2",
        "US20050204187A1",
        "US20050201306A1",
        "US20050210323A1",
        "US6950966B2",
        "US20050216653A1",
        "US20050223154A1",
        "US20050228963A1",
        "US20050229090A1",
        "US6957158B1",
        "US20050235088A1",
        "US20050235082A1",
        "US20050235103A1",
        "US20050235132A1",
        "US6959369B1",
        "US20050240713A1",
        "US20050238035A1",
        "US20050246487A1",
        "US20050246558A1",
        "US20050246510A1",
        "WO2005103878A2",
        "US20050257213A1",
        "US20050257017A1",
        "US20050262150A1",
        "US20050267882A1",
        "US20050268037A1",
        "US6973551B1",
        "US6973531B1",
        "US20050270927A1",
        "US20050271079A1",
        "US20050273476A1",
        "US20050276092A1",
        "US6977599B2",
        "US6977847B2",
        "US6978342B1",
        "EP1607868A1",
        "US20050283489A1",
        "US6981070B1",
        "US20060004955A1",
        "US20060015529A1",
        "US6990553B2",
        "US6990547B2",
        "US20060020616A1",
        "US20060017963A1",
        "US20060020745A1",
        "US20060020744A1",
        "US20060026221A1",
        "US20060026347A1",
        "US20060026341A1",
        "US20060026263A1",
        "US20060026339A1",
        "US20060026385A1",
        "US6996676B2",
        "US20060036904A1",
        "US7005350B2",
        "US20060047920A1",
        "US20060047926A1",
        "US7010663B2",
        "US7013376B2",
        "US7013364B2",
        "US7013379B1",
        "US20060059326A1",
        "US20060059358A1",
        "US20060069868A1",
        "US20060069870A1",
        "US20060069885A1",
        "US7024695B1",
        "US20060074877A1",
        "US20060075057A1",
        "US20060075146A1",
        "US20060085674A1",
        "US20060085471A1",
        "US20060085626A1",
        "US20060085670A1",
        "US7035111B1",
        "US20060090048A1",
        "US20060095659A1",
        "US20060090948A1",
        "US20060095661A1",
        "US7042664B2",
        "WO2006050455A2",
        "US7047366B1",
        "US7045717B2",
        "US20060106990A1",
        "US20060106514A1",
        "US20060107127A1",
        "US20060107097A1",
        "US20060106968A1",
        "US20060112297A1",
        "US20060114917A1",
        "US20060117155A1",
        "US20060117056A1",
        "US20060117153A1",
        "US7058769B1",
        "US7057942B2",
        "US7057936B2",
        "US20060120235A1",
        "US20060129778A1",
        "WO2006062511A1",
        "US20060129556A1",
        "US7065618B1",
        "US7064994B1",
        "WO2006065626A1",
        "US20060136657A1",
        "US20060136464A1",
        "US20060136685A1",
        "US20060136749A1",
        "US20060136507A1",
        "US20060136779A1",
        "US20060136687A1",
        "US7069380B2",
        "US7069307B1",
        "US20060143209A1",
        "US20060143396A1",
        "US20060139069A1",
        "US20060139330A1",
        "US20060149902A1",
        "US20060149954A1",
        "US20060149916A1",
        "US20060149893A1",
        "US7076723B2",
        "US20060155921A1",
        "US20060153026A1",
        "US20060152981A1",
        "US20060161725A1",
        "US20060159456A1",
        "US7081377B2",
        "US20060164111A1",
        "US20060168154A1",
        "US7085983B2",
        "US7085953B1",
        "US7089391B2",
        "US20060179263A1",
        "US20060184349A1",
        "US20060184722A1",
        "US20060184736A1",
        "US7096321B2",
        "US20060190552A1",
        "US7107419B1",
        "US7107480B1",
        "US7107430B2",
        "US20060206664A1",
        "US20060206603A1",
        "US20060206286A1",
        "US20060212644A1",
        "US20060224849A1",
        "US7120051B2",
        "US20060230295A1",
        "KR20060107728A",
        "US20060236061A1",
        "WO2006113334A2",
        "US20060242330A1",
        "US7130960B1",
        "US20060253767A1",
        "US7136964B2",
        "US20060265636A1",
        "US20060265635A1",
        "US7143228B2",
        "US20060271740A1",
        "US20060271725A1",
        "US7149947B1",
        "US20060280048A1",
        "US20060288156A1",
        "US7155559B1",
        "US20060294300A1",
        "US20060293045A1",
        "US20060294336A1",
        "US20070006048A1",
        "US20070005928A1",
        "US7162571B2",
        "US7162560B2",
        "US20070011563A1",
        "US7165144B2",
        "US20070016827A1",
        "US20070016699A1",
        "US20070016754A1",
        "US20070016730A1",
        "US7167944B1",
        "US20070027948A1",
        "US20070028035A1",
        "US20070028053A1",
        "US20070028051A1",
        "US7173852B2",
        "US20070033326A1",
        "US20070033362A1",
        "US20070033318A1",
        "US20070033371A1",
        "US7178081B2",
        "US7177197B2",
        "US7181569B2",
        "US7181572B2",
        "US20070043900A1",
        "US20070043915A1",
        "US7185162B1",
        "US20070050548A1",
        "US20070050571A1",
        "US20070055853A1",
        "US20070061515A1",
        "US20070058610A1",
        "US20070061508A1",
        "US20070061597A1",
        "US7194740B1",
        "US20070067326A1",
        "US7197567B1",
        "US7197657B1",
        "US20070074092A1",
        "US20070073975A1",
        "US20070069318A1",
        "US7203815B2",
        "US20070083530A1",
        "US20070088666A1",
        "US20070088974A1",
        "US20070086260A1",
        "GB2431750A",
        "US20070106870A1",
        "US7219238B2",
        "US7219197B2",
        "US20070113150A1",
        "US20070118713A1",
        "US20070118676A1",
        "US20070124474A1",
        "US20070124540A1",
        "US7227777B2",
        "US7231401B1",
        "US20070136555A1",
        "US7234082B2",
        "US20070143566A1",
        "US20070143571A1",
        "US20070143567A1",
        "US20070143532A1",
        "US20070141895A1",
        "US20070143606A1",
        "US20070143560A1",
        "US20070143561A1",
        "US7237141B2",
        "US20070147356A1",
        "US20070147366A1",
        "US20070150689A1",
        "US20070156998A1",
        "US7243203B2",
        "US20070162830A1",
        "US7246179B2",
        "US20070168564A1",
        "US20070169106A1",
        "US20070168641A1",
        "US20070168625A1",
        "US20070169030A1",
        "US20070168698A1",
        "US20070169088A1",
        "US7248691B1",
        "US20070174437A1",
        "US20070171714A1",
        "US20070174705A1",
        "US20070174686A1",
        "EP1814039A2",
        "US7254672B1",
        "US20070185902A1",
        "US20070186086A1",
        "US7256641B2",
        "US7257129B2",
        "US7257690B1",
        "US7260820B1",
        "US20070198852A1",
        "US20070204100A1",
        "US20070204270A1",
        "US20070204197A1",
        "US20070204332A1",
        "US20070204128A1",
        "US20070204199A1",
        "US20070208790A1",
        "US20070206630A1",
        "US7272755B2",
        "US20070220396A1",
        "US20070220369A1",
        "US20070220227A1",
        "US7275135B2",
        "US7275098B1",
        "US20070233938A1",
        "US20070233455A1",
        "US20070230253A1",
        "US20070233937A1",
        "US20070234021A1",
        "US7281076B2",
        "US7280373B2",
        "US20070239728A1",
        "US20070239926A1",
        "US7284089B2",
        "US20070245217A1",
        "US20070245076A1",
        "US20070245068A1",
        "US7287109B2",
        "US20070250660A1",
        "US7290116B1",
        "US20070255430A1",
        "US20070255891A1",
        "US7293196B2",
        "US7293183B2",
        "US7293165B1",
        "US20070260811A1",
        "US20070260608A1",
        "US20070261030A1",
        "US20070260813A1",
        "US20070260821A1",
        "US20070263514A1",
        "US20070266037A1",
        "US20070266219A1",
        "US20070266196A1",
        "US20070266276A1",
        "US7299339B2",
        "US20070268754A1",
        "US20070271468A1",
        "US20070271572A1",
        "WO2007132457A2",
        "US20070276897A1",
        "US20070276994A1",
        "US7305520B2",
        "US7305668B2",
        "US20070283357A1",
        "US20070294474A1",
        "EP1871040A1",
        "US20070300009A1",
        "US20070300008A1",
        "US20080005468A1",
        "US20080005465A1",
        "US20080005222A1",
        "US20080005748A1",
        "US20080005446A1",
        "US20080005220A1",
        "US7318173B1",
        "US20080010395A1",
        "US20080010580A1",
        "US20080016294A1",
        "US20080016301A1",
        "US20080022187A1",
        "US7324614B2",
        "US20080025126A1",
        "US20080028058A1",
        "US7328307B2",
        "US20080034153A1",
        "US20080031030A1",
        "US20080034259A1",
        "US20080040522A1",
        "US20080046737A1",
        "US20080043769A1",
        "US20080046443A1",
        "US7337201B1",
        "US20080052477A1",
        "US20080052483A1",
        "US20080052377A1",
        "US20080052576A1",
        "US7340645B1",
        "US7340566B2",
        "US20080059752A1",
        "US20080059820A1",
        "US7343465B2",
        "US20080065815A1",
        "US20080077767A1",
        "US7353324B2",
        "US20080080243A1",
        "US20080082774A1",
        "US20080082736A1",
        "US20080082724A1",
        "US7356651B2",
        "US7360037B2",
        "US7360015B2",
        "US20080091876A1",
        "US20080098159A1",
        "US20080098083A1",
        "US7366825B2",
        "US7366868B2",
        "US20080104344A1",
        "US7370163B2",
        "US20080109647A1",
        "US20080109090A1",
        "US20080114962A1",
        "US7376034B2",
        "US20080117686A1",
        "US20080120518A1",
        "US20080120469A1",
        "US7380081B2",
        "US20080126700A1",
        "US20080126686A1",
        "US20080126852A1",
        "US20080123211A1",
        "US20080126507A1",
        "US20080126682A1",
        "US20080133963A1",
        "US20080137284A1",
        "WO2008070173A1",
        "US20080140918A1",
        "US20080137658A1",
        "US20080140919A1",
        "US20080140737A1",
        "US20080140819A1",
        "TW200825696A",
        "US7389465B2",
        "US20080144826A1",
        "US20080155051A1",
        "US20080162590A1",
        "US20080162787A1",
        "US20080163220A1",
        "US20080160899A1",
        "US20080163007A1",
        "US7400537B2",
        "US20080183965A1",
        "US20080183968A1",
        "US20080195798A1",
        "US20080195801A1",
        "US7415575B1",
        "US20080201535A1",
        "US7418490B1",
        "US20080205286A1",
        "US20080222309A1",
        "CN101266829A",
        "US20080229046A1",
        "US20080228992A1",
        "US20080228862A1",
        "US20080229045A1",
        "US20080229381A1",
        "US7428691B2",
        "US20080235443A1",
        "US20080235528A1",
        "US20080243966A1",
        "US20080244181A1",
        "US7434097B2",
        "US7437510B2",
        "US20080256316A1",
        "US7441081B2",
        "US7441067B2",
        "US20080263569A1",
        "US20080263305A1",
        "US20080263259A1",
        "US7444460B2",
        "US20080270714A1",
        "US20080266973A1",
        "US7447847B2",
        "US20080276040A1",
        "US7451128B2",
        "US7451344B1",
        "US7451346B2",
        "US20080282031A1",
        "US7454555B2",
        "US20080288819A1",
        "US7457166B2",
        "US7457897B1",
        "US20080294847A1",
        "US7460432B2",
        "US20080301475A1",
        "US7463521B2",
        "US7464240B2",
        "US7463532B2",
        "US20080303692A1",
        "US20080307192A1",
        "US20080320253A1",
        "US20080320323A1",
        "US20080320209A1",
        "US20090013056A1",
        "US7480766B2",
        "US20090031072A1",
        "US20090031098A1",
        "US7487320B2",
        "US7487343B1",
        "US7487235B2",
        "US20090037778A1",
        "US20090044078A1",
        "US7495954B2",
        "US7499338B2",
        "US7499320B2",
        "US7499317B2",
        "US7500000B2",
        "US7502255B2",
        "US7502884B1",
        "US20090070526A1",
        "US20090070541A1",
        "US7505321B2",
        "JP4242848B2",
        "US20090083485A1",
        "US20090083478A1",
        "US20090089485A1",
        "US20090089518A1",
        "US20090091979A1",
        "US20090091996A1",
        "US20090094676A1",
        "US20090100194A1",
        "US7522457B2",
        "US20090106479A1",
        "US7523546B2",
        "US20090113235A1",
        "US7532537B2",
        "US20090125650A1",
        "US20090125671A1",
        "US20090125700A1",
        "US7535766B2",
        "US20090144496A1",
        "JP2009122850A",
        "US20090144818A1",
        "US20090141606A1",
        "US20090150621A1",
        "US20090150639A1",
        "US20090150605A1",
        "US20090150641A1",
        "US20090150599A1",
        "US7548464B2",
        "US20090157989A1",
        "US7552271B2",
        "US20090172250A1",
        "US20090172253A1",
        "US20090193183A1",
        "US7574554B2",
        "US20090204649A1",
        "US20090207649A1",
        "US20090210636A1",
        "US7580287B2",
        "US20090216944A1",
        "US20090222596A1",
        "US20090228637A1",
        "US20090239468A1",
        "US20090240873A1",
        "US7594471B2",
        "US20090248922A1",
        "US7599967B2",
        "US20090276654A1",
        "US20090276588A1",
        "US7619912B2",
        "US20090287850A1",
        "US20090287887A1",
        "US7624239B2",
        "US20090292861A1",
        "US20090300277A1",
        "US7630255B2",
        "US7631162B2",
        "US20090307424A1",
        "US20090313453A1",
        "US7640390B2",
        "US20090327602A1",
        "US20090327804A1",
        "US7644206B2",
        "US20100005255A1",
        "US20100005228A1",
        "US20100011150A1",
        "US20100017568A1",
        "US20100017441A1",
        "US20100017556A1",
        "US7652922B2",
        "US20100023674A1",
        "US20100023676A1",
        "US20100023682A1",
        "US20100031000A1",
        "US20100030946A1",
        "US7660911B2",
        "US7664906B2",
        "US7664239B2",
        "US20100049913A1",
        "US7673111B2",
        "KR20100022811A",
        "US7676628B1",
        "US7676625B2",
        "US20100070698A1",
        "US20100077133A1",
        "US20100076936A1",
        "US20100077194A1",
        "US7689599B1",
        "US20100082922A1",
        "US20100082890A1",
        "US20100082529A1",
        "US20100091535A1",
        "US7702873B2",
        "US20100100670A1",
        "US7707232B2",
        "US20100106917A1",
        "US20100102999A1",
        "US20100110748A1",
        "US20100122017A1",
        "US7720864B1",
        "US20100124123A1",
        "US7725628B1",
        "US20100131826A1",
        "US7734643B1",
        "US20100146187A1",
        "US20100153680A1",
        "US20100153660A1",
        "US20100153651A1",
        "US20100153617A1",
        "US7743210B1",
        "US20100169542A1",
        "US7752389B1",
        "US7752360B2",
        "US20100174870A1",
        "US20100180161A1",
        "US7761625B2",
        "US20100199020A1",
        "US7773521B2",
        "US7774542B2",
        "US7774392B2",
        "US20100205368A1",
        "US20100205231A1",
        "US7778092B2",
        "US7778961B2",
        "US20100211737A1",
        "US20100217948A1",
        "US20100217916A1",
        "US20100229005A1",
        "US20100228936A1",
        "US20100235597A1",
        "US20100251068A1",
        "US20100250831A1",
        "US20100257304A1",
        "US20100262740A1",
        "US20100262979A1",
        "US20100262767A1",
        "US7818525B1",
        "US20100268869A1",
        "US20100268974A1",
        "US20100269542A1",
        "US20100281207A1",
        "US20100287347A1",
        "US20100293348A1",
        "US7840839B2",
        "US7853772B2",
        "US20100318744A1",
        "US7856528B1",
        "US20100332871A1",
        "US20100332897A1",
        "US7865761B1",
        "US20110004722A1",
        "US7873693B1",
        "US20110016260A1",
        "US7877539B2",
        "US20110022819A1",
        "US20110029728A1",
        "US7885413B2",
        "US20110035562A1",
        "US20110047437A1",
        "US7898867B2",
        "US20110055458A1",
        "US7903468B2",
        "US20110060861A1",
        "US20110066792A1",
        "US7913051B1",
        "US20110072207A1",
        "US20110078415A1",
        "US7925936B1",
        "US7925879B2",
        "US7930326B2",
        "US7930589B2",
        "US20110093687A1",
        "US20110099323A1",
        "US20110119441A1",
        "US20110119446A1",
        "US20110126045A1",
        "US20110131231A1",
        "US7958280B2",
        "US7970770B2",
        "US7970919B1",
        "US7970806B2",
        "US7973531B2",
        "US7978541B2",
        "US20110182119A1",
        "US7991940B2",
        "US20110191534A1",
        "US8001434B1",
        "US20110209028A1",
        "US20110208915A1",
        "US20110208911A1",
        "US8010738B1",
        "US20110214011A1",
        "US20110219169A1",
        "US20110225347A1",
        "US8028120B2",
        "US20110240749A1",
        "US20110258391A1",
        "US8046551B1",
        "US20110296133A1",
        "US20110295969A1",
        "US8078794B2",
        "US8081536B1",
        "US20110314071A1",
        "US20110320733A1",
        "US20120011340A1",
        "US20120030408A1",
        "US8112574B2",
        "US20120036309A1",
        "US20120042224A1",
        "US20120041992A1",
        "US8130551B2",
        "US20120059978A1",
        "US8135904B2",
        "US20120084489A1",
        "US8156281B1",
        "WO2012050934A2",
        "US20120096217A1",
        "US20120102298A1",
        "US20120110108A1",
        "US8175099B2",
        "US20120117304A1",
        "US20120124315A1",
        "US20120151118A1",
        "US8205060B2",
        "US8214583B2",
        "US20120191667A1",
        "US8234450B2",
        "US8250295B2",
        "US20120239868A1",
        "US20120239860A1",
        "US20120254515A1",
        "US8289801B2",
        "US8296628B2",
        "US8301833B1",
        "US8301810B2",
        "US20120297140A1",
        "US20120320209A1",
        "US8402226B1",
        "US8402069B2",
        "US8417901B2",
        "US8423710B1",
        "US8423701B2",
        "US8429242B1",
        "US8446892B2",
        "US8463846B2",
        "US20130166855A1",
        "US20130166820A1",
        "US20130173997A1",
        "US8489817B2",
        "US8489820B1",
        "US20130191705A1",
        "US8516185B2",
        "US8533391B2",
        "US8549230B1",
        "US8572310B2",
        "US8595573B2",
        "US8607028B2",
        "US8745011B2",
        "US20140215175A1",
        "US8838875B2",
        "US8904091B1",
        "US20140365707A1",
        "US9015209B2",
        "US9116823B2",
        "US20150248922A1",
        "US20150268864A1",
        "US9152556B2",
        "US9286198B2",
        "US9495241B2",
        "US10133662B2",
        "US10331351B2"
    ],
    "citations_ftf": [
        "USRE20535E",
        "US4598361A",
        "JPH0628108A",
        "JPH0644139A",
        "JP2000076117A",
        "JP3756708B2",
        "JP2002056671A",
        "JP3671138B2",
        "EP1199723B1",
        "JP3976227B2",
        "US7136436B2",
        "JP3722767B2",
        "JP2004021811A",
        "US7227959B2",
        "US6865122B2",
        "NZ544882A",
        "JP2005115600A",
        "JP4379079B2",
        "JP4111910B2",
        "JP2005196410A",
        "JP4496790B2",
        "CN100468362C",
        "JP2006023854A",
        "JP2006031268A",
        "JP2006048506A",
        "US7392428B2",
        "JP2007240904A"
    ],
    "citedby_own": [],
    "citedby_ftf": [
        "US7685126B2",
        "US7146524B2",
        "WO2003094513A1",
        "EP2284735A1",
        "US8346884B2",
        "US8782654B2",
        "US20070266388A1",
        "US8176490B1",
        "US8051425B2",
        "US8055711B2",
        "US8238350B2",
        "WO2006053093A2",
        "US8863143B2",
        "US9231886B2",
        "ES2614751T3",
        "US8452929B2",
        "US8112655B2",
        "US9384818B2",
        "US8200887B2",
        "US9286198B2",
        "US8143653B2",
        "US8325768B2",
        "JP5008845B2",
        "US20080220880A1",
        "US7797283B2",
        "US7788303B2",
        "US7551572B2",
        "US7917474B2",
        "US7848261B2",
        "US7756898B2",
        "WO2007116612A1",
        "US7634686B2",
        "US8046629B1",
        "US7953704B2",
        "US7899800B2",
        "US7822932B2",
        "US7680836B2",
        "US7882071B2",
        "US7680842B2",
        "US7590652B2",
        "US8028186B2",
        "US9104599B2",
        "US8706968B2",
        "US9495241B2",
        "US8489817B2",
        "US9116823B2",
        "US8935302B2",
        "US20080140724A1",
        "US8443134B2",
        "US7836238B2",
        "US7860930B2",
        "US7984454B2",
        "US7657663B2",
        "US7813366B2",
        "US8271604B2",
        "US7991839B2",
        "US7836129B2",
        "US8286029B2",
        "US7593938B2",
        "US8139432B2",
        "US8239706B1",
        "US7509448B2",
        "US11010076B2",
        "US9632870B2",
        "US7900015B2",
        "US7779048B2",
        "US8966080B2",
        "US8332574B2",
        "US8309521B2",
        "US8547957B2",
        "US7743204B2",
        "KR20090014828A",
        "US11237956B2",
        "US7882068B2",
        "US7949692B2",
        "US7966289B2",
        "US8365040B2",
        "US8041773B2",
        "DE112008002634T5",
        "US8694715B2",
        "US8959307B1",
        "US8341335B2",
        "US7836226B2",
        "US8316277B2",
        "US9519540B2",
        "TWI350454B",
        "US8359516B2",
        "US8220041B2",
        "US8738841B2",
        "US9112886B2",
        "CN101217468A",
        "US9047468B2",
        "GB2458260A",
        "KR101086855B1",
        "JP5245472B2",
        "WO2009118720A2",
        "US7953709B2",
        "US7870345B2",
        "US7949636B2",
        "US7984324B2",
        "JP2009238094A",
        "US8078649B2",
        "US8194492B2",
        "EP2111011A1",
        "US7933939B2",
        "US9395929B2",
        "US20090319772A1",
        "TWI476610B",
        "US8117464B1",
        "US8589697B2",
        "JP5335779B2",
        "WO2009140112A1",
        "WO2009140700A1",
        "US8775718B2",
        "US20090300282A1",
        "KR20110031441A",
        "US8893160B2",
        "CN101609413A",
        "US8185505B1",
        "US8843691B2",
        "US8719485B2",
        "US8219750B2",
        "US8300825B2",
        "US8615678B1",
        "US8214404B2",
        "US9323681B2",
        "US9342528B2",
        "US9118695B1",
        "US8819011B2",
        "US20100125695A1",
        "US20100017650A1",
        "US20100017556A1",
        "US20100030963A1",
        "CN101334797B",
        "KR101636777B1",
        "US8145749B2",
        "JP2010044827A",
        "US8359514B2",
        "US8452922B2",
        "US8443137B2",
        "US8495291B2",
        "US20100049919A1",
        "US8078906B2",
        "US8307044B2",
        "GB2463078B",
        "US7984267B2",
        "US8141102B2",
        "US8230442B2",
        "WO2010026648A1",
        "US8225019B2",
        "WO2010036231A1",
        "CN101685381B",
        "US20100083247A1",
        "US8074039B2",
        "WO2010037147A2",
        "JP5183403B2",
        "TWI380642B",
        "US7934124B2",
        "US9626124B2",
        "US7904749B2",
        "US8176247B2",
        "US8386439B2",
        "JP2012507783A",
        "TWI385672B",
        "WO2010054297A1",
        "KR20110086725A",
        "US8275933B2",
        "US9063874B2",
        "TW201021494A",
        "US8065422B2",
        "US8316201B2",
        "US20100161932A1",
        "US8732350B2",
        "JP5654480B2",
        "US8694750B2",
        "US9208108B2",
        "US7925925B2",
        "US8438455B2",
        "US20100180182A1",
        "KR101627321B1",
        "TWI397821B",
        "US8527734B2",
        "US9286232B2",
        "US8347050B2",
        "US8843880B2",
        "US8255909B2",
        "WO2010087803A1",
        "US8001206B2",
        "US20100191923A1",
        "US9170864B2",
        "US8543756B2",
        "US8010718B2",
        "KR20100091379A",
        "US9152585B2",
        "KR101023883B1",
        "US20100211546A1",
        "US8386724B2",
        "US8195878B2",
        "KR101563647B1",
        "CN101504670A",
        "JP4719802B2",
        "TWI406130B",
        "US20100241868A1",
        "US8725946B2",
        "US8074037B2",
        "CN101856912B",
        "JP5663843B2",
        "US8458574B2",
        "US8819385B2",
        "US20100262979A1",
        "US8447918B2",
        "US8566507B2",
        "US8195874B2",
        "EP2417524A4",
        "US20100262755A1",
        "US8799572B2",
        "US8560879B1",
        "US8037217B2",
        "US8214621B2",
        "US8165030B2",
        "US8072890B2",
        "CN101882119B",
        "US8238254B2",
        "US8250282B2",
        "US8307258B2",
        "US8281227B2",
        "KR20100124087A",
        "US8161251B2",
        "US9377967B2",
        "US8732396B2",
        "US9123409B2",
        "CN102576330B",
        "US8321630B1",
        "US20100318720A1",
        "US8291131B2",
        "US20110004742A1",
        "KR20140040870A",
        "KR101662824B1",
        "CN102473188B",
        "US8352719B2",
        "KR20110015217A",
        "US8180972B2",
        "CN101996685B",
        "WO2011021237A1",
        "US8995197B1",
        "US9330767B1",
        "JP5342014B2",
        "US8407562B2",
        "US8665601B1",
        "US8447908B2",
        "WO2011031796A2",
        "US9122579B2",
        "US9223514B2",
        "US8601222B2",
        "JP5518197B2",
        "US8429436B2",
        "FI126228B",
        "US9465771B2",
        "US20130107444A1",
        "US8599863B2",
        "US9077654B2",
        "US20110103391A1",
        "US9876735B2",
        "US9054990B2",
        "US8526605B2",
        "US8730729B2",
        "JP5391993B2",
        "US8724387B2",
        "US9648102B1",
        "US9098376B2",
        "US10877695B2",
        "US9311269B2",
        "US9680770B2",
        "US11720290B2",
        "EP2323135A1",
        "US8352834B2",
        "US20110119462A1",
        "US8495471B2",
        "US8327069B2",
        "US20110137861A1",
        "US8375225B1",
        "US8433865B2",
        "WO2011070526A1",
        "KR101670746B1",
        "US8683293B2",
        "CN102656566B",
        "US8250380B2",
        "TWI497293B",
        "US9037777B2",
        "US8533564B2",
        "US8321501B2",
        "KR20110073932A",
        "US9369526B2",
        "US20110161553A1",
        "US8443263B2",
        "US9594675B2",
        "US8327225B2",
        "US8868575B2",
        "TWI587139B",
        "US11301592B2",
        "US9417905B2",
        "US8447916B2",
        "US8843459B1",
        "US20110230711A1",
        "US8578132B2",
        "CN102207910A",
        "CN102208987A",
        "JP5447092B2",
        "US9015268B2",
        "US8577986B2",
        "JP5521716B2",
        "US8745317B2",
        "US8407517B2",
        "US8296508B1",
        "US9015443B2",
        "US20110270945A1",
        "US9811662B2",
        "CN102906714A",
        "US8634186B2",
        "CN102244591B",
        "US8495296B2",
        "TWI469576B",
        "JP5598089B2",
        "US20110296131A1",
        "JP4829365B1",
        "US8904104B2",
        "US20110307758A1",
        "US8719675B1",
        "US8793440B2",
        "CN101883181A",
        "US8522076B2",
        "US8510639B2",
        "KR20120002760A",
        "JP2012022422A",
        "US8281043B2",
        "US8782434B1",
        "US8484415B2",
        "TWI455144B",
        "EP2598996B1",
        "US8725934B2",
        "US8510519B2",
        "US8713268B2",
        "US9146875B1",
        "US9530436B1",
        "US8964464B2",
        "US8762793B2",
        "US8850114B2",
        "US8583867B1",
        "US8412672B1",
        "US8984216B2",
        "US8589625B2",
        "CN101957767A",
        "US20120079583A1",
        "JP2012068936A",
        "US9244769B2",
        "US8463991B2",
        "US9251058B2",
        "US9263102B2",
        "US8775868B2",
        "WO2012050934A2",
        "US9229808B2",
        "US9348696B2",
        "US8755221B2",
        "US8892809B2",
        "US8938574B2",
        "US8447925B2",
        "US8990494B2",
        "US9465728B2",
        "US9092149B2",
        "US9063878B2",
        "CN102467440A",
        "TWI474329B",
        "US8601197B2",
        "TW201222273A",
        "TW201224288A",
        "CN103348330B",
        "US8850100B2",
        "JP2012123499A",
        "US9021472B2",
        "US9218278B2",
        "US10817421B2",
        "US10817502B2",
        "US9208071B2",
        "US9047178B2",
        "US9280477B2",
        "EP2652623B1",
        "JP5296041B2",
        "US8560792B2",
        "CN103354939B",
        "US20120239860A1",
        "US8412816B2",
        "US8438247B1",
        "AU2015202148B2",
        "KR101454807B1",
        "US9213594B2",
        "US8972650B2",
        "US20120198126A1",
        "WO2012106362A2",
        "US8595415B2",
        "US8639971B1",
        "CN102110154B",
        "KR20120096212A",
        "WO2012116369A2",
        "US8705544B2",
        "US9146765B2",
        "US8966191B2",
        "US9563555B2",
        "US8601085B1",
        "JP5581256B2",
        "US8924500B2",
        "US9047955B2",
        "US8677031B2",
        "US9252985B2",
        "US8990665B1",
        "US10838886B2",
        "TWI467365B",
        "US8527699B2",
        "US9176670B2",
        "US20120278527A1",
        "US20120278550A1",
        "US8909888B2",
        "US8832402B2",
        "US8862804B2",
        "US9501392B1",
        "US9110785B1",
        "US8996790B1",
        "US9396106B2",
        "US9372792B1",
        "US9195592B1",
        "US8543758B2",
        "CN102223510B",
        "KR101835604B1",
        "US20120311271A1",
        "US8806108B2",
        "US9329939B2",
        "US9183165B2",
        "US8819302B2",
        "US9417894B1",
        "US20120324143A1",
        "US8819316B2",
        "US8924630B2",
        "US8904106B2",
        "US10966339B1",
        "CN102855146B",
        "US9207879B2",
        "US9335939B2",
        "US9417823B2",
        "US9104651B1",
        "US8949305B1",
        "US8874994B2",
        "US8671249B2",
        "US11016702B2",
        "US10678619B2",
        "US9852017B2",
        "US9063841B1",
        "US20130036263A1",
        "US8776094B2",
        "US9385874B2",
        "KR20130021633A",
        "US8931107B1",
        "US8656251B2",
        "US9195530B1",
        "US8700834B2",
        "US8713357B1",
        "US8707104B1",
        "US20130067289A1",
        "US9710768B2",
        "US20130081022A1",
        "US9619357B2",
        "US9430372B2",
        "WO2013048485A1",
        "WO2013048493A1",
        "US9378142B2",
        "EP2761469B1",
        "KR101515359B1",
        "US8782492B2",
        "US9372755B1",
        "CN102447732A",
        "US9813491B2",
        "US9263106B2",
        "US9092594B2",
        "US9047068B2",
        "US8694855B1",
        "US8938658B2",
        "US8966172B2",
        "TW201321943A",
        "US9015411B2",
        "US10176045B2",
        "US9298548B2",
        "US20130238900A1",
        "US9430286B2",
        "US8959416B1",
        "US8694849B1",
        "US8806111B2",
        "CN103176759A",
        "US9274937B2",
        "US10133662B2",
        "EP2798500A1",
        "US10613982B1",
        "KR101888074B1",
        "US9817582B2",
        "US9767032B2",
        "CN104303162B",
        "US10102117B2",
        "US9251052B2",
        "US8782344B2",
        "US20150019792A1",
        "US9251086B2",
        "US8775714B2",
        "US9652182B2",
        "US10671585B2",
        "US20130205065A1",
        "US8996788B2",
        "KR101445025B1",
        "US8947941B2",
        "WO2013119074A1",
        "US8949512B2",
        "US9195586B2",
        "US8930375B2",
        "US10019353B2",
        "US20130238851A1",
        "US20130238832A1",
        "US20130242425A1",
        "JP5659178B2",
        "US8301832B1",
        "US8554963B1",
        "CN103365667B",
        "US9053008B1",
        "US9135192B2",
        "US9268692B1",
        "US9542324B1",
        "EP2834962A1",
        "KR101969883B1",
        "CN102681794B",
        "CN103377161A",
        "US8996793B1",
        "US9218462B2",
        "US8839073B2",
        "US8751710B2",
        "KR101961324B1",
        "US8838937B1",
        "US9077665B1",
        "US9251019B2",
        "WO2013180691A1",
        "CN102710763B",
        "US8879325B1",
        "US8984201B2",
        "WO2013184923A1",
        "US9229901B1",
        "US9172744B2",
        "US20130339583A1",
        "US9003162B2",
        "US8924832B1",
        "US20140006537A1",
        "US9098302B2",
        "US9047220B2",
        "JP2014026388A",
        "US9712373B1",
        "US8856431B2",
        "US20140052897A1",
        "US9699263B1",
        "CN103629132B",
        "US10019287B1",
        "US10430216B1",
        "US9921954B1",
        "US9094163B2",
        "US9058122B1",
        "US8676851B1",
        "US8862561B1",
        "US10346095B2",
        "US9164702B1",
        "US20140075175A1",
        "US9063721B2",
        "JP2014063497A",
        "US10509776B2",
        "US10318495B2",
        "US9304828B2",
        "TWI502600B",
        "US9069782B2",
        "US9652216B2",
        "KR102081980B1",
        "US20140114928A1",
        "WO2014065873A1",
        "US8972826B2",
        "CA2890041C",
        "US20150331615A1",
        "US9098401B2",
        "US9368225B1",
        "KR101988287B1",
        "US9021339B2",
        "US9059736B2",
        "US9448883B1",
        "US9071585B2",
        "EP2880520A1",
        "US9251201B2",
        "EP2936494B1",
        "US9639457B1",
        "US9214963B1",
        "US9049265B1",
        "US9501398B2",
        "US9703697B2",
        "US9239751B1",
        "US9612948B2",
        "WO2014102879A1",
        "US9848029B2",
        "US9454420B1",
        "US9069659B1",
        "US8903959B2",
        "JP5985403B2",
        "US8995302B1",
        "JP2014137721A",
        "US9224452B2",
        "US9143279B2",
        "US9542101B2",
        "US9195585B2",
        "US9652376B2",
        "US9092353B1",
        "US9128858B1",
        "US9256384B2",
        "US9930066B2",
        "US20140229695A1",
        "US8990661B1",
        "US9813080B1",
        "US10230396B1",
        "US10275375B2",
        "US9397701B1",
        "US8935598B1",
        "US8984365B1",
        "US9478271B2",
        "US9727453B2",
        "US10817312B2",
        "US8984376B1",
        "US9870830B1",
        "US9136877B1",
        "US8954657B1",
        "US9448738B2",
        "US9092350B1",
        "US9590656B2",
        "US8983967B2",
        "US9454414B2",
        "US9244763B1",
        "US10489318B1",
        "US9335950B2",
        "US9612900B2",
        "US9236886B1",
        "US10120694B2",
        "US9842053B2",
        "US9934045B1",
        "US9235467B2",
        "US9672178B1",
        "US9798688B1",
        "US9501436B1",
        "US9430386B2",
        "US9450610B1",
        "US9367246B2",
        "US9990382B1",
        "US9552176B2",
        "US10102144B2",
        "US10558561B2",
        "TWI489296B",
        "US10127166B2",
        "US9336166B1",
        "JP2014235531A",
        "US9159437B2",
        "US9009375B2",
        "US9058267B2",
        "US9697358B2",
        "US9136876B1",
        "CN104238638A",
        "CN103336671B",
        "US9519591B2",
        "US10063638B2",
        "US9785356B2",
        "US9430412B2",
        "US9785355B2",
        "US9122712B1",
        "US9311110B2",
        "US9030883B2",
        "US8949486B1",
        "US9021189B2",
        "US9336313B1",
        "US9092321B2",
        "US9336135B1",
        "US9384126B1",
        "US9524235B1",
        "CN105283923A",
        "US9842128B2",
        "US9448896B2",
        "KR102081588B1",
        "US9235509B1",
        "US9639463B1",
        "GB201315435D0",
        "US9684686B1",
        "KR20160048965A",
        "US9298534B2",
        "US9313274B2",
        "US20150082063A1",
        "CN103488435B",
        "WO2015047240A1",
        "US9658799B2",
        "US9413491B1",
        "US9397706B1",
        "US9348694B1",
        "US9786388B1",
        "US10019320B2",
        "US9442662B2",
        "US10019352B2",
        "US9298608B2",
        "US10444998B1",
        "US9330143B2",
        "US9690515B2",
        "CN103530417B",
        "US9436831B2",
        "US9263156B2",
        "US10073630B2",
        "TWI510910B",
        "US9244785B2",
        "US9703816B2",
        "US9520197B2",
        "US9141291B2",
        "US9520162B2",
        "US9218891B2",
        "US9582058B2",
        "US9235245B2",
        "US9129665B2",
        "US9998359B2",
        "US9678678B2",
        "EP3076708A1",
        "US9684568B2",
        "TWI524183B",
        "US9454434B2",
        "US20150205534A1",
        "US9536612B1",
        "US10148746B2",
        "US10120792B1",
        "WO2015114744A1",
        "US9798620B2",
        "US10521387B2",
        "US9286208B2",
        "US9933980B2",
        "KR102188062B1",
        "US9703636B2",
        "US9666244B2",
        "US10031933B2",
        "US9958178B2",
        "US20150254082A1",
        "US9639285B2",
        "US10296371B2",
        "US9727503B2",
        "US9696942B2",
        "US9454448B2",
        "US9390814B2",
        "US9448876B2",
        "US9626400B2",
        "US9390021B2",
        "US9626399B2",
        "US9697267B2",
        "US9781027B1",
        "US10042792B1",
        "US9952991B1",
        "US10078604B1",
        "US10055150B1",
        "US10025736B1",
        "US9911477B1",
        "KR102318478B1",
        "US9354872B2",
        "US10048962B2",
        "JP6213366B2",
        "JP5936152B2",
        "US9891993B2",
        "US9280293B2",
        "CN104020962B",
        "US9542262B1",
        "US9093160B1",
        "US9070481B1",
        "US9703491B2",
        "US10656842B2",
        "US10162748B2",
        "US10372613B2",
        "US10114557B2",
        "US10146448B2",
        "US10656840B2",
        "GB2526873A",
        "US20170052723A1",
        "US9594571B2",
        "US9652381B2",
        "US9892033B1",
        "US9613218B2",
        "US9972393B1",
        "US9584159B1",
        "US9417804B2",
        "US9449702B1",
        "US9588843B2",
        "US9514211B2",
        "TWI505078B",
        "US9442798B2",
        "US10402113B2",
        "US9367392B2",
        "WO2016032548A1",
        "FR3025333B1",
        "US10540109B2",
        "US9443601B2",
        "KR102330391B1",
        "US20160077959A1",
        "US10275171B2",
        "US10146468B2",
        "US10666682B2",
        "US9720789B2",
        "US10635504B2",
        "US9959059B2",
        "US9984768B2",
        "US10594442B2",
        "US9712382B2",
        "US9519442B2",
        "CN104391805B",
        "CN104281499B",
        "US11157200B2",
        "US10210107B2",
        "US9712619B2",
        "US9565269B2",
        "US9524211B1",
        "US20160162186A1",
        "US9582463B2",
        "US9519429B2",
        "KR102301937B1",
        "US9846576B2",
        "US10185730B2",
        "US10423670B1",
        "US9853873B2",
        "US9542320B2",
        "US9933950B2",
        "WO2016118591A1",
        "US11579774B2",
        "US9529580B2",
        "US10229085B2",
        "US10664369B2",
        "US10409681B2",
        "US10402287B2",
        "US10305515B1",
        "US9985820B2",
        "US9729440B2",
        "JP6228347B2",
        "JP2018508073A",
        "US11188665B2",
        "US10440115B2",
        "US9946607B2",
        "KR102398213B1",
        "US20160266813A1",
        "US20160267050A1",
        "US20160266802A1",
        "US9600181B2",
        "US9940234B2",
        "US9900250B2",
        "US9830093B2",
        "US10402261B2",
        "KR102309798B1",
        "US9800547B2",
        "US9979799B2",
        "EP3230879B1",
        "US10121013B2",
        "US9519433B2",
        "US10222986B2",
        "US10332613B1",
        "US9760314B2",
        "US10244250B2",
        "US20160357456A1",
        "US9971542B2",
        "US10698628B2",
        "US9886210B2",
        "US11588783B2",
        "US10628255B1",
        "TWI553477B",
        "US10048898B2",
        "US10248610B2",
        "US10740270B2",
        "US9857986B2",
        "US9910791B1",
        "CN105159851A",
        "US9851921B1",
        "KR102036514B1",
        "US10089196B2",
        "US10303647B2",
        "US10778765B2",
        "US9799405B1",
        "US10579519B2",
        "US10257273B2",
        "US9952797B2",
        "US10078614B2",
        "KR102401600B1",
        "US9484954B1",
        "US10736239B2",
        "US10078494B2",
        "US10013323B1",
        "CN107533514A",
        "US10853266B2",
        "US10459891B2",
        "US10320905B2",
        "US10360119B2",
        "US20170102952A1",
        "US9678682B2",
        "WO2017065209A1",
        "US10108340B2",
        "US9886196B2",
        "US9934094B2",
        "US10254998B2",
        "US20170123700A1",
        "KR102314137B1",
        "TWI559155B",
        "US9811259B2",
        "US10303372B2",
        "EP3387547B1",
        "CN115061971A",
        "US9892075B2",
        "US9886214B2",
        "US10437483B2",
        "US10339098B2",
        "US10063422B1",
        "US9892794B2",
        "US10713211B2",
        "US10901937B2",
        "US9899092B2",
        "US10157153B2",
        "CN113407244A",
        "US10776272B2",
        "US9954558B1",
        "US10409719B2",
        "US10230810B1",
        "US9583182B1",
        "US10303646B2",
        "US10404676B2",
        "US9852025B2",
        "US20170300249A1",
        "US10140172B2",
        "KR20170135500A",
        "US20170351639A1",
        "US10664169B2",
        "CN106201338B",
        "KR20180003000A",
        "US9690886B1",
        "CN106201352B",
        "US10120702B2",
        "TWI620074B",
        "US10534716B2",
        "US10037150B2",
        "US10739996B1",
        "US10334334B2",
        "US10291263B2",
        "US10283215B2",
        "US10236915B2",
        "US20180039427A1",
        "US10387303B2",
        "US10379778B2",
        "US10798073B2",
        "US10152393B2",
        "US11563695B2",
        "WO2018042644A1",
        "US10236917B2",
        "US10193634B2",
        "US10162752B2",
        "US9824034B1",
        "US10031050B2",
        "KR20180045220A",
        "US10459644B2",
        "US10545770B2",
        "US10685710B2",
        "US10198397B2",
        "US10198378B2",
        "RU168565U1",
        "US20180150256A1",
        "CN106775874B",
        "US11461273B1",
        "US10397144B2",
        "US11113133B2",
        "US10275179B2",
        "US10545914B2",
        "US10725685B2",
        "US10496311B2",
        "US10452288B2",
        "US10732858B2",
        "US10579377B2",
        "US10496292B2",
        "US10979223B2",
        "US10243823B1",
        "US10713203B2",
        "US10254991B2",
        "US11003381B2",
        "CN106843989A",
        "US10079612B1",
        "US10664406B2",
        "CN114089915B",
        "CN108665939B",
        "US10552050B1",
        "US10565123B2",
        "US10795836B2",
        "US10705911B2",
        "US10524022B2",
        "US10666703B2",
        "US20180329634A1",
        "US10459807B2",
        "US10860508B2",
        "US10725859B2",
        "US10635529B2",
        "CN107145428A",
        "US10915405B2",
        "JP7087279B2",
        "US10616076B2",
        "KR102234725B1",
        "US10223318B2",
        "WO2018226228A1",
        "US10152422B1",
        "US11003532B2",
        "KR102077283B1",
        "US10389342B2",
        "US10216685B1",
        "US10303534B2",
        "US10785301B2",
        "US20190042781A1",
        "CN107506138B",
        "US10831935B2",
        "US11321208B2",
        "US10949199B1",
        "US10503590B2",
        "US10379948B2",
        "US10474528B2",
        "US10404596B2",
        "US10469367B2",
        "US10353606B2",
        "EP3495939B1",
        "US10942666B2",
        "CN107748704A",
        "US11005771B2",
        "US11502948B2",
        "CN109697017B",
        "KR102427323B1",
        "CN108062358B",
        "US10708240B2",
        "WO2019119212A1",
        "FR3075413B1",
        "KR102032878B1",
        "CN109976663B",
        "US10592173B2",
        "CN110096451B",
        "CN110096220B",
        "US10608939B1",
        "US11157356B2",
        "US10909066B2",
        "CN108804027B",
        "CN110417988B",
        "US10579606B2",
        "US10558565B2",
        "CN110597451B",
        "US10515042B1",
        "US10785024B2",
        "US11509606B2",
        "US10725941B2",
        "CN110659234A",
        "US10409511B1",
        "US10725862B2",
        "US11194588B2",
        "CN110729006B",
        "KR102495539B1",
        "US11238005B2",
        "US10831411B2",
        "US10825477B2",
        "US10831603B2",
        "US10824526B2",
        "US11132256B2",
        "US10592144B2",
        "US10649843B2",
        "US10901848B2",
        "US11347678B2",
        "KR20200021819A",
        "CN109240608B",
        "CN109362236A",
        "JP7091203B2",
        "US11030316B2",
        "DE102018007628A1",
        "US10877810B2",
        "US10956071B2",
        "US10817430B2",
        "US10652208B2",
        "TWI679532B",
        "US20200117722A1",
        "CN109586931B",
        "KR20200046495A",
        "US10761932B2",
        "US11023155B2",
        "US10983985B2",
        "GB2578600B",
        "US10936295B2",
        "US11429674B2",
        "US11409900B2",
        "CN109683809B",
        "US10749758B2",
        "US10951403B2",
        "CN109788697B",
        "US10949297B2",
        "US11734192B2",
        "US11016908B2",
        "US11204819B2",
        "CN111367466B",
        "CN109710547B",
        "US11182258B2",
        "US11455402B2",
        "US11144488B2",
        "CN109947447A",
        "KR101995034B1",
        "US10997029B2",
        "US11151093B2",
        "US11184439B2",
        "US11494107B2",
        "TWI704567B",
        "US11316904B2",
        "CN111857547A",
        "US20200342109A1",
        "KR20200126531A",
        "US20220311544A1",
        "US11237905B2",
        "US11620389B2",
        "CN114072777A",
        "US11075656B2",
        "US11031961B2",
        "US11086719B2",
        "US11063696B2",
        "US10911284B1",
        "US11172455B2",
        "US11044044B2",
        "CN110489367B",
        "US10911141B1",
        "KR20210016225A",
        "US11200106B2",
        "US11487908B2",
        "US11150812B2",
        "CN110569262A",
        "US10817460B2",
        "US10866861B1",
        "KR102316271B1",
        "US10942857B1",
        "JP2021043708A",
        "US11016692B2",
        "CN110688328B",
        "US11604771B2",
        "US11481293B2",
        "US11360949B2",
        "US11288372B2",
        "US11243859B2",
        "CN110753121A",
        "CN110990324A",
        "US11251979B2",
        "CN110795508B",
        "US11016905B1",
        "US11580233B1",
        "CN113133325A",
        "CN110866291B",
        "CN111080840B",
        "US11256448B2",
        "CN111211944B",
        "US10978097B1",
        "KR20210094178A",
        "US11210002B2",
        "US11316917B2",
        "US11231934B2",
        "KR102289834B1",
        "KR102289835B1",
        "US20210342169A1",
        "US11481203B2",
        "US11249921B2",
        "US20210349781A1",
        "CN111835610B",
        "US11307782B2",
        "US11262919B2",
        "US11507544B2",
        "US11263146B2",
        "US11334497B2",
        "JP2022007376A",
        "KR102208497B1",
        "US11283719B2",
        "WO2022020404A1",
        "US11494264B2",
        "US11237906B1",
        "US11567831B2",
        "CN114095153A",
        "IL276538B2",
        "US20220046080A1",
        "US11327858B2",
        "JP7175944B2",
        "EP4202707A4",
        "CN111930517B",
        "US11636053B2",
        "US11792134B2",
        "US11593278B2",
        "US11736566B2",
        "US20220114066A1",
        "US11327909B1",
        "US11531498B2",
        "US11544205B2",
        "TWI754473B",
        "CN112380071B",
        "US11543992B2",
        "TWI758013B",
        "CN112698697A",
        "US11556424B2",
        "US11606422B2",
        "CN114817121A",
        "CN112765223B",
        "JP2022122478A",
        "US11573718B2",
        "WO2022225788A1",
        "US11783866B2",
        "CN113538754B",
        "US11782641B2",
        "WO2022271412A1",
        "US11625189B2",
        "US11321178B1",
        "US11726666B2",
        "US11675602B2",
        "US11609700B2",
        "CN115905056A",
        "CN115906722A",
        "US11662955B2",
        "WO2023068463A1",
        "CN115657963B",
        "CN115801633B"
    ]
}