{
    "patent_id": "US-11503253-B2",
    "title": "Vehicular control system with traffic lane detection ",
    "assignee": "Magna Electronics Inc.",
    "publication_date": "2022-11-15",
    "patent_link": "https://patents.google.com/patent/US11503253B2/en",
    "inventors": [
        "Kenneth Schofield",
        "Niall R. Lynam"
    ],
    "classifications": [
        "G06V20/582",
        "B60Q1/08",
        "B60Q9/008",
        "B60R1/00",
        "B60R1/001",
        "B60R1/12",
        "B60R11/04",
        "B60W30/143",
        "B60W30/18",
        "B60W50/14",
        "G06T7/20",
        "G06V10/147",
        "G06V20/58",
        "G06V20/584",
        "G06V20/588",
        "G08G1/166",
        "G08G1/167",
        "H04N23/54",
        "H04N5/2253",
        "H04N7/18",
        "H04N7/183",
        "B60K2370/143",
        "B60K2370/148",
        "B60K2370/152",
        "B60K2370/21",
        "B60K2370/27",
        "B60K2370/331",
        "B60K2370/334",
        "B60K2370/34",
        "B60K2370/52",
        "B60K2370/589",
        "B60K2370/777",
        "B60Q2300/42",
        "B60R1/04",
        "B60R2001/1215",
        "B60R2001/1253",
        "B60R2011/0026",
        "B60R2300/205",
        "B60R2300/207",
        "B60R2300/30",
        "B60R2300/301",
        "B60R2300/302",
        "B60R2300/804",
        "B60R2300/8093",
        "B60W2050/143",
        "B60W2050/146",
        "B60W50/16"
    ],
    "abstract": "A vehicular control system includes a forward viewing camera disposed at an in-cabin side of a windshield of a vehicle and viewing forward of the vehicle. Road curvature of a road along which the vehicle is traveling is determined responsive at least in part to processing by an image processor of image data captured by the camera. Responsive at least in part to processing of captured image data, a traffic lane of the road along which the vehicle is traveling is determined. Upon approach of the vehicle to a curve in the road, speed of the vehicle is reduced to a reduced speed for traveling around the curve in the road at least in part responsive to at least one selected from the group consisting of (a) processing of image data captured by the forward viewing camera and (b) data relevant to a current geographical location of the equipped vehicle.",
    "claims": "\n1. A vehicular control system, said vehicular control system comprising:\na forward viewing camera having a field of view forward of a vehicle equipped with said vehicular control system and in a direction of forward travel of the equipped vehicle, wherein said forward viewing camera is operable to capture image data;\nwherein said forward viewing camera is disposed at an in-cabin side of a windshield of the equipped vehicle, said forward viewing camera viewing forward of the equipped vehicle through the windshield of the equipped vehicle;\nan image processor operable to process image data captured by said forward viewing camera;\nwherein road curvature of a road along which the equipped vehicle is traveling is determined responsive at least in part to processing by said image processor of image data captured by said forward viewing camera;\nwherein, responsive at least in part to processing by said image processor of image data captured by said forward viewing camera, a surface property of the road along which the equipped vehicle is traveling is detected;\nwherein, responsive at least in part to processing by said image processor of image data captured by said forward viewing camera, a traffic lane in which the equipped vehicle is driving is determined;\nwherein, responsive at least in part to processing by said image processor of image data captured by said forward viewing camera, another vehicle that is present on the road along which the equipped vehicle is traveling and forward of the equipped vehicle is detected;\nwherein, with a speed control system of the equipped vehicle activated, speed of the equipped vehicle is controlled by the speed control system of the equipped vehicle;\nwherein upon approach of the equipped vehicle to a curve in the road along which the equipped vehicle is traveling, speed of the equipped vehicle is reduced by the speed control system to a reduced speed for traveling around the curve in the road at least in part responsive to at least one selected from the group consisting of (a) processing by said image processor of image data captured by said forward viewing camera and (b) data relevant to a current geographical location of the equipped vehicle;\nwherein speed of the equipped vehicle is increased by the speed control system of the equipped vehicle when the equipped vehicle is traveling along a straighter section of road after the curve in the road; and\nwherein said forward viewing camera captures image data for a plurality of driving assist systems of the equipped vehicle, and wherein one of said plurality of driving assist systems comprises a lane departure warning system of the equipped vehicle, and wherein said plurality of driving assist systems further comprises at least one driving assist system selected from the group consisting of (i) a traffic sign recognition system of the equipped vehicle, (ii) an intelligent headlamp control system of the equipped vehicle and (iii) an adaptive cruise control system of the equipped vehicle.\n2. The vehicular control system of claim 1, wherein, responsive at least in part to processing by said image processor of image data captured by said forward viewing camera, speed of the equipped vehicle is controlled by the speed control system of the equipped vehicle.\n3. The vehicular control system of claim 1, wherein speed of the equipped vehicle is controlled by the speed control system of the equipped vehicle for an adaptive cruise control system of the equipped vehicle.\n4. The vehicular control system of claim 1, wherein, responsive at least in part to processing by said image processor of image data captured by said forward viewing camera, said vehicular control system determines whether the detected other vehicle is in a traffic lane to the right of the determined traffic lane in which the equipped vehicle is driving or is in a traffic lane to the left of the determined traffic lane in which the equipped vehicle is driving.\n5. The vehicular control system of claim 4, wherein, responsive at least in part to processing by said image processor of image data captured by said forward viewing camera, said vehicular control system determines that the detected other vehicle is driving in a traffic lane to the left of the determined traffic lane in which the equipped vehicle is driving and is an oncoming vehicle.\n6. The vehicular control system of claim 1, wherein said forward viewing camera comprises a CMOS imaging array sensor.\n7. The vehicular control system of claim 6, wherein said forward viewing camera is housed in a windshield electronics module disposed at the windshield of the equipped vehicle.\n8. The vehicular control system of claim 7, wherein said windshield electronics module houses said image processor.\n9. The vehicular control system of claim 1, wherein, responsive at least in part to processing by said image processor of image data captured by said forward viewing camera, a spectral characteristic of an object that is present in the forward field of view of said forward viewing camera is determined.\n10. The vehicular control system of claim 1, wherein, responsive at least in part to processing by said image processor of image data captured by said forward viewing camera, a curb of the road along which the equipped vehicle is traveling is detected.\n11. The vehicular control system of claim 1, wherein, responsive at least in part to processing by said image processor of image data captured by said forward viewing camera, lane markers on the road along which the equipped vehicle is traveling are detected.\n12. The vehicular control system of claim 1, wherein, responsive at least in part to processing by said image processor of image data captured by said forward viewing camera, a traffic sign ahead of the equipped vehicle is detected.\n13. The vehicular control system of claim 12, wherein the traffic sign comprises a speed control sign for a portion of the road being travelled by the equipped vehicle.\n14. The vehicular control system of claim 13, wherein the speed control system of the equipped vehicle controls speed of the equipped vehicle to be at or below a speed level indicated on the speed control sign.\n15. The vehicular control system of claim 12, wherein the traffic sign comprises a stop sign ahead of the equipped vehicle.\n16. The vehicular control system of claim 12, wherein the traffic sign comprises a road construction zone sign.\n17. The vehicular control system of claim 16, wherein a driver of the equipped vehicle is alerted that the road construction zone sign is detected.\n18. The vehicular control system of claim 1, wherein, responsive at least in part to processing by said image processor of image data captured by said forward viewing camera, a character of a traffic sign present in the forward field of view of said forward viewing camera is determined.\n19. The vehicular control system of claim 1, wherein, responsive at least in part to processing by said image processor of image data captured by said forward viewing camera, lane markers on the road along which the equipped vehicle is traveling are detected and a curb of the road along which the equipped vehicle is traveling is detected.\n20. The vehicular control system of claim 1, wherein, responsive at least in part to processing by said image processor of image data captured by said forward viewing camera, a warning sign present exterior of the equipped vehicle is recognized.\n21. The vehicular control system of claim 1, wherein the current geographical location of the equipped vehicle is determined by a global positioning system.\n22. The vehicular control system of claim 1, wherein, responsive at least in part to processing by said image processor of image data captured by said forward viewing camera, a road shoulder of the road along which the equipped vehicle is traveling is detected.\n23. The vehicular control system of claim 1, wherein said plurality of driving assist systems comprises an adaptive cruise control system of the equipped vehicle and a traffic sign recognition system of the equipped vehicle.\n24. The vehicular control system of claim 1, wherein said plurality of driving assist systems further comprises an intelligent headlamp control system of the equipped vehicle.\n25. The vehicular control system of claim 1, wherein, responsive at least in part to processing by said image processor of image data captured by said forward viewing camera, at least one selected from the group consisting of (a) a spectral characteristic of an object present in the forward field of view of said forward viewing camera is determined, (b) a spatial characteristic of an object present in the forward field of view of said forward viewing camera is determined, (c) size of an object present in the forward field of view of said forward viewing camera and (d) location of an object present in the forward field of view of said forward viewing camera relative to the road along which the equipped vehicle is traveling is determined.\n26. The vehicular control system of claim 1, wherein, responsive at least in part to processing by said image processor of image data captured by said forward viewing camera, at least two selected from the group consisting of (i) a speed limit sign present exterior of the equipped vehicle is recognized, (ii) a freeway exit sign present exterior of the equipped vehicle is recognized, (iii) a warning sign present exterior of the equipped vehicle is recognized, (iv) a stop sign present exterior of the equipped vehicle is recognized and (v) a yield sign present exterior of the equipped vehicle is recognized.\n27. The vehicular control system of claim 1, wherein, responsive at least in part to processing by said image processor of image data captured by said forward viewing camera, location of an object that is present in the forward field of view of said forward viewing camera is determined.\n28. A vehicular control system, said vehicular control system comprising:\na forward viewing camera having a field of view forward of a vehicle equipped with said vehicular control system and in a direction of forward travel of the equipped vehicle, wherein said forward viewing camera is operable to capture image data;\nwherein said forward viewing camera comprises a CMOS imaging array sensor;\nwherein said forward viewing camera is disposed at an in-cabin side of a windshield of the equipped vehicle, said forward viewing camera viewing forward of the equipped vehicle through the windshield of the equipped vehicle;\nan image processor operable to process image data captured by said forward viewing camera;\nwherein road curvature of a road along which the equipped vehicle is traveling is determined responsive at least in part to processing by said image processor of image data captured by said forward viewing camera;\nwherein, responsive at least in part to processing by said image processor of image data captured by said forward viewing camera, a surface property of the road along which the equipped vehicle is traveling is detected;\nwherein, responsive at least in part to processing by said image processor of image data captured by said forward viewing camera, a traffic lane in which the equipped vehicle is driving is determined;\nwherein, responsive at least in part to processing by said image processor of image data captured by said forward viewing camera, another vehicle that is present on the road along which the equipped vehicle is traveling and forward of the equipped vehicle is detected;\nwherein, with a speed control system of the equipped vehicle activated, speed of the equipped vehicle is controlled by the speed control system of the equipped vehicle;\nwherein upon approach of the equipped vehicle to a curve in the road along which the equipped vehicle is traveling, speed of the equipped vehicle is reduced by the speed control system to a reduced speed for traveling around the curve in the road at least in part responsive to processing by said image processor of image data captured by said forward viewing camera; and\nwherein speed of the equipped vehicle is increased by the speed control system of the equipped vehicle when the equipped vehicle is traveling along a straighter section of road after the curve in the road; and\nwherein said forward viewing camera captures image data for a plurality of driving assist systems of the equipped vehicle, and wherein one of said plurality of driving assist systems comprises a lane departure warning system of the equipped vehicle, and wherein said plurality of driving assist systems further comprises at least one driving assist system selected from the group consisting of (i) a traffic sign recognition system of the equipped vehicle, (ii) an intelligent headlamp control system of the equipped vehicle and (iii) an adaptive cruise control system of the equipped vehicle.\n29. The vehicular control system of claim 28, wherein, responsive at least in part to processing by said image processor of image data captured by said forward viewing camera, speed of the equipped vehicle is controlled by the speed control system of the equipped vehicle.\n30. The vehicular control system of claim 28, wherein speed of the equipped vehicle is controlled by the speed control system of the equipped vehicle for an adaptive cruise control system of the equipped vehicle.\n31. The vehicular control system of claim 28, wherein, responsive at least in part to processing by said image processor of image data captured by said forward viewing camera, said vehicular control system determines whether the detected other vehicle is in a traffic lane to the right of the determined traffic lane in which the equipped vehicle is driving or is in a traffic lane to the left of the determined traffic lane in which the equipped vehicle is driving.\n32. The vehicular control system of claim 31, wherein, responsive at least in part to processing by said image processor of image data captured by said forward viewing camera, said vehicular control system determines that the detected other vehicle is driving in a traffic lane to the left of the determined traffic lane in which the equipped vehicle is driving and is an oncoming vehicle.\n33. The vehicular control system of claim 28, wherein upon approach of the equipped vehicle to a curve in the road along which the equipped vehicle is traveling, speed of the equipped vehicle is reduced by the speed control system to the reduced speed for traveling around the curve in the road at least in part responsive to data relevant to a current geographical location of the equipped vehicle.\n34. The vehicular control system of claim 28, wherein said forward viewing camera is housed in a windshield electronics module disposed at the windshield of the equipped vehicle.\n35. The vehicular control system of claim 34, wherein said windshield electronics module houses said image processor.\n36. The vehicular control system of claim 28, wherein, responsive at least in part to processing by said image processor of image data captured by said forward viewing camera, a spectral characteristic of an object that is present in the forward field of view of said forward viewing camera is determined.\n37. The vehicular control system of claim 28, wherein, responsive at least in part to processing by said image processor of image data captured by said forward viewing camera, a curb of the road along which the equipped vehicle is traveling is detected.\n38. The vehicular control system of claim 28, wherein, responsive at least in part to processing by said image processor of image data captured by said forward viewing camera, lane markers on the road along which the equipped vehicle is traveling are detected.\n39. The vehicular control system of claim 28, wherein, responsive at least in part to processing by said image processor of image data captured by said forward viewing camera, a traffic sign ahead of the equipped vehicle is detected.\n40. The vehicular control system of claim 39, wherein the traffic sign comprises a speed control sign for a portion of the road being travelled by the equipped vehicle.\n41. The vehicular control system of claim 40, wherein the speed control system of the equipped vehicle controls speed of the equipped vehicle to be at or below a speed level indicated on the speed control sign.\n42. The vehicular control system of claim 39, wherein the traffic sign comprises a stop sign ahead of the equipped vehicle.\n43. The vehicular control system of claim 39, wherein the traffic sign comprises a road construction zone sign.\n44. The vehicular control system of claim 43, wherein a driver of the equipped vehicle is alerted that the road construction zone sign is detected.\n45. The vehicular control system of claim 28, wherein, responsive at least in part to processing by said image processor of image data captured by said forward viewing camera, a character of a traffic sign present in the forward field of view of said forward viewing camera is determined.\n46. The vehicular control system of claim 28, wherein, responsive at least in part to processing by said image processor of image data captured by said forward viewing camera, lane markers on the road along which the equipped vehicle is traveling are detected and a curb of the road along which the equipped vehicle is traveling is detected.\n47. The vehicular control system of claim 28, wherein, responsive at least in part to processing by said image processor of image data captured by said forward viewing camera, a warning sign present exterior of the equipped vehicle is recognized.\n48. The vehicular control system of claim 28, wherein upon approach of the equipped vehicle to the curve in the road along which the equipped vehicle is traveling, speed of the equipped vehicle is reduced by the speed control system to the reduced speed for traveling around the curve in the road at least in part responsive to data relevant to a current geographical location of the equipped vehicle, and wherein the current geographical location of the equipped vehicle is determined by a global positioning system.\n49. The vehicular control system of claim 28, wherein, responsive at least in part to processing by said image processor of image data captured by said forward viewing camera, a road shoulder of the road along which the equipped vehicle is traveling is detected.\n50. The vehicular control system of claim 28, wherein said plurality of driving assist systems comprises an adaptive cruise control system of the equipped vehicle and a traffic sign recognition system of the equipped vehicle.\n51. The vehicular control system of claim 28, wherein said plurality of driving assist systems further comprises an intelligent headlamp control system of the equipped vehicle.\n52. The vehicular control system of claim 28, wherein, responsive at least in part to processing by said image processor of image data captured by said forward viewing camera, at least one selected from the group consisting of (a) a spectral characteristic of an object present in the forward field of view of said forward viewing camera is determined, (b) a spatial characteristic of an object present in the forward field of view of said forward viewing camera is determined, (c) size of an object present in the forward field of view of said forward viewing camera and (d) location of an object present in the forward field of view of said forward viewing camera relative to the road along which the equipped vehicle is traveling is determined.\n53. The vehicular control system of claim 28, wherein, responsive at least in part to processing by said image processor of image data captured by said forward viewing camera, at least two selected from the group consisting of (i) a speed limit sign present exterior of the equipped vehicle is recognized, (ii) a freeway exit sign present exterior of the equipped vehicle is recognized, (iii) a warning sign present exterior of the equipped vehicle is recognized, (iv) a stop sign present exterior of the equipped vehicle is recognized and (v) a yield sign present exterior of the equipped vehicle is recognized.\n54. The vehicular control system of claim 28, wherein, responsive at least in part to processing by said image processor of image data captured by said forward viewing camera, location of an object that is present in the forward field of view of said forward viewing camera is determined.\n55. A vehicular control system, said vehicular control system comprising:\na forward viewing camera having a field of view forward of a vehicle equipped with said vehicular control system and in a direction of forward travel of the equipped vehicle, wherein said forward viewing camera is operable to capture image data;\nwherein said forward viewing camera comprises a CMOS imaging array sensor;\nwherein said forward viewing camera is disposed at an in-cabin side of a windshield of the equipped vehicle, said forward viewing camera viewing forward of the equipped vehicle through the windshield of the equipped vehicle;\nan image processor operable to process image data captured by said forward viewing camera;\nwherein road curvature of a road along which the equipped vehicle is traveling is determined responsive at least in part to processing by said image processor of image data captured by said forward viewing camera;\nwherein, responsive at least in part to processing by said image processor of image data captured by said forward viewing camera, a surface property of the road along which the equipped vehicle is traveling is detected;\nwherein, responsive at least in part to processing by said image processor of image data captured by said forward viewing camera, a traffic lane in which the equipped vehicle is driving is determined;\nwherein, responsive at least in part to processing by said image processor of image data captured by said forward viewing camera, another vehicle that is present on the road along which the equipped vehicle is traveling and forward of the equipped vehicle is detected;\nwherein, with a speed control system of the equipped vehicle activated, speed of the equipped vehicle is controlled by the speed control system of the equipped vehicle;\nwherein upon approach of the equipped vehicle to a curve in the road along which the equipped vehicle is traveling, speed of the equipped vehicle is reduced by the speed control system to a reduced speed for traveling around the curve in the road at least in part responsive to data relevant to a current geographical location of the equipped vehicle; and\nwherein speed of the equipped vehicle is increased by the speed control system of the equipped vehicle when the equipped vehicle is traveling along a straighter section of road after the curve in the road; and\nwherein said forward viewing camera captures image data for a plurality of driving assist systems of the equipped vehicle, and wherein one of said plurality of driving assist systems comprises a lane departure warning system of the equipped vehicle, and wherein said plurality of driving assist systems further comprises at least one driving assist system selected from the group consisting of (i) a traffic sign recognition system of the equipped vehicle, (ii) an intelligent headlamp control system of the equipped vehicle and (iii) an adaptive cruise control system of the equipped vehicle.\n56. The vehicular control system of claim 55, wherein, responsive at least in part to processing by said image processor of image data captured by said forward viewing camera, speed of the equipped vehicle is controlled by the speed control system of the equipped vehicle.\n57. The vehicular control system of claim 55, wherein speed of the equipped vehicle is controlled by the speed control system of the equipped vehicle for an adaptive cruise control system of the equipped vehicle.\n58. The vehicular control system of claim 55, wherein, responsive at least in part to processing by said image processor of image data captured by said forward viewing camera, said vehicular control system determines whether the detected other vehicle is in a traffic lane to the right of the determined traffic lane in which the equipped vehicle is driving or is in a traffic lane to the left of the determined traffic lane in which the equipped vehicle is driving.\n59. The vehicular control system of claim 58, wherein, responsive at least in part to processing by said image processor of image data captured by said forward viewing camera, said vehicular control system determines that the detected other vehicle is driving in a traffic lane to the left of the determined traffic lane in which the equipped vehicle is driving and is an oncoming vehicle.\n60. The vehicular control system of claim 55, wherein said forward viewing camera is housed in a windshield electronics module disposed at the windshield of the equipped vehicle.\n61. The vehicular control system of claim 60, wherein said windshield electronics module houses said image processor.\n62. The vehicular control system of claim 55, wherein, responsive at least in part to processing by said image processor of image data captured by said forward viewing camera, a spectral characteristic of an object that is present in the forward field of view of said forward viewing camera is determined.\n63. The vehicular control system of claim 55, wherein, responsive at least in part to processing by said image processor of image data captured by said forward viewing camera, a curb of the road along which the equipped vehicle is traveling is detected.\n64. The vehicular control system of claim 55, wherein, responsive at least in part to processing by said image processor of image data captured by said forward viewing camera, lane markers on the road along which the equipped vehicle is traveling are detected.\n65. The vehicular control system of claim 55, wherein, responsive at least in part to processing by said image processor of image data captured by said forward viewing camera, a traffic sign ahead of the equipped vehicle is detected.\n66. The vehicular control system of claim 65, wherein the traffic sign comprises a speed control sign for a portion of the road being travelled by the equipped vehicle.\n67. The vehicular control system of claim 66, wherein the speed control system of the equipped vehicle controls speed of the equipped vehicle to be at or below a speed level indicated on the speed control sign.\n68. The vehicular control system of claim 65, wherein the traffic sign comprises a stop sign ahead of the equipped vehicle.\n69. The vehicular control system of claim 65, wherein the traffic sign comprises a road construction zone sign.\n70. The vehicular control system of claim 69, wherein a driver of the equipped vehicle is alerted that the road construction zone sign is detected.\n71. The vehicular control system of claim 55, wherein, responsive at least in part to processing by said image processor of image data captured by said forward viewing camera, a character of a traffic sign present in the forward field of view of said forward viewing camera is determined.\n72. The vehicular control system of claim 55, wherein, responsive at least in part to processing by said image processor of image data captured by said forward viewing camera, lane markers on the road along which the equipped vehicle is traveling are detected and a curb of the road along which the equipped vehicle is traveling is detected.\n73. The vehicular control system of claim 55, wherein, responsive at least in part to processing by said image processor of image data captured by said forward viewing camera, a warning sign present exterior of the equipped vehicle is recognized.\n74. The vehicular control system of claim 55, wherein the current geographical location of the equipped vehicle is determined by a global positioning system.\n75. The vehicular control system of claim 55, wherein, responsive at least in part to processing by said image processor of image data captured by said forward viewing camera, a road shoulder of the road along which the equipped vehicle is traveling is detected.\n76. The vehicular control system of claim 55, wherein said plurality of driving assist systems comprises an adaptive cruise control system of the equipped vehicle and a traffic sign recognition system of the equipped vehicle.\n77. The vehicular control system of claim 55, wherein said plurality of driving assist systems further comprises an intelligent headlamp control system of the equipped vehicle.\n78. The vehicular control system of claim 55, wherein, responsive at least in part to processing by said image processor of image data captured by said forward viewing camera, at least one selected from the group consisting of (a) a spectral characteristic of an object present in the forward field of view of said forward viewing camera is determined, (b) a spatial characteristic of an object present in the forward field of view of said forward viewing camera is determined, (c) size of an object present in the forward field of view of said forward viewing camera and (d) location of an object present in the forward field of view of said forward viewing camera relative to the road along which the equipped vehicle is traveling is determined.\n79. The vehicular control system of claim 55, wherein, responsive at least in part to processing by said image processor of image data captured by said forward viewing camera, at least two selected from the group consisting of (i) a speed limit sign present exterior of the equipped vehicle is recognized, (ii) a freeway exit sign present exterior of the equipped vehicle is recognized, (iii) a warning sign present exterior of the equipped vehicle is recognized, (iv) a stop sign present exterior of the equipped vehicle is recognized and (v) a yield sign present exterior of the equipped vehicle is recognized.\n80. The vehicular control system of claim 55, wherein, responsive at least in part to processing by said image processor of image data captured by said forward viewing camera, location of an object that is present in the forward field of view of said forward viewing camera is determined.",
    "status": "Active",
    "citations_own": [
        "GB1054064A",
        "US1472509A",
        "US2074251A",
        "US2148119A",
        "US2240843A",
        "US2317400A",
        "US2331144A",
        "US2339291A",
        "US2424288A",
        "US2598420A",
        "US2632040A",
        "US2750583A",
        "US2762932A",
        "US2855523A",
        "US2856146A",
        "US2863064A",
        "US2892094A",
        "US2907920A",
        "US2912593A",
        "US2934676A",
        "US2959709A",
        "US3008532A",
        "US3069654A",
        "GB914827A",
        "US3085646A",
        "DE1152627B",
        "US3158835A",
        "DE1182971B",
        "US3172496A",
        "DE1190413B",
        "US3179845A",
        "DE1196598B",
        "GB1000265A",
        "US3201750A",
        "US3208070A",
        "GB1008411A",
        "DE1214174B",
        "US3249761A",
        "US3271577A",
        "US3325680A",
        "GB1098610A",
        "US3367616A",
        "GB1106339A",
        "US3411843A",
        "US3486066A",
        "GB1178416A",
        "US3515472A",
        "GB1197710A",
        "US3572428A",
        "SE336535B",
        "US3623671A",
        "US3673560A",
        "DE2064839A1",
        "US3680951A",
        "US3689695A",
        "US3708668A",
        "US3751711A",
        "US3876940A",
        "US3971065A",
        "US3985424A",
        "US3986022A",
        "US4003445A",
        "US4037134A",
        "US4044853A",
        "US4049961A",
        "US4058796A",
        "US4093364A",
        "US4127778A",
        "US4139801A",
        "US4143264A",
        "JPS5539843A",
        "US4200361A",
        "US4209853A",
        "US4214266A",
        "US4218698A",
        "US4236099A",
        "JPS55156901A",
        "US4238778A",
        "US4243196A",
        "US4247870A",
        "US4249160A",
        "US4254931A",
        "US4257703A",
        "CA1101522A",
        "US4277804A",
        "JPS5685110A",
        "US4278142A",
        "US4281898A",
        "DE3004247A1",
        "US4288814A",
        "USRE30835E",
        "EP0048492A2",
        "EP0049722A1",
        "DE3040555A1",
        "DE3101855A1",
        "US4348652A",
        "US4348653A",
        "US4355271A",
        "US4357594A",
        "US4357558A",
        "EP0072406A2",
        "JPS5871230A",
        "US4381888A",
        "US4389537A",
        "US4389639A",
        "US4390895A",
        "US4390742A",
        "JPS58110334A",
        "JPS58122421A",
        "US4401181A",
        "US4403208A",
        "US4420238A",
        "US4431896A",
        "US4441125A",
        "US4443057A",
        "DE3240498A1",
        "JPS59114139A",
        "DE3248511A1",
        "US4460831A",
        "JPS59127200A",
        "CH644315A5",
        "US4464789A",
        "US4471228A",
        "US4481450A",
        "US4483011A",
        "US4485402A",
        "US4491390A",
        "US4495589A",
        "JPS6047737A",
        "DE3433671A1",
        "US4512637A",
        "JPS6078312A",
        "US4521804A",
        "US4529275A",
        "US4532550A",
        "US4538181A",
        "US4546551A",
        "JPS60206746A",
        "US4549208A",
        "JPS60219133A",
        "JPS60240545A",
        "JPS60255537A",
        "US4564833A",
        "US4566032A",
        "EP0169734A2",
        "US4571082A",
        "US4572619A",
        "JPS6141929A",
        "US4580875A",
        "EP0176615A1",
        "JPS6185238A",
        "US4587522A",
        "US4588041A",
        "JPS61105245A",
        "US4599544A",
        "US4600913A",
        "US4601053A",
        "US4603946A",
        "JPS61191937A",
        "WO1986005147A1",
        "US4614415A",
        "US4620141A",
        "DE3515116A1",
        "US4623222A",
        "JPS61260217A",
        "US4625329A",
        "EP0202460A2",
        "US4626850A",
        "JPS61285152A",
        "JPS61285151A",
        "US4629941A",
        "US4630109A",
        "US4632509A",
        "JPS621652A",
        "US4638287A",
        "JPS6216073A",
        "JPS6221010A",
        "JPS6226141A",
        "DE3528220A1",
        "US4645975A",
        "US4645320A",
        "US4647161A",
        "US4647975A",
        "US4653316A",
        "DE3535588A1",
        "JPS6280143A",
        "US4665321A",
        "JPS62115600A",
        "US4669825A",
        "US4671614A",
        "US4671615A",
        "US4672457A",
        "JPS62131837A",
        "US4676601A",
        "US4679077A",
        "US4681431A",
        "DE3601388A1",
        "US4688085A",
        "US4690508A",
        "US4692798A",
        "US4693788A",
        "US4697883A",
        "US4699484A",
        "US4701613A",
        "US4701022A",
        "JPS62253543A",
        "JPS62253546A",
        "JPS62287164A",
        "US4713685A",
        "US4717830A",
        "JPS6311446A",
        "US4727290A",
        "US4728804A",
        "US4731769A",
        "US4731669A",
        "US4741603A",
        "DE3637165A1",
        "DE3636946A1",
        "DE3642196A1",
        "US4755664A",
        "US4758883A",
        "FR2610401A1",
        "US4772942A",
        "US4779095A",
        "JPS63258237A",
        "JPS63258236A",
        "US4785280A",
        "WO1988009023A1",
        "US4789904A",
        "JPS63192788U",
        "US4793690A",
        "US4799267A",
        "US4805015A",
        "US4816828A",
        "US4817948A",
        "US4820933A",
        "DE3734066A1",
        "US4825232A",
        "JPH01123587A",
        "DE3737395A1",
        "US4833469A",
        "US4833534A",
        "DE3838365A1",
        "US4838650A",
        "US4839749A",
        "US4841348A",
        "GB2210835A",
        "US4843463A",
        "US4847489A",
        "US4849731A",
        "US4855822A",
        "US4859031A",
        "US4862037A",
        "US4863130A",
        "JPH01233129A",
        "US4867561A",
        "US4870264A",
        "JPH01242917A",
        "US4871917A",
        "US4872051A",
        "JPH01265400A",
        "EP0340735A2",
        "US4881019A",
        "EP0341985A2",
        "US4882565A",
        "US4882466A",
        "US4883349A",
        "US4884055A",
        "US4886960A",
        "US4891559A",
        "EP0348691A2",
        "US4892345A",
        "US4895790A",
        "US4896030A",
        "EP0353200A2",
        "US4899296A",
        "JPH0236417A",
        "US4900133A",
        "EP0354561A2",
        "US4905151A",
        "US4906940A",
        "JPH0268237A",
        "US4907870A",
        "US4910591A",
        "EP0360880A1",
        "EP0361914A2",
        "DE3833022A1",
        "US4916374A",
        "US4917477A",
        "JPH02117935A",
        "WO1990004528A1",
        "US4926346A",
        "DE3937576A1",
        "DE3839513A1",
        "DE3839512A1",
        "US4930742A",
        "US4931937A",
        "DE3840425A1",
        "US4937796A",
        "DE3844364A1",
        "JPH02190978A",
        "US4948246A",
        "US4949186A",
        "JPH02212232A",
        "US4954962A",
        "US4953305A",
        "DE9010196U1",
        "US4956591A",
        "EP0387817A2",
        "US4961625A",
        "US4963788A",
        "US4966441A",
        "FR2646383A1",
        "US4970589A",
        "US4970653A",
        "US4970509A",
        "US4971405A",
        "US4971430A",
        "DE4015927A1",
        "US4974078A",
        "US4975703A",
        "US4985847A",
        "US4987410A",
        "US4987357A",
        "JPH0314739A",
        "US4991054A",
        "US5001558A",
        "US5003339A",
        "US5003288A",
        "JPH0374231A",
        "CN2074262U",
        "DE3932216A1",
        "US5008946A",
        "US5008739A",
        "JPH0399952A",
        "US5012082A",
        "US5012335A",
        "US5012092A",
        "EP0426503A1",
        "US5016977A",
        "US5020114A",
        "US5027001A",
        "US5027200A",
        "US5027104A",
        "EP0433538A2",
        "US5031101A",
        "US5036437A",
        "US5044956A",
        "US5044706A",
        "DE4007646A1",
        "US5051906A",
        "US5050966A",
        "DE4107965A1",
        "EP0450553A2",
        "US5059947A",
        "US5059877A",
        "DE4111993A1",
        "EP0454516A1",
        "JPH03246413A",
        "EP0455524A1",
        "US5064274A",
        "DE4015959A1",
        "JPH03266739A",
        "EP0459433A1",
        "JPH03273953A",
        "JPH03282707A",
        "JPH03282709A",
        "DE4116255A1",
        "JPH03286399A",
        "US5075768A",
        "JPH042909A",
        "US5080309A",
        "US5081585A",
        "US5080207A",
        "US5086253A",
        "US5086510A",
        "DE4023952A1",
        "US5087969A",
        "EP0473866A2",
        "US5097362A",
        "DE4130010A1",
        "US5101351A",
        "US5100093A",
        "EP0477986A2",
        "EP0479271A2",
        "JPH04114587A",
        "JPH04127280A",
        "DE4032927A1",
        "DE4133882A1",
        "US5111289A",
        "JPH04137014A",
        "JPH04137112A",
        "DE4035956A1",
        "US5115398A",
        "US5113721A",
        "EP0487100A1",
        "EP0487332A2",
        "EP0487465A1",
        "US5121200A",
        "US5122957A",
        "US5124549A",
        "US5128769A",
        "JPH04194827A",
        "US5130709A",
        "EP0495508A2",
        "US5133605A",
        "EP0496411A2",
        "US5137238A",
        "JPH04238219A",
        "JPH04239400A",
        "JPH04242391A",
        "US5144685A",
        "JPH04250786A",
        "US5146340A",
        "US5148014A",
        "EP0505237A1",
        "FR2674201A1",
        "FR2674354A1",
        "US5153760A",
        "US5155775A",
        "US5155426A",
        "JPH04291405A",
        "US5159557A",
        "JPH04303047A",
        "US5160780A",
        "US5160971A",
        "US5161632A",
        "US5162861A",
        "US5162841A",
        "GB2255649A",
        "US5165108A",
        "EP0513476A1",
        "EP0514343A2",
        "US5166681A",
        "US5168378A",
        "US5170374A",
        "US5172317A",
        "US5173881A",
        "US5177685A",
        "US5177462A",
        "WO1993000647A2",
        "DE4122531A1",
        "JPH0516722A",
        "US5182502A",
        "DE4124654A1",
        "US5184956A",
        "US5185812A",
        "US5187383A",
        "EP0527665A1",
        "JPH0538977A",
        "US5189561A",
        "JPH0550883A",
        "EP0529346A2",
        "WO1993004556A1",
        "US5193000A",
        "US5193029A",
        "DE4137551A1",
        "EP0532379A1",
        "EP0533508A2",
        "JPH0577657A",
        "JPH0593981A",
        "US5204778A",
        "US5204536A",
        "US5208701A",
        "US5208750A",
        "DE4136427A1",
        "GB2261339A",
        "US5212468A",
        "US5214408A",
        "WO1993010550A1",
        "US5216408A",
        "JPH05137144A",
        "US5218414A",
        "WO1993011631A1",
        "US5220508A",
        "US5223907A",
        "GB2262829A",
        "EP0550397A1",
        "JPH05172638A",
        "GB9310728D0",
        "US5229941A",
        "DE4300941A1",
        "US5231379A",
        "US5230400A",
        "JPH05189694A",
        "US5233527A",
        "FR2687000A1",
        "US5235178A",
        "JPH05201298A",
        "US5234070A",
        "US5237249A",
        "JPH05213113A",
        "EP0558027A1",
        "DE4206142A1",
        "US5243524A",
        "US5245422A",
        "JPH05244596A",
        "US5246193A",
        "US5249126A",
        "US5249128A",
        "US5253050A",
        "US5253109A",
        "US5251680A",
        "EP0564858A2",
        "EP0567059A1",
        "DE4214223A1",
        "JPH05297141A",
        "JPH05298594A",
        "US5265172A",
        "JPH05313736A",
        "US5267160A",
        "US5266873A",
        "US5276389A",
        "JPH06927A",
        "US5285060A",
        "EP0582236A1",
        "JPH0640286A",
        "DE4231137A1",
        "US5289321A",
        "JPH0648247A",
        "US5289182A",
        "US5291424A",
        "DE4328304A1",
        "US5293162A",
        "DE4328902A1",
        "JPH0672234A",
        "EP0586857A1",
        "JPH0676200A",
        "US5298732A",
        "EP0588815A1",
        "US5301115A",
        "GB2271139A",
        "EP0590588A1",
        "DE4332612A1",
        "US5302956A",
        "EP0591743A1",
        "JPH06107035A",
        "US5305012A",
        "JPH06113215A",
        "US5307419A",
        "JPH06117924A",
        "US5309137A",
        "US5313072A",
        "JPH06150198A",
        "US5318143A",
        "DE4238599A1",
        "DE4337756A1",
        "JPH06162398A",
        "US5321556A",
        "DE4344485A1",
        "JPH06174845A",
        "US5325096A",
        "US5325386A",
        "US5327288A",
        "EP0605045A1",
        "JPH06191344A",
        "US5331312A",
        "EP0606586A1",
        "JPH06215291A",
        "US5336980A",
        "DE4304005A1",
        "JPH06229739A",
        "JPH06229759A",
        "US5341437A",
        "US5343206A",
        "GB2275452A",
        "WO1994019212A2",
        "US5345266A",
        "JPH06247246A",
        "US5347456A",
        "DE4407757A1",
        "DE4332836C1",
        "JPH06262963A",
        "JPH06267304A",
        "JPH06267303A",
        "JPH06270733A",
        "EP0617296A1",
        "JPH06275104A",
        "JPH06274626A",
        "JPH06276524A",
        "DE4411179A1",
        "USD351370S",
        "US5355118A",
        "JPH06289138A",
        "DE4412669A1",
        "JPH06295601A",
        "US5359666A",
        "JPH06310740A",
        "JPH06321007A",
        "US5367457A",
        "JPH06321010A",
        "JPH06324144A",
        "US5369590A",
        "EP0626654A2",
        "DE4418122A1",
        "JPH06332370A",
        "US5371535A",
        "JPH06337938A",
        "JPH06341821A",
        "FR2706211A1",
        "US5374852A",
        "US5373911A",
        "CN2185701Y",
        "US5379196A",
        "JPH072021A",
        "JPH072022A",
        "JPH074170A",
        "DE4423966A1",
        "JPH0725286A",
        "JPH0730149A",
        "US5386285A",
        "JPH0732936A",
        "JPH0732935A",
        "US5388048A",
        "JPH0737180A",
        "JPH0740782A",
        "JPH0746460A",
        "JPH0747878A",
        "JPH0752706A",
        "US5394333A",
        "EP0640903A1",
        "DE4428069A1",
        "JPH0757200A",
        "JPH0764632A",
        "US5398041A",
        "JPH0769125A",
        "EP0642950A1",
        "JPH0771916A",
        "JPH0778258A",
        "JPH0778240A",
        "DE4434698A1",
        "DE4336288C1",
        "US5406395A",
        "JPH07101291A",
        "US5408330A",
        "US5408346A",
        "JPH07105496A",
        "JPH07105487A",
        "US5410346A",
        "JPH07108873A",
        "JPH07108874A",
        "US5414461A",
        "US5414439A",
        "US5414257A",
        "JPH07125571A",
        "US5416478A",
        "US5416711A",
        "JPH07125570A",
        "EP0654392A1",
        "JPH07137574A",
        "JPH07141588A",
        "JPH07144577A",
        "DE4341409A1",
        "US5424952A",
        "DE4446452A1",
        "US5430431A",
        "US5430450A",
        "CN1104741A",
        "WO1995018979A1",
        "US5434927A",
        "US5434407A",
        "JPH07186818A",
        "US5436839A",
        "JPH07192192A",
        "CN2204254Y",
        "US5440428A",
        "EP0667708A1",
        "WO1995023082A1",
        "DE4403937A1",
        "US5448180A",
        "US5450057A",
        "JPH07239714A",
        "DE19505487A1",
        "US5451822A",
        "JPH07249128A",
        "US5457493A",
        "US5459660A",
        "EP0677428A1",
        "US5461357A",
        "US5461361A",
        "JPH07280563A",
        "US5465079A",
        "GB2289332A",
        "US5469298A",
        "US5471515A",
        "DE19518978A1",
        "US5473515A",
        "JPH07315122A",
        "US5475366A",
        "EP0687594A1",
        "US5481257A",
        "FR2721872A1",
        "US5482133A",
        "US5483168A",
        "US5483453A",
        "US5487116A",
        "BE1008142A7",
        "US5488496A",
        "WO1996002817A1",
        "JPH0840140A",
        "JPH0840138A",
        "JPH0843082A",
        "JPH0844999A",
        "US5493392A",
        "US5493269A",
        "JPH0850697A",
        "EP0697641A2",
        "US5498866A",
        "US5500766A",
        "US5508592A",
        "US5510983A",
        "US5515448A",
        "WO1996015921A1",
        "JPH08138036A",
        "WO1996018275A1",
        "US5528698A",
        "US5530771A",
        "US5529138A",
        "US5530330A",
        "JPH08166221A",
        "US5537003A",
        "WO1996021581A1",
        "US5539397A",
        "US5545960A",
        "US5555136A",
        "US5555503A",
        "US5555555A",
        "US5555312A",
        "JPH08235484A",
        "US5558123A",
        "US5559695A",
        "US5562336A",
        "US5566224A",
        "US5568316A",
        "US5568027A",
        "WO1996034365A1",
        "US5572315A",
        "US5574443A",
        "US5576687A",
        "JPH08320997A",
        "US5581464A",
        "WO1996038319A2",
        "US5582383A",
        "US5588123A",
        "WO1997001246A1",
        "US5594222A",
        "US5596319A",
        "US5596382A",
        "US5598164A",
        "EP0756968A1",
        "US5602457A",
        "DE19530617A1",
        "US5612883A",
        "US5614788A",
        "US5614885A",
        "US5615857A",
        "JPH0991596A",
        "US5619370A",
        "DE29703084U1",
        "US5627586A",
        "US5633944A",
        "US5634709A",
        "US5638116A",
        "US5642299A",
        "US5646612A",
        "US5648835A",
        "JP2630604B2",
        "WO1997029926A1",
        "US5661303A",
        "US5666028A",
        "US5668663A",
        "US5667896A",
        "US5673019A",
        "WO1997035743A1",
        "US5675489A",
        "US5677851A",
        "US5676484A",
        "US5680263A",
        "US5699057A",
        "US5699149A",
        "WO1997048134A1",
        "USD388107S",
        "US5710633A",
        "US5715093A",
        "JPH1038562A",
        "US5724316A",
        "JPH1063985A",
        "WO1998010246A1",
        "US5737226A",
        "WO1998014974A1",
        "JPH1090188A",
        "DE29805142U1",
        "JPH10134183A",
        "US5757949A",
        "US5760826A",
        "US5760828A",
        "US5760931A",
        "US5761094A",
        "US5764139A",
        "US5765940A",
        "JPH10171966A",
        "US5781437A",
        "US5781105A",
        "IE970014A1",
        "US5786772A",
        "US5790973A",
        "US5793420A",
        "US5793308A",
        "JPH10222792A",
        "US5798575A",
        "EP0860325A2",
        "US5808589A",
        "US5811888A",
        "CN1194056A",
        "JPH10261189A",
        "US5820097A",
        "EP0874331A2",
        "US5835614A",
        "US5835613A",
        "US5835255A",
        "US5837994A",
        "US5841126A",
        "US5844505A",
        "US5844682A",
        "US5845000A",
        "US5847755A",
        "US5848802A",
        "US5850176A",
        "US5850254A",
        "JPH1123305A",
        "US5867591A",
        "US5877897A",
        "US5878370A",
        "US5877707A",
        "EP0899157A1",
        "JPH1168538A",
        "JPH1169211A",
        "US5883684A",
        "US5884212A",
        "US5883193A",
        "JPH1178693A",
        "JPH1178717A",
        "JPH1178737A",
        "US5890083A",
        "US5890021A",
        "US5896085A",
        "US5899956A",
        "EP0913751A1",
        "WO1999023828A1",
        "US5904725A",
        "US5905457A",
        "US5912534A",
        "US5914815A",
        "DE19755008A1",
        "US5920367A",
        "US5922036A",
        "US5940120A",
        "US5938810A",
        "US5938320A",
        "US5942853A",
        "WO1999043242A1",
        "JPH11250228A",
        "US5956181A",
        "JPH11259634A",
        "US5959555A",
        "US5961571A",
        "US5963247A",
        "US5964822A",
        "EP0949818A2",
        "US5971552A",
        "US5982288A",
        "WO1999059100A1",
        "US5991427A",
        "US5990649A",
        "US5990469A",
        "CN1235913A",
        "US6001486A",
        "JPH11345392A",
        "US6009336A",
        "DE19829162A1",
        "JP2000016352A",
        "US6020704A",
        "US6028537A",
        "US6031484A",
        "US6037860A",
        "US6037975A",
        "WO2000015462A1",
        "JP2000085474A",
        "US6049171A",
        "US6052124A",
        "JP2000113374A",
        "US6057754A",
        "US6066933A",
        "US6084519A",
        "US6087953A",
        "US6091833A",
        "US6094198A",
        "EP1022903A2",
        "JP2000207575A",
        "US6097024A",
        "JP2000215299A",
        "US6100811A",
        "US6107939A",
        "US6124647A",
        "US6139172A",
        "US6140980A",
        "JP2000305136A",
        "JP2000311289A",
        "US6144022A",
        "US6144158A",
        "US6150014A",
        "US6150930A",
        "EP1058220A1",
        "US6158655A",
        "US6166628A",
        "EP1065642A2",
        "JP2001001832A",
        "US6172613B1",
        "US6175300B1",
        "US6176590B1",
        "EP1074430A1",
        "US6188939B1",
        "US6201642B1",
        "KR20010018981A",
        "US6211907B1",
        "JP2001092970A",
        "WO2001026332A2",
        "US6218934B1",
        "US6219444B1",
        "US6226061B1",
        "US6229319B1",
        "CA2392652A1",
        "US20010002451A1",
        "WO2001039018A1",
        "US6243003B1",
        "US6247819B1",
        "US6250148B1",
        "JP2001180401A",
        "US6259412B1",
        "JP2001188988A",
        "US6259423B1",
        "EP1115250A1",
        "US6266082B1",
        "US6266442B1",
        "US6278377B1",
        "US6281804B1",
        "WO2001064481A2",
        "US6291905B1",
        "US6292752B1",
        "US6294989B1",
        "WO2001070538A2",
        "US6297781B1",
        "WO2001077763A1",
        "WO2001080068A1",
        "WO2001080353A1",
        "JP2001297397A",
        "US6310611B1",
        "US6311119B2",
        "US6313454B1",
        "US6315421B1",
        "US6317057B1",
        "US6320282B1",
        "US6318870B1",
        "US6324450B1",
        "US6326613B1",
        "US6329925B1",
        "JP2001351107A",
        "US6333759B1",
        "EP1170173A2",
        "US20020005778A1",
        "US20020011611A1",
        "JP2002046506A",
        "US20020029103A1",
        "JP2002074339A",
        "JP2002079895A",
        "US6359392B1",
        "JP2002084533A",
        "US6362729B1",
        "US6366236B1",
        "JP2002099908A",
        "US6370329B1",
        "JP2002109699A",
        "US6389340B1",
        "US6388565B1",
        "US6388580B1",
        "US6396397B1",
        "US6396408B2",
        "JP2002175534A",
        "US6411328B1",
        "US6411204B1",
        "US20020080235A1",
        "US6420975B1",
        "US6424273B1",
        "JP2002211428A",
        "US6430303B1",
        "US6428172B1",
        "US6433817B1",
        "US20020113873A1",
        "US6441748B1",
        "US6442465B2",
        "US6445287B1",
        "US6445809B1",
        "US6449540B1",
        "WO2002071487A1",
        "US20020126002A1",
        "US6452148B1",
        "US20020135468A1",
        "US6466684B1",
        "US6472977B1",
        "US6477464B2",
        "US6477260B1",
        "US6485155B1",
        "JP2002341432A",
        "CN1383032A",
        "US6497503B1",
        "US6498620B2",
        "JP2003030665A",
        "US6513252B1",
        "US6516272B2",
        "JP2003076987A",
        "US6535242B1",
        "JP2003083742A",
        "US6539306B2",
        "US6540193B1",
        "JP3395289B2",
        "US20030070741A1",
        "US6553130B1",
        "JP2003123058A",
        "JP2003150938A",
        "US6570998B1",
        "US6574033B1",
        "US20030103142A1",
        "US6578017B1",
        "US6577334B1",
        "JP2003168197A",
        "JP2003178397A",
        "US6587968B1",
        "US20030125855A1",
        "US20030122930A1",
        "US6589625B1",
        "US20030128106A1",
        "US6594583B2",
        "US6593960B1",
        "US6593011B2",
        "US20030137586A1",
        "JP2003217099A",
        "WO2003065084A1",
        "US6611610B1",
        "US6614579B2",
        "JP2003248895A",
        "US6617564B2",
        "JP2003259361A",
        "US6627918B2",
        "JP2003281700A",
        "US20030191568A1",
        "US6631994B2",
        "US6636258B2",
        "US20030202683A1",
        "WO2003093857A2",
        "US20030209893A1",
        "US6650455B2",
        "US6648477B2",
        "US6674878B2",
        "US6672731B2",
        "US6674562B1",
        "WO2004004320A1",
        "JP2004001658A",
        "US6678590B1",
        "US6678056B2",
        "WO2004005073A2",
        "US6681163B2",
        "US6680792B2",
        "JP2004032460A",
        "US6700605B1",
        "US6703925B2",
        "US6704621B1",
        "DE10237554A1",
        "KR100412434B1",
        "US6710908B2",
        "US6711474B1",
        "US6714331B2",
        "US6717610B1",
        "US6728623B2",
        "US20040086153A1",
        "US6735506B2",
        "US6738088B1",
        "DE10251949A1",
        "JP2004146904A",
        "US20040096082A1",
        "US6741377B2",
        "US6744353B2",
        "US6754367B1",
        "US6757109B2",
        "US6762867B2",
        "US6764210B2",
        "US6765480B2",
        "US20040148063A1",
        "US20040146184A1",
        "US6774988B2",
        "US20040164228A1",
        "US6784828B2",
        "US6795221B1",
        "US6794119B2",
        "US6801127B2",
        "US6801244B2",
        "US6807287B1",
        "US6813545B2",
        "US6811330B1",
        "US6812463B2",
        "US6819231B2",
        "US6819779B1",
        "US6823261B2",
        "US6823241B2",
        "JP2004336613A",
        "JP2004355139A",
        "US6838980B2",
        "US6842189B2",
        "US6847487B2",
        "US6853738B1",
        "US20050036325A1",
        "US6859148B2",
        "US6861809B2",
        "US6864930B2",
        "US6873253B2",
        "US6882287B2",
        "US6888447B2",
        "US6889161B2",
        "US6898518B2",
        "DE4480341B4",
        "US20050131607A1",
        "US6909753B2",
        "US6914521B2",
        "JP2005182158A",
        "US6933837B2",
        "US6932669B2",
        "US6940423B2",
        "US6950035B2",
        "US20050226490A1",
        "US6956469B2",
        "WO2005098751A1",
        "WO2005098782A1",
        "US20050237385A1",
        "US6959994B2",
        "US6961661B2",
        "US6961178B2",
        "US6963661B1",
        "US6967569B2",
        "US6975775B2",
        "US6989736B2",
        "US6990397B2",
        "US6995687B2",
        "US7004606B2",
        "US7005974B2",
        "US7004593B2",
        "US20060050018A1",
        "US7023331B2",
        "US7027387B2",
        "US7027615B2",
        "US7030778B2",
        "US7030775B2",
        "US20060095175A1",
        "US20060103727A1",
        "US7057681B2",
        "US7057505B2",
        "US7062300B1",
        "US7065432B2",
        "US7068289B2",
        "US7068844B1",
        "US7085637B2",
        "US7085633B2",
        "US7091837B2",
        "US7095432B2",
        "US7106213B2",
        "US7110156B2",
        "US7110021B2",
        "US7113867B1",
        "US7116246B2",
        "US7121028B2",
        "US7123168B2",
        "US7133661B2",
        "US20060250224A1",
        "US20060250501A1",
        "EP1727089A2",
        "US7167796B2",
        "EP1748644A2",
        "EP1754179A1",
        "US7187498B2",
        "US7195381B2",
        "US7202987B2",
        "US7202776B2",
        "US20070104476A1",
        "US7221363B2",
        "US20070115357A1",
        "US7227611B2",
        "US7235918B2",
        "US20070154063A1",
        "US20070154068A1",
        "US7248283B2",
        "US7248344B2",
        "US7249860B2",
        "US7253723B2",
        "US7255451B2",
        "US20070193811A1",
        "US7271951B2",
        "EP1837803A2",
        "US20070229238A1",
        "US20070242339A1",
        "US7304661B2",
        "EP1887492A1",
        "US20080036576A1",
        "US20080043099A1",
        "US7337055B2",
        "US7338177B2",
        "US7339149B1",
        "US7362883B2",
        "US7360932B2",
        "US7370983B2",
        "US7375803B1",
        "EP1930863A2",
        "US20080147321A1",
        "US7403659B2",
        "US7420756B2",
        "US7423821B2",
        "US20080231710A1",
        "US20080234899A1",
        "US7429998B2",
        "US20080239393A1",
        "US7432248B2",
        "EP1978484A1",
        "US20080266396A1",
        "US7446924B2",
        "US7480149B2",
        "US7489374B2",
        "US7495719B2",
        "US20090066065A1",
        "US7525604B2",
        "US7526103B2",
        "US20090113509A1",
        "US7541743B2",
        "US7545429B2",
        "US7548291B2",
        "US20090182690A1",
        "US7567291B2",
        "US7566639B2",
        "US20090190015A1",
        "US20090201137A1",
        "EP2101258A1",
        "US20090243824A1",
        "US20090256938A1",
        "US7605856B2",
        "US20090300629A1",
        "US7629996B2",
        "US7633383B2",
        "US7639149B2",
        "US7650030B2",
        "US7653215B2",
        "US7655894B2",
        "US7663798B2",
        "US7676087B2",
        "EP2172873A2",
        "US7702133B2",
        "US7720580B2",
        "EP2187316A1",
        "US7724434B2",
        "US7742864B2",
        "US20100172547A1",
        "US7791694B2",
        "US7843451B2",
        "US7855778B2",
        "US7854514B2",
        "US7881496B2",
        "US7903335B2",
        "US7914187B2",
        "US7930160B1",
        "US7965357B2",
        "US7972045B2",
        "US20110219217A1",
        "US8017898B2",
        "US8027691B2",
        "EP2377094A1",
        "US8045760B2",
        "US20110280495A1",
        "EP2395472A1",
        "US20110307684A1",
        "US8120652B2",
        "US20120045112A1",
        "EP2431917A1",
        "EP2448251A2",
        "US8184159B2",
        "US20120140076A1",
        "CN102542256A",
        "US8224031B2",
        "US8233045B2",
        "US20120212593A1",
        "US20120233841A1",
        "US8288711B2",
        "US8289430B2",
        "US8300058B2",
        "US8305471B2",
        "US8308325B2",
        "US20120314071A1",
        "US8339526B2",
        "US8362883B2",
        "US8414137B2",
        "EP2602741A2",
        "US20130147957A1",
        "US20130169536A1",
        "EP2629242A1",
        "WO2013121357A1",
        "US20130271584A1",
        "EP2690548A1",
        "US20140033203A1",
        "EP2709020A1",
        "US20140122551A1",
        "US20140160244A1",
        "US20140198184A1",
        "JP6080953B2",
        "JP6079889B2",
        "JP6227318B2",
        "JP6266825B1",
        "JP6272245B2",
        "AT519193A1",
        "JP6414700B2"
    ],
    "citations_ftf": [
        "CH6446A",
        "US2827594A",
        "US3011580A",
        "US3141393A",
        "GB1098608A",
        "US3708231A",
        "US3601614A",
        "US3612666A",
        "US3665224A",
        "US3746430A",
        "US3845572A",
        "US3807832A",
        "US3811046A",
        "US3813540A",
        "US3862798A",
        "US3947095A",
        "US3962600A",
        "US4052712A",
        "SE400240B",
        "IT1117275B",
        "US4111720A",
        "JPS5539843Y2",
        "US4266856A",
        "JPS55156901U",
        "JPS6216073Y2",
        "JPS621652Y2",
        "JPS6311446Y2",
        "DE3142907A1",
        "JPS6138006Y2",
        "JPS6237623Y2",
        "JPS58122421U",
        "US6856873B2",
        "JPS64918Y2",
        "JPS59127200U",
        "US4571615A",
        "JPS6079889A",
        "JPH0347213B2",
        "JPS60174342A",
        "JPH0550883B2",
        "JPH0481524B2",
        "JPH052325B2",
        "JPS6272245A",
        "JPH0236035Y2",
        "JPH06927Y2",
        "JPS62115600U",
        "JPS62131837U",
        "JPS6370499U",
        "JPH0114700Y2",
        "JPH06258Y2",
        "US4847772A",
        "DE3713007A1",
        "JPH0538977Y2",
        "JPH074170Y2",
        "JPS6414700A",
        "JPH0648247Y2",
        "JPH0737180Y2",
        "JPH01168538A",
        "US4809440A",
        "JPH0539992Y2",
        "NO164253C",
        "JPH01275237A",
        "JPH0725286Y2",
        "JPH0740782Y2",
        "US5223814A",
        "JPH07105496B2",
        "JPH02308575A",
        "JPH0757200B2",
        "JPH072021Y2",
        "US5063603A",
        "JPH085644B2",
        "JPH0747878Y2",
        "US5072154A",
        "JPH0732935Y2",
        "JPH0410200A",
        "JPH0752706Y2",
        "JPH0746460Y2",
        "JP2508904B2",
        "JP2525191Y2",
        "US5414625A",
        "JP2582810Y2",
        "US5416318A",
        "JPH0679889A",
        "JPH0680953A",
        "JPH0630604U",
        "AU682335B2",
        "JP2900737B2",
        "JPH06227318A",
        "JP3569926B2",
        "JPH0778240B2",
        "JP3022033B2",
        "JP2576755B2",
        "JPH07927A",
        "US5883739A",
        "US5727187A",
        "JPH09330415A",
        "JP3874456B2",
        "FR2751593B1",
        "US5719551A",
        "US6249720B1",
        "DE19744720A1",
        "ES2184218T3",
        "JP3424808B2",
        "CN100339374C",
        "JP3776263B2",
        "US6116743A",
        "US7224324B2",
        "JP4953498B2",
        "US6528964B2",
        "US7543946B2",
        "US20030222982A1",
        "US6946978B2",
        "WO2004034183A2",
        "JP4175099B2",
        "CN1235913C",
        "CN1194056C",
        "US20050044065A1",
        "JP4114587B2",
        "USD513750S1",
        "USD517065S1",
        "US20060027697A1",
        "KR100998126B1",
        "US20090018512A1",
        "JP5080953B2",
        "JP5213113B2",
        "JP4291405B1",
        "RU2480668C2",
        "JP5313736B2",
        "US9959595B2",
        "JP5189694B1"
    ],
    "citedby_own": [],
    "citedby_ftf": [
        "US5910854A",
        "US5877897A",
        "US6822563B2",
        "US5668663A",
        "US6891563B2",
        "US7655894B2",
        "US8294975B2",
        "US6326613B1",
        "US6172613B1",
        "US6124886A",
        "US6445287B1",
        "US8288711B2",
        "US6329925B1",
        "US6693517B2",
        "US6477464B2",
        "EP1263626A2",
        "US7167796B2",
        "US7855755B2",
        "US7370983B2",
        "US6839903B1",
        "US7581859B2",
        "US7255451B2",
        "ES2287266T3",
        "US10298735B2",
        "US7146260B2",
        "US7697027B2",
        "US6882287B2",
        "AU2003225228A1",
        "US6918674B2",
        "US7329013B2",
        "EP1514246A4",
        "US7310177B2",
        "AU2003278863A1",
        "WO2004047421A2",
        "US7420756B2",
        "FR2857463B1",
        "US7446924B2",
        "US7308341B2",
        "JP2005182306A",
        "DE10360129A1",
        "US7526103B2",
        "US7881496B2",
        "US8903617B2",
        "US9327726B2",
        "US9550452B2",
        "US7529609B2",
        "US7239953B2",
        "US8437935B2",
        "US9878693B2",
        "US8954251B2",
        "JP2006143184A",
        "EP1827908B1",
        "US7720580B2",
        "US20150070319A1",
        "WO2006091025A1",
        "US9420423B1",
        "EP1883855B1",
        "US11242009B2",
        "US11498487B2",
        "DE102005032848A1",
        "US7804980B2",
        "JP4720383B2",
        "US8519837B2",
        "US20070052555A1",
        "US8520069B2",
        "WO2007053404A2",
        "DE102006007283B4",
        "JP4579169B2",
        "GB2436916B",
        "GB0718706D0",
        "WO2008024639A2",
        "US7937667B2",
        "KR100792512B1",
        "US7944371B2",
        "US8058977B2",
        "DE102006054326A1",
        "US8295542B2",
        "US8269834B2",
        "US8588464B2",
        "US8013780B2",
        "ITPR20070006A1",
        "US7748856B2",
        "JP4434234B2",
        "US7756602B2",
        "US8600656B2",
        "US8050458B2",
        "KR100910114B1",
        "US7914187B2",
        "EP2023265A1",
        "US8786704B2",
        "CN101369351A",
        "US8017898B2",
        "WO2009036176A1",
        "DE102007043935A1",
        "DE102007044536A1",
        "DE102007044535B4",
        "US7889086B2",
        "US8446470B2",
        "DE102007057744A1",
        "EP2215513B1",
        "IL187029A0",
        "TWI319362B",
        "US8370755B2",
        "JP2011512516A",
        "US8493191B2",
        "EP2256691B1",
        "US8154418B2",
        "US8310353B2",
        "FR2930834B1",
        "GB2460857A",
        "US8491137B2",
        "JP2010103487A",
        "US8389862B2",
        "TWI335280B",
        "US9487144B2",
        "US8482664B2",
        "DE102009050368A1",
        "US8503972B2",
        "EP2208967A1",
        "US8964032B2",
        "CN102379119B",
        "EP2401176B1",
        "US20100231715A1",
        "EP2411856B1",
        "US20100266326A1",
        "US11726332B2",
        "US9335604B2",
        "US9358924B1",
        "US8376595B2",
        "WO2011014497A1",
        "KR101735134B1",
        "EP2289737B1",
        "US9041806B2",
        "US11320571B2",
        "US10795160B1",
        "US11300795B1",
        "US20110218756A1",
        "US20120065937A1",
        "DE102009048066A1",
        "US20110102630A1",
        "KR101364080B1",
        "BR112012017726B1",
        "WO2011085489A1",
        "US8890955B2",
        "JP5696872B2",
        "US8447139B2",
        "BR112012026325A2",
        "CN102918435A",
        "DE102010016653A1",
        "TW201136782A",
        "US8258978B2",
        "US9269001B2",
        "JP5819420B2",
        "US9117123B2",
        "US8891784B2",
        "US8604937B2",
        "US8494447B2",
        "US8571752B2",
        "CN102686975A",
        "US8543289B2",
        "US8509982B2",
        "US20120086798A1",
        "US8463494B2",
        "DE102010043479B4",
        "DE112011103834T8",
        "US9900522B2",
        "US8540127B2",
        "US9264672B2",
        "DE102010056397A1",
        "US8996386B2",
        "US20120191291A1",
        "US9085261B2",
        "US20120224060A1",
        "US20120221188A1",
        "JP5031126B1",
        "US9274349B2",
        "US9194943B2",
        "WO2012145501A1",
        "WO2012145822A1",
        "WO2012145818A1",
        "WO2012145819A1",
        "US8908159B2",
        "JP2012244600A",
        "US8890674B2",
        "FR2976395B1",
        "EP2723069B1",
        "WO2012172526A1",
        "US10793067B2",
        "WO2013019707A1",
        "US9871971B2",
        "US9487159B2",
        "DE112012003221B4",
        "DE102011109387A1",
        "US8554468B1",
        "US10670876B2",
        "US20140204455A1",
        "WO2016020630A2",
        "US20130051040A1",
        "TWM424268U",
        "US20140218535A1",
        "US9681062B2",
        "US9599813B1",
        "US8634139B1",
        "US9366864B1",
        "US8736940B2",
        "US9715067B1",
        "US20130083997A1",
        "US9174574B2",
        "US9146898B2",
        "US9669755B2",
        "US8801245B2",
        "WO2013074604A2",
        "US10099614B2",
        "JP5633503B2",
        "US8781170B2",
        "WO2013086249A2",
        "DE102011121278A1",
        "WO2013102759A2",
        "US8687288B2",
        "JP5792091B2",
        "US10457209B2",
        "US10493916B2",
        "US8694224B2",
        "CA2998175C",
        "DE102012102317A1",
        "US10609335B2",
        "SE537888C2",
        "US9319637B2",
        "US9751465B2",
        "US8879139B2",
        "US10089537B2",
        "US8983135B2",
        "EP2859436B1",
        "US9124125B2",
        "US10090886B1",
        "US10992187B2",
        "US10128693B2",
        "US10381880B2",
        "US10199835B2",
        "US9939864B1",
        "US10128699B2",
        "US9867062B1",
        "US10148097B1",
        "US10211682B2",
        "US9887739B2",
        "US10050462B1",
        "US9912199B2",
        "US10218227B2",
        "US9941754B2",
        "US9876648B2",
        "US9859756B2",
        "US10141791B2",
        "US20150326070A1",
        "US10008889B2",
        "US9891669B2",
        "US9900057B2",
        "US10270261B2",
        "US20140008993A1",
        "US9831718B2",
        "US10063064B1",
        "US10038337B1",
        "US9812890B1",
        "US9853692B1",
        "US10124754B1",
        "US10992185B2",
        "US10075008B1",
        "US9825674B1",
        "US9859797B1",
        "US9966765B1",
        "US10063106B2",
        "US9838083B2",
        "US9973021B2",
        "US9893554B2",
        "US10206185B2",
        "US9887584B1",
        "US10141768B2",
        "US10224758B2",
        "US10205239B1",
        "US11502551B2",
        "US9899873B2",
        "US10103582B2",
        "US10211674B1",
        "US10291055B1",
        "US9906065B2",
        "US10312715B2",
        "US10256657B2",
        "US10211680B2",
        "US9824815B2",
        "US9954374B1",
        "US9143000B2",
        "US9893555B1",
        "US9882430B1",
        "US9876379B1",
        "US9941707B1",
        "US10263432B1",
        "US10223717B1",
        "US10291066B1",
        "US9787103B1",
        "US9847679B2",
        "US10230266B1",
        "US9991741B1",
        "US9893768B2",
        "US10090699B1",
        "US9806564B2",
        "US10199849B1",
        "US9876394B1",
        "US10243414B1",
        "US9843213B2",
        "US9793758B2",
        "US9948135B2",
        "US9859757B1",
        "US10063105B2",
        "US10965164B2",
        "US9252628B2",
        "US9847677B1",
        "US10186913B2",
        "US10439448B2",
        "US10193396B1",
        "US9843201B1",
        "US10224982B1",
        "US9871398B1",
        "US9882427B2",
        "US9853458B1",
        "US9368020B1",
        "US9923386B1",
        "US9438045B1",
        "US9899861B1",
        "US9941747B2",
        "US8917437B2",
        "WO2014022630A1",
        "US20150208004A1",
        "US9340227B2",
        "DE102013217430A1",
        "US8996228B1",
        "US9195914B2",
        "US9056395B1",
        "US9199574B2",
        "US9323137B1",
        "US8831813B1",
        "US9446713B2",
        "US9558409B2",
        "WO2014052898A1",
        "US10272848B2",
        "US9723272B2",
        "US9707896B2",
        "TWI545041B",
        "US20150016666A1",
        "US9933684B2",
        "US9743002B2",
        "US9090234B2",
        "EP2923876B1",
        "WO2014083649A1",
        "US10025994B2",
        "US9481301B2",
        "US9020730B2",
        "EP2746833A1",
        "US20140192194A1",
        "US8880273B1",
        "JP5772841B2",
        "US20140218529A1",
        "US9092986B2",
        "US8995721B1",
        "US9445057B2",
        "US10315220B2",
        "US9216691B2",
        "US9499114B2",
        "US9688200B2",
        "US9092984B2",
        "US9758099B2",
        "EP2972478B1",
        "US10027930B2",
        "JP2014194504A",
        "US9958228B2",
        "US10764542B2",
        "US9327693B2",
        "US9674413B1",
        "JP2014225245A",
        "US9121944B2",
        "US10232797B2",
        "JP2014220622A",
        "US9537357B2",
        "US9419443B2",
        "US9538382B2",
        "US9866279B2",
        "US9819230B2",
        "US9280202B2",
        "US9563951B2",
        "US9205776B2",
        "US10103552B1",
        "US10567705B2",
        "US10003211B1",
        "US10063782B2",
        "US9260095B2",
        "US20140375476A1",
        "CN104276082A",
        "US10021523B2",
        "US9267784B2",
        "CN104331703A",
        "US9979440B1",
        "WO2015015138A1",
        "US9031624B2",
        "US10326969B2",
        "US9619716B2",
        "US9159371B2",
        "US9253452B2",
        "US10075681B2",
        "WO2015022567A1",
        "US10390732B2",
        "EP3036132B1",
        "US9619720B2",
        "US9557179B2",
        "EP2840007B1",
        "US9371002B2",
        "US9855986B2",
        "DE102013217223A1",
        "US9834184B2",
        "US9125020B2",
        "US10908417B2",
        "DE202014010751U1",
        "DE102013219909A1",
        "KR101805585B1",
        "US9487161B2",
        "KR101507242B1",
        "US9451138B2",
        "JP2015096377A",
        "KR101794821B1",
        "US9251709B2",
        "US9499139B2",
        "US9988047B2",
        "AU2014202744B2",
        "DE102013114302A1",
        "US9421903B2",
        "US9658061B2",
        "US9531967B2",
        "US9511715B2",
        "US10160382B2",
        "US9935482B1",
        "US10075017B2",
        "WO2015123791A1",
        "US9749509B2",
        "EP3119643B1",
        "US9244280B1",
        "JP6267558B2",
        "KR101894262B1",
        "US9623878B2",
        "US11161457B2",
        "JP6020507B2",
        "US9609046B2",
        "US9966784B2",
        "US10158257B2",
        "US10153645B1",
        "US9973008B1",
        "US10170917B1",
        "US10153653B1",
        "US9800172B1",
        "US9896039B2",
        "US9876536B1",
        "US9437111B2",
        "US10328932B2",
        "US9558419B1",
        "US9892337B1",
        "US9563814B1",
        "US9760776B1",
        "US9600733B1",
        "US9589202B1",
        "US10572758B1",
        "US10515285B2",
        "US9818154B1",
        "US9773184B1",
        "US10733471B1",
        "US9594971B1",
        "US9589201B1",
        "US9779318B1",
        "US9754171B1",
        "US10540564B2",
        "US10579892B1",
        "US9607236B1",
        "US10867327B1",
        "US10068703B1",
        "US9871301B2",
        "US10116143B1",
        "US9576478B2",
        "US10359736B2",
        "US9336448B2",
        "US9917477B1",
        "US9965009B1",
        "US9321461B1",
        "EP3194853B1",
        "EP3191869B1",
        "US9761144B2",
        "US9925980B2",
        "WO2016042283A1",
        "WO2016044746A1",
        "DE102014014662A1",
        "KR101583986B1",
        "US10088675B1",
        "US9248834B1",
        "US9426377B2",
        "DE102014015075B4",
        "TWI606342B",
        "EP3215398B1",
        "EP3018027B1",
        "EP3218227B1",
        "US9405120B2",
        "GB201420988D0",
        "JP2016109434A",
        "KR101997815B1",
        "USD746744S1",
        "US10713506B2",
        "US9946940B2",
        "WO2016103258A1",
        "US10122415B2",
        "US9744907B2",
        "US9168869B1",
        "KR102506561B1",
        "US9428185B2",
        "US9305463B1",
        "WO2016113534A1",
        "US9916660B2",
        "US10247941B2",
        "US9720278B2",
        "DE102015101017B4",
        "JP6661883B2",
        "US9632226B2",
        "US9893535B2",
        "US9561806B2",
        "US9764744B2",
        "US10115024B2",
        "US9588340B2",
        "US20160267335A1",
        "US10286855B2",
        "US9718405B1",
        "JP6393653B2",
        "JP6350374B2",
        "CN107531183B",
        "US10946799B2",
        "US9539901B1",
        "US20160328962A1",
        "US10449899B2",
        "JP6292167B2",
        "JP6187534B2",
        "US20170372143A1",
        "US10126552B2",
        "KR102050315B1",
        "US9841259B2",
        "JP6319187B2",
        "JP6396850B2",
        "US9676386B2",
        "US9836895B1",
        "EP3310618A4",
        "US10013883B2",
        "US10419723B2",
        "US10108010B2",
        "KR101843773B1",
        "BE1023147B1",
        "FR3038770B1",
        "US10214206B2",
        "US10192277B2",
        "CN105517675B",
        "US10078789B2",
        "US10691958B1",
        "JP2017034453A",
        "CN105354568A",
        "EP3136291A1",
        "US10523033B2",
        "US9906275B2",
        "US10211685B2",
        "US10158259B1",
        "US9871387B1",
        "US9941752B2",
        "US10778041B2",
        "US10199850B2",
        "US10008875B1",
        "US10186893B2",
        "US9893538B1",
        "US11710321B2",
        "DE102015012362A1",
        "US10135294B1",
        "US10027168B2",
        "US10135295B2",
        "US10153660B1",
        "US10033222B1",
        "US10050470B1",
        "US10128686B1",
        "US10020678B1",
        "US10331956B2",
        "US10486600B1",
        "CN113759555A",
        "US10333332B1",
        "US10734717B2",
        "RU2704773C1",
        "US10187590B2",
        "US9899744B1",
        "US9853485B2",
        "USD798207S1",
        "EP3368374A4",
        "USD797627S1",
        "EP3368375B1",
        "USD800618S1",
        "US10135112B1",
        "US10063108B1",
        "US10027180B1",
        "WO2017078184A1",
        "CN208093734U",
        "TWI566217B",
        "NL2015843B1",
        "US10144419B2",
        "CN105512684B",
        "DE102016125412B4",
        "US10320446B2",
        "JP2017188867A",
        "US10079515B2",
        "US10027159B2",
        "US10027158B2",
        "US10038332B1",
        "US10256677B2",
        "US10008886B2",
        "DE102015122997A1",
        "US10598932B1",
        "CN110749866A",
        "US9630555B1",
        "JP6659379B2",
        "DE112017000573T5",
        "US9937923B2",
        "US10906463B2",
        "US10904474B2",
        "DE102017102284A1",
        "DE102017102559A1",
        "JP6552979B2",
        "US10160437B2",
        "US20170253237A1",
        "US10055651B2",
        "US10077007B2",
        "US9809152B2",
        "US20170274832A1",
        "CN108780224B",
        "JP2019047141A",
        "USD845851S1",
        "TWI579675B",
        "CN207098068U",
        "WO2017178781A1",
        "US10112610B2",
        "US10325339B2",
        "DE102016207273B4",
        "JP2019054315A",
        "USD817238S1",
        "US10631373B2",
        "CN107452217B",
        "US10025138B2",
        "WO2017213911A1",
        "DE102017208663A1",
        "USD811413S1",
        "US20170362860A1",
        "US10300844B2",
        "US10332389B2",
        "DE102016009459A1",
        "US20180043903A1",
        "CN106226905B",
        "US10380439B2",
        "US10650621B1",
        "US10521675B2",
        "DE102016118538A1",
        "JP6607163B2",
        "DE102016220997A1",
        "US10923954B2",
        "US11249544B2",
        "JP6504145B2",
        "US11513350B2",
        "USD809984S1",
        "KR102185600B1",
        "JP6804965B2",
        "USD854473S1",
        "US10296794B2",
        "US20180191966A1",
        "JP6918944B2",
        "US10545346B2",
        "US10439442B2",
        "US10389161B2",
        "US10680319B2",
        "CN110115029B",
        "US10440249B2",
        "US10936884B2",
        "US10295824B2",
        "JP6882904B2",
        "US10607094B2",
        "US11142200B2",
        "US10423843B2",
        "US10911725B2",
        "US10067509B1",
        "US10671873B2",
        "US10311312B2",
        "US10147193B2",
        "US9953236B1",
        "US11587304B2",
        "IT201700028708A1",
        "CN110312641A",
        "JP6680254B2",
        "JP2018164252A",
        "JP6940969B2",
        "US11011942B2",
        "US10471963B2",
        "US9952594B1",
        "US10710592B2",
        "CN108695585B",
        "US10608345B2",
        "JP7020677B2",
        "US10838422B2",
        "CN108736166B",
        "US10552691B2",
        "US10225910B2",
        "WO2018207796A1",
        "WO2018207838A1",
        "US10511097B2",
        "DE102017110407A1",
        "US11462949B2",
        "US10481044B2",
        "US10558864B2",
        "US9961306B1",
        "US10474790B2",
        "US10391931B2",
        "US10762635B2",
        "US10948922B2",
        "US10848853B2",
        "JP2019009779A",
        "JP7103860B2",
        "US10547122B2",
        "US10390001B2",
        "CN107264529B",
        "DE102018115610A1",
        "US10303522B2",
        "US10752246B2",
        "US10493988B2",
        "US10737695B2",
        "US10308242B2",
        "JP2019015278A",
        "DE102017212607A1",
        "US10360257B2",
        "US11029693B2",
        "US10377212B2",
        "JP7294608B2",
        "US10816354B2",
        "US10762673B2",
        "US10303956B2",
        "US10565457B2",
        "US10678234B2",
        "US10783381B2",
        "DE102017215347A1",
        "US10656644B2",
        "US10953881B2",
        "US10782693B2",
        "JP2019050568A",
        "US10953880B2",
        "US10877148B2",
        "US10962638B2",
        "US10962641B2",
        "US10782694B2",
        "US11150342B2",
        "US10649458B2",
        "US10552979B2",
        "US10671083B2",
        "US10387736B2",
        "US10733465B2",
        "US10933798B2",
        "US10984557B2",
        "DE102017217256A1",
        "US10962979B2",
        "US10970564B2",
        "US10768626B2",
        "US10671868B2",
        "US10410055B2",
        "US10122219B1",
        "JP2019071607A",
        "CN111386495B",
        "US11130449B2",
        "US10739775B2",
        "US10666730B2",
        "US10812589B2",
        "US11342798B2",
        "US10967862B2",
        "US10528823B2",
        "US10657390B2",
        "US10528851B2",
        "US10860018B2",
        "US10877476B2",
        "JP6962161B2",
        "JP6922706B2",
        "US10363943B2",
        "US10732569B2",
        "US20190210570A1",
        "WO2019136476A1",
        "WO2019140005A1",
        "CN111989716B",
        "US10860020B2",
        "TWM563372U",
        "US10615647B2",
        "CN110162028A",
        "CN110164166B",
        "US11009356B2",
        "US11009365B2",
        "US10685244B2",
        "CA3093836A1",
        "JP7199150B2",
        "US11727794B2",
        "US11159057B2",
        "US10685239B2",
        "US11059421B2",
        "US10997429B2",
        "CN110378185A",
        "US10404909B1",
        "US10812712B2",
        "US20210387573A1",
        "US10803743B2",
        "CN110458854B",
        "US10493900B2",
        "DE102018111239A1",
        "FR3081595B1",
        "US11104334B2",
        "JP7143636B2",
        "JP7298808B2",
        "US11515732B2",
        "WO2020023779A1",
        "EP3605383A1",
        "US11124130B2",
        "US11024137B2",
        "CN109017566A",
        "US11017483B2",
        "US11164287B2",
        "US11091087B2",
        "US10932336B2",
        "US11011100B2",
        "US10839234B2",
        "US11292480B2",
        "US10595176B1",
        "KR20210088581A",
        "KR102483649B1",
        "TW202037229A",
        "US10796402B2",
        "US11683911B2",
        "US11249487B2",
        "US10942271B2",
        "US11437735B2",
        "US10928828B2",
        "CN111446530A",
        "CN109637142A",
        "WO2020160015A1",
        "US11220255B2",
        "US11018779B2",
        "US11609304B2",
        "EP3924759A4",
        "JP2022525165A",
        "JP7043450B2",
        "CN111275661B",
        "US10688915B1",
        "JP7203205B2",
        "US11135883B2",
        "JP7115420B2",
        "WO2020247930A1",
        "DE102019208763A1",
        "CN110309741B",
        "JP7243478B2",
        "EP3912131A4",
        "EP4004646A4",
        "CN114450608A",
        "WO2021067380A1",
        "US11338735B2",
        "US10893183B1",
        "US11260752B2",
        "US11383715B2",
        "US11151366B2",
        "US11390209B2",
        "US20210347360A1",
        "US11429176B2",
        "CN111516594A",
        "WO2021242814A1",
        "EP4158278A1",
        "AU2021203567A1",
        "US20220005210A1",
        "US11724707B2",
        "KR102267517B1",
        "US11749105B2",
        "US20220113731A1",
        "JP7363749B2",
        "DE102020130993A1",
        "US20220176957A1",
        "JP2022100063A",
        "CN112863146B",
        "KR20220112335A",
        "TWI748863B",
        "DE102021201550A1",
        "US20220388507A1",
        "CN113511202A",
        "US11790776B1"
    ]
}