{
    "patent_id": "US-11310254-B2",
    "title": "Network anomaly detection ",
    "assignee": "Palantir Technologies Inc.",
    "publication_date": "2022-04-19",
    "patent_link": "https://patents.google.com/patent/US11310254B2/en",
    "inventors": [
        "Maxim Kesin",
        "Samuel Jones"
    ],
    "classifications": [
        "H04L63/1425",
        "G06N7/005",
        "G06N7/01",
        "H04L61/2007",
        "H04L61/5007",
        "H04L63/083",
        "H04L63/12",
        "H04L63/1416",
        "H04L67/22",
        "H04L67/535",
        "H04L2463/143"
    ],
    "abstract": "A security system detects anomalous activity in a network. The system logs user activity, which can include ports used, compares users to find similar users, sorts similar users into cohorts, and compares new user activity to logged behavior of the cohort. The comparison can include a divergence calculation. Origins of user activity can also be used to determine anomalous network activity. The hostname, username, IP address, and timestamp can be used to calculate aggregate scores and convoluted scores.",
    "claims": "\n1. A computer system comprising:\none or more non-transitory computer readable storage mediums having program instructions embodied thereon; and\none or more processors configured to execute the program instructions to cause the computer system to:\nreceive network activity information associated with a plurality of users, wherein the network activity information includes at least indications of resources accessed by the plurality of users;\ndetermine, for each for the resources accessed, and based at least in part on the network activity information, respective inverse user frequency scale factors;\ncalculate similarity scores for the plurality of users based at least in part on the network activity information and the relevant inverse user frequency scale factors;\nsort the plurality of users into a plurality of cohorts based at least in part on the similarity scores;\nreceive new first network activity information associated with a first user of the plurality of users, wherein the first user is associated with a first cohort of the plurality of cohorts; and\ndetermine, based at least in part on a comparison between at least a portion of the first network activity information and network activity information associated with the first cohort, that the first network activity information associated with the first user is anomalous.\n2. The computer system of claim 1, wherein the one or more processors are further configured to execute the program instructions to further cause the computer system to:\nanalyze the network activity information to determine any distributed resources among the resources accessed by the plurality of users,\nwherein any multiple resources accessed that comprise a single distributed resources are considered a single resource accessed by the plurality of users for the purposes of determining inverse user frequency scale factors, determining similarity scores, and determining that new network activity is anomalous.\n3. The computer system of claim 1, wherein the respective inverse user frequency scale factors are calculated, for each respective resource accessed, by dividing the number of accesses by the number of users, and subtracting the result from one.\n4. The computer system of claim 1, wherein the respective inverse user frequency scale factors are calculated, for each respective resource accessed, by dividing the number of users by the number of accesses, and taking the log of the result.\n5. The computer system of claim 1, the similarity scores are calculated at least in part by determining at least one of: Jaccard similarity scores, or cosine similarity scores.\n6. The computer system of claim 1, wherein the one or more processors are further configured to execute the program instructions to further cause the computer system to:\ndetermine, based at least in part on a comparison between at least a portion of the first network activity information and previous network activity information associated with the first user, that the first network activity information associated with the first user is not anomalous.\n7. The computer system of claim 1, the plurality of users are sorted into the plurality of cohorts further based at least in part on user information associated with the users.\n8. A computer-implemented method comprising:\nby one or more processors executing program instructions:\nreceiving network activity information associated with a plurality of users, wherein the network activity information includes at least indications of resources accessed by the plurality of users;\ndetermining, for each for the resources accessed, and based at least in part on the network activity information, respective inverse user frequency scale factors;\ncalculating similarity scores for the plurality of users based at least in part on the network activity information and the relevant inverse user frequency scale factors;\nsorting the plurality of users into a plurality of cohorts based at least in part on the similarity scores;\nreceiving new first network activity information associated with a first user of the plurality of users, wherein the first user is associated with a first cohort of the plurality of cohorts; and\ndetermining, based at least in part on a comparison between at least a portion of the first network activity information and network activity information associated with the first cohort, that the first network activity information associated with the first user is anomalous.\n9. The computer-implemented method of claim 8 further comprising:\nby the one or more processors executing program instructions:\nanalyzing the network activity information to determine any distributed resources among the resources accessed by the plurality of users,\nwherein any multiple resources accessed that comprise a single distributed resources are considered a single resource accessed by the plurality of users for the purposes of determining inverse user frequency scale factors, determining similarity scores, and determining that new network activity is anomalous.\n10. The computer-implemented method of claim 8, wherein the respective inverse user frequency scale factors are calculated, for each respective resource accessed, by dividing the number of accesses by the number of users, and subtracting the result from one.\n11. The computer-implemented method of claim 8, wherein the respective inverse user frequency scale factors are calculated, for each respective resource accessed, by dividing the number of users by the number of accesses, and taking the log of the result.\n12. The computer-implemented method of claim 8, the similarity scores are calculated at least in part by determining at least one of: Jaccard similarity scores, or cosine similarity scores.\n13. The computer-implemented method of claim 8 further comprising:\nby the one or more processors executing program instructions:\ndetermining, based at least in part on a comparison between at least a portion of the first network activity information and previous network activity information associated with the first user, that the first network activity information associated with the first user is not anomalous.\n14. The computer-implemented method of claim 8, the plurality of users are sorted into the plurality of cohorts further based at least in part on user information associated with the users.\n15. A non-transitory computer readable storage medium storing computer executable instructions configured for execution by one or more hardware processors of a computer system to cause the computer system to:\nreceive network activity information associated with a plurality of users, wherein the network activity information includes at least indications of resources accessed by the plurality of users;\ndetermine, for each for the resources accessed, and based at least in part on the network activity information, respective inverse user frequency scale factors;\ncalculate similarity scores for the plurality of users based at least in part on the network activity information and the relevant inverse user frequency scale factors;\nsort the plurality of users into a plurality of cohorts based at least in part on the similarity scores;\nreceive new first network activity information associated with a first user of the plurality of users, wherein the first user is associated with a first cohort of the plurality of cohorts; and\ndetermine, based at least in part on a comparison between at least a portion of the first network activity information and network activity information associated with the first cohort, that the first network activity information associated with the first user is anomalous.",
    "status": "Active",
    "citations_own": [
        "US20070226803A1",
        "US20120173710A1",
        "US20130097709A1",
        "US20150026027A1",
        "US9407652B1"
    ],
    "citations_ftf": [
        "US5437032A",
        "US5560005A",
        "US5872973A",
        "US6366933B1",
        "US5897636A",
        "US6477527B2",
        "US5978475A",
        "US7047415B2",
        "US7017046B2",
        "US6073129A",
        "US6510504B2",
        "US6243717B1",
        "US6161098A",
        "US6253203B1",
        "US6418438B1",
        "US7111231B1",
        "US6574635B2",
        "US6304873B1",
        "US6560620B1",
        "US6976210B1",
        "US7630986B1",
        "US7216115B1",
        "US7194680B1",
        "US20040117387A1",
        "US7069586B1",
        "US6745382B1",
        "US6725240B1",
        "US6807569B1",
        "US7487130B2",
        "DE60124657T2",
        "US7058648B1",
        "US20060265397A1",
        "US7013395B1",
        "JP3842573B2",
        "US6980984B1",
        "US20040128508A1",
        "EP1451702A4",
        "US6877136B2",
        "US7475242B2",
        "WO2003058457A1",
        "US20030172291A1",
        "AU2003223379A1",
        "US7426559B2",
        "US7539680B2",
        "US7965842B2",
        "US7461158B2",
        "US7076508B2",
        "US7472421B2",
        "US8359650B2",
        "WO2004036461A2",
        "US20040078251A1",
        "US20040123139A1",
        "US20040148301A1",
        "US20040153418A1",
        "WO2004075006A2",
        "US7886236B2",
        "US7681235B2",
        "US8065725B2",
        "KR20060065633A",
        "US7139772B2",
        "US8190893B2",
        "US8627489B2",
        "US7324995B2",
        "US7287689B2",
        "US20050125295A1",
        "US20050157662A1",
        "US7596285B2",
        "WO2005098564A1",
        "EP1589716A1",
        "US7225468B2",
        "EP1782371A4",
        "US20060021049A1",
        "US20060031928A1",
        "WO2006018843A2",
        "US20060074881A1",
        "US20060080316A1",
        "GB0422750D0",
        "US7574409B2",
        "US7418461B2",
        "US8200700B2",
        "US8271436B2",
        "WO2006094228A2",
        "US8646080B2",
        "US20060242630A1",
        "US7725728B2",
        "US7676845B2",
        "US20060218491A1",
        "US8145686B2",
        "US7743421B2",
        "US20060265324A1",
        "US7801871B2",
        "US20070050429A1",
        "US8095984B2",
        "US8032885B2",
        "US7730109B2",
        "US7730082B2",
        "US7725530B2",
        "US8185819B2",
        "US7606844B2",
        "US7792809B2",
        "US20070143851A1",
        "US8698809B2",
        "US7818279B2",
        "US20120198489A1",
        "US7752123B2",
        "US8539586B2",
        "US7891003B2",
        "KR101380936B1",
        "US7840525B2",
        "US8943332B2",
        "US8229902B2",
        "US7792868B2",
        "US7962495B2",
        "US8126848B2",
        "US8196184B2",
        "US8930331B2",
        "US8006094B2",
        "US7873557B2",
        "US20080222706A1",
        "US8959568B2",
        "US20090164387A1",
        "US8312546B2",
        "US7644238B2",
        "US20120084866A1",
        "US9489216B2",
        "FR2921779B1",
        "US20090106308A1",
        "US8010886B2",
        "TWI366114B",
        "JP4585579B2",
        "US8214364B2",
        "US8688622B2",
        "US7962458B2",
        "US8301593B2",
        "FI127113B",
        "US8429614B2",
        "US8301904B1",
        "US8689335B2",
        "US8295898B2",
        "US20100024017A1",
        "US8321958B1",
        "US8037040B2",
        "JP4612715B2",
        "US8041714B2",
        "US8387110B1",
        "US8667583B2",
        "US20100114887A1",
        "US8108933B2",
        "US8881288B1",
        "US8306947B2",
        "US7974943B2",
        "US10002161B2",
        "US8204859B2",
        "KR101207510B1",
        "CA2747786C",
        "US9576119B2",
        "US11075754B2",
        "US20100262688A1",
        "US8886689B2",
        "EP2221733A1",
        "US8078825B2",
        "US20100235915A1",
        "CN101729531B",
        "US8239668B1",
        "KR101076887B1",
        "CA2709498A1",
        "EP2284769B1",
        "US20110047540A1",
        "US8560854B2",
        "US20110184813A1",
        "US9049117B1",
        "WO2011063269A1",
        "US20110202555A1",
        "US8595789B2",
        "US8863279B2",
        "US8572023B2",
        "US8782794B2",
        "US10198463B2",
        "US8880203B2",
        "US20110295982A1",
        "US20110296003A1",
        "US8533319B2",
        "EP2596430B1",
        "US8661335B2",
        "US9215548B2",
        "EP2712145A1",
        "US8615605B2",
        "KR101425107B1",
        "CN102467596B",
        "US8438185B2",
        "US20120136804A1",
        "US9378294B2",
        "US8438473B2",
        "US8719188B2",
        "US9645986B2",
        "US8434150B2",
        "US9449010B2",
        "US20150229664A1",
        "US8839434B2",
        "RU2477929C2",
        "US9038172B2",
        "US9047441B2",
        "US8799190B2",
        "US9092482B2",
        "US8799240B2",
        "US8640246B2",
        "US8584242B2",
        "US8726379B1",
        "US9280532B2",
        "US8504542B2",
        "US20130091052A1",
        "US8849776B2",
        "US9183407B2",
        "US8904506B1",
        "KR101575282B1",
        "US20130151388A1",
        "US9195777B2",
        "US9117076B2",
        "US20150047026A1",
        "US8931043B2",
        "US20130275416A1",
        "EP2662782A1",
        "WO2013177311A1",
        "US20140013451A1",
        "WO2014028942A2",
        "US8925082B2",
        "US8676857B1",
        "US9081975B2",
        "US8914886B2",
        "US20140143009A1",
        "US8881259B2",
        "US9323935B2",
        "US9401924B2",
        "US9195506B2",
        "US9659085B2",
        "US9654358B2",
        "US10339157B2",
        "US8959657B2",
        "US10290058B2",
        "US9230280B1",
        "CN103281301B",
        "US9589043B2",
        "US9335897B2",
        "US9401925B1",
        "US9787760B2",
        "US9319419B2",
        "US9116975B2",
        "US9392007B2",
        "US9338013B2",
        "US8832832B1",
        "FR3016218B1",
        "US9043696B1",
        "US9836502B2",
        "US20150235152A1",
        "US9009827B1",
        "US20150248563A1",
        "US9762603B2",
        "US9021260B1",
        "US9785773B2",
        "US9419992B2",
        "US9454281B2",
        "US20170302531A1",
        "US9467455B2",
        "US9537880B1",
        "US9454564B1",
        "US10044745B1",
        "GB201621434D0"
    ],
    "citedby_own": [],
    "citedby_ftf": [
        "US10262324B2",
        "US10404729B2",
        "US10298614B2",
        "US10949514B2",
        "US10728761B2",
        "US10949757B2",
        "US10621585B2",
        "US10586036B2",
        "US11269977B2",
        "US11223619B2",
        "US10776476B2",
        "US20190158535A1",
        "US10474815B2",
        "US10069837B2",
        "US10917431B2",
        "US10834590B2",
        "US10897482B2",
        "US10685355B2",
        "US10164985B2",
        "US10747305B2",
        "US10970394B2",
        "US11210674B2",
        "US9241010B1",
        "US9419992B2",
        "GB2539705B",
        "US9407652B1",
        "US9537880B1",
        "US9699205B2",
        "US9454564B1",
        "WO2017044352A1",
        "US10044745B1",
        "WO2017095374A1",
        "WO2017139503A1",
        "US10104100B1",
        "US9769209B1",
        "US10003607B1",
        "US9906541B2",
        "US10419455B2",
        "US10320821B2",
        "US10341391B1",
        "US10447736B1",
        "GB2552032B",
        "US10367704B2",
        "EP3291120B1",
        "US11165813B2",
        "US10915622B2",
        "US10394492B2",
        "US10122706B2",
        "US10708300B2",
        "US10579784B2",
        "US10728262B1",
        "US10721262B2",
        "US9942255B1",
        "US10205735B2",
        "US10237294B1",
        "US10616251B2",
        "US10606866B1",
        "CN107357833B",
        "US10805259B2",
        "US10397262B2",
        "US10594725B2",
        "JP6746086B2",
        "CN107465702B",
        "CN107689966B",
        "WO2019139595A1",
        "US11010233B1",
        "US11151568B2",
        "GB2574209B",
        "US20210264026A1",
        "US10956543B2",
        "CN108881275B",
        "US10762192B2",
        "US10749768B2",
        "KR20200070756A",
        "GB201820853D0",
        "US11330005B2",
        "US11297075B2",
        "US11516237B2",
        "US11792210B2",
        "US11588832B2",
        "US11582246B2",
        "US11606367B2",
        "US11520907B1",
        "US11720692B2",
        "US11720714B2",
        "US11651075B2",
        "US20210157786A1",
        "US11687418B2",
        "US11625481B2",
        "US11755751B2",
        "US11657155B2",
        "US11341236B2",
        "US11645162B2",
        "US11675898B2",
        "US11418526B2",
        "US11410178B2",
        "US11715106B2",
        "US20210342441A1",
        "US11556636B2",
        "US20220210173A1",
        "US20220286470A1",
        "US20220337609A1",
        "WO2023279027A1",
        "US11606353B2",
        "US20230155902A1"
    ]
}