{
    "patent_id": "US-11580604-B1",
    "title": "Autonomous vehicle operation feature monitoring and evaluation of effectiveness ",
    "assignee": "State Farm Mutual Automobile Insurance Company",
    "publication_date": "2023-02-14",
    "patent_link": "https://patents.google.com/patent/US11580604B1/en",
    "inventors": [
        "Blake Konrardy",
        "Scott T. Christensen",
        "Gregory Hayward",
        "Scott Farris"
    ],
    "classifications": [
        "G06Q40/08",
        "G05D1/0221",
        "B60W10/04",
        "B60W10/20",
        "B60W30/09",
        "B60W30/18163",
        "B60W60/0011",
        "G05D1/0088",
        "G06N20/00",
        "G06N3/045",
        "G06N3/088",
        "G07C5/008",
        "G07C5/08",
        "B60W2030/082",
        "B60W2420/40",
        "B60W2420/42",
        "B60W2420/52",
        "B60W2540/00",
        "B60W2552/00",
        "B60W2554/00",
        "B60W2710/20",
        "B60W2720/10",
        "G06N20/10",
        "G06N5/04",
        "G06N7/01"
    ],
    "abstract": "Methods and systems for monitoring use and determining risks associated with operation of a vehicle having one or more autonomous operation features are provided. According to certain aspects, operating data may be recorded during operation of the vehicle. This may include information regarding the vehicle, the vehicle environment, use of the autonomous operation features, and/or control decisions made by the features. The control decisions may include actions the feature would have taken to control the vehicle, but which were not taken because a vehicle operator was controlling the relevant aspect of vehicle operation at the time. The operating data may be recorded in a log, which may then be used to determine risk levels associated with vehicle operation based upon risk levels associated with the autonomous operation features. The risk levels may further be used to adjust an insurance policy associated with the vehicle.",
    "claims": "\n1. A computer system for evaluating operation of a vehicle having an autonomous system, comprising:\none or more processors; and\na non-transitory program memory coupled to the one or more processors and storing executable instructions that, when executed by the one or more processors, cause the computer system to:\nreceive an indication of occurrence of a vehicle collision involving the vehicle;\nreceive sensor data from one or more sensors within the vehicle indicating (i) one or more environmental conditions in which the vehicle collision occurred, (ii) a person positioned within the vehicle to operate the vehicle at the time of the vehicle collision, and (iii) one or more capabilities or features of the autonomous system;\ndetermine one or more preferred control decisions the autonomous system could have made to control the vehicle to reduce a risk of collision or mitigate an effect of the vehicle collision immediately before or during the vehicle collision based upon analysis of the sensor data using a trained machine learning program that has been previously trained to predict preferred control decisions under a plurality of operating conditions by identifying patterns in a training data set comprising sample sensor data and sample control data;\nreceive control decision data indicating one or more actual control decisions the autonomous system made to control the vehicle immediately before or during the vehicle collision;\ndetermine a degree of similarity between the one or more preferred control decisions and the one or more actual control decisions; and\nassign a degree of fault for the vehicle collision to the autonomous system based upon the determined degree of similarity between the one or more preferred control decisions and the one or more actual control decisions.\n2. The computer system of claim 1, wherein the one or more preferred control decisions and the one or more actual control decisions are virtually time-stamped for comparison of such controlled and actual control decisions based upon matching virtual time stamps.\n3. The computer system of claim 1, wherein the executable instructions further cause the computer system to train the machine learning program to determine control decisions that could be preferably made by autonomous systems to reduce risks of collisions or mitigate effects of collisions based upon data related to capabilities of the autonomous systems.\n4. The computer system of claim 3, wherein the executable instructions further cause the computer system to train the machine learning program to determine the control decisions that could be preferably made by the autonomous systems based upon: environmental conditions, road conditions, construction conditions, or traffic conditions.\n5. The computer system of claim 3, wherein the executable instructions further cause the computer system to train the machine learning program to determine the control decisions that could be preferably made by the autonomous systems based upon: levels of pedestrian traffic.\n6. The computer system of claim 1, wherein the sensor data indicating (i) one or more environmental conditions in which the vehicle collision occurred or (ii) the person positioned within the vehicle to operate the vehicle at the time of the vehicle collision includes at least one of camera image data, radar unit data, or infrared data.\n7. The computer system of claim 1, wherein the executable instructions further cause the computer system to adjust a risk level or model parameter associated with the autonomous vehicle or the autonomous system based upon the one or more actual control decisions made by the autonomous system.\n8. A tangible, non-transitory computer-readable medium storing executable instructions for evaluating operation of a vehicle having an autonomous system that, when executed by at least one processor of a computer system, cause the computer system to:\nreceive an indication of occurrence of a vehicle collision involving the vehicle;\nreceive sensor data from one or more sensors within the vehicle indicating (i) one or more environmental conditions in which the vehicle collision occurred, (ii) a person positioned within the vehicle to operate the vehicle at the time of the vehicle collision, and (iii) one or more capabilities or features of the autonomous system;\ndetermine one or more preferred control decisions the autonomous system could have made to control the vehicle to reduce a risk of collision or mitigate an effect of the vehicle collision immediately before or during the vehicle collision based upon analysis of the sensor data using a trained machine learning program that has been previously trained to predict preferred control decisions under a plurality of operating conditions by identifying patterns in a training data set comprising sample sensor data and sample control data;\nreceive control decision data indicating one or more actual control decisions the autonomous system made to control the vehicle immediately before or during the vehicle collision;\ndetermine a degree of similarity between the one or more preferred control decisions and the one or more actual control decisions; and\nassign a degree of fault for the vehicle collision to the autonomous system based upon the determined degree of similarity between the one or more preferred control decisions and the one or more actual control decisions.\n9. The tangible, non-transitory computer-readable medium of claim 8, wherein the one or more preferred control decisions and the one or more actual control decisions are virtually time-stamped for comparison of such controlled and actual control decisions based upon matching virtual time stamps.\n10. The tangible, non-transitory computer-readable medium of claim 8, wherein the executable instructions further cause the computer system to train the machine learning program to determine control decisions that could be preferably made to reduce risks of collisions or mitigate effects of collisions by autonomous systems based upon data related to capabilities of the autonomous systems.\n11. The tangible, non-transitory computer-readable medium of claim 10, wherein the executable instructions further cause the computer system to train the machine learning program to determine the control decisions that could be preferably made by the autonomous systems based upon: environmental conditions, road conditions, construction conditions, or traffic conditions.\n12. The tangible, non-transitory computer-readable medium of claim 10, wherein the executable instructions further cause the computer system to train the machine learning program to determine the control decisions that could be preferably made by the autonomous systems based upon: levels of pedestrian traffic.\n13. The tangible, non-transitory computer-readable medium of claim 8, wherein the executable instructions further cause the computer system to adjust a risk level or model parameter associated with the autonomous vehicle or the autonomous system based upon the one or more actual control decisions made by the autonomous system.\n14. A computer-implemented method of evaluating operation of a vehicle having an autonomous system, the method comprising:\nreceiving, at one or more processors, an indication of occurrence of a vehicle collision involving the vehicle;\nreceiving, at the one or more processors, sensor data from one or more sensors within the vehicle indicating (i) one or more environmental conditions in which the vehicle collision occurred, (ii) a person positioned within the vehicle to operate the vehicle at the time of the vehicle collision, and (iii) one or more capabilities or features of the autonomous system;\ndetermining, by the one or more processors, one or more preferred control decisions the autonomous system could have made to control the vehicle to reduce a risk of collision or mitigate an effect of the vehicle collision immediately before or during the vehicle collision based upon analysis of the sensor data using a trained machine learning program that has been previously trained to predict preferred control decisions under a plurality of operating conditions by identifying patterns in a training data set comprising sample sensor data and sample control data;\nreceiving, by the one or more processors, control decision data indicating one or more actual control decisions the autonomous system made to control the vehicle immediately before or during the vehicle collision;\ndetermining, by the one or more processors, a degree of similarity between the one or more preferred control decisions and the one or more actual control decisions; and\nassigning, by the one or more processors, a degree of fault for the vehicle collision to the autonomous system based upon the determined degree of similarity between the one or more preferred control decisions and the one or more actual control decisions.\n15. The computer-implemented method of claim 14, wherein the one or more preferred control decisions and the one or more actual control decisions are virtually time-stamped for comparison of such controlled and actual control decisions based upon matching virtual time stamps.\n16. The computer-implemented method of claim 14, further comprising:\ntraining, by the one or more processors, the machine learning program to determine control decisions that could be preferably made to reduce risks of collisions or mitigate effects of collisions by autonomous systems based upon data related to capabilities of the autonomous systems.\n17. The computer-implemented method of claim 16, wherein training the machine learning program further comprises training the machine learning program to determine the control decisions that could be preferably made by the autonomous systems based upon: environmental conditions, road conditions, construction conditions, or traffic conditions.\n18. The computer-implemented method of claim 16, wherein training the machine learning program further comprises training the machine learning program to determine the control decisions that could be preferably made by the autonomous systems based upon: levels of pedestrian traffic.\n19. The computer-implemented method of claim 14, wherein the one or more actual control decisions include (i) a control decision to accelerate or to decelerate, (ii) an indication of a rate of acceleration or deceleration, or (iii) a control decision to change lanes or to turn the autonomous vehicle.\n20. The computer-implemented method of claim 14, further comprising:\nadjusting, by the one or more processors, a risk level or model parameter associated with the autonomous vehicle or the autonomous system based upon the one or more actual control decisions made by the autonomous system.",
    "status": "Active",
    "citations_own": [
        "US4218763A",
        "US4386376A",
        "US4565997A",
        "US4833469A",
        "US5214582A",
        "GB2268608A",
        "US5363298A",
        "US5367456A",
        "US5368484A",
        "US5436839A",
        "US5453939A",
        "US5488353A",
        "EP0700009A2",
        "US5499182A",
        "US5515026A",
        "US5574641A",
        "US5626362A",
        "US5689241A",
        "US5797134A",
        "US5835008A",
        "US5983161A",
        "US6031354A",
        "US6054970A",
        "US6067488A",
        "US6141611A",
        "US6151539A",
        "US6246933B1",
        "US6253129B1",
        "US20010005217A1",
        "US6271745B1",
        "US6285931B1",
        "US6298290B1",
        "US6313749B1",
        "US6323761B1",
        "US20020016655A1",
        "US6353396B1",
        "US6375282B1",
        "US20020049535A1",
        "US6400835B1",
        "US20020091483A1",
        "US20020099527A1",
        "US20020103622A1",
        "US20020103678A1",
        "US20020111725A1",
        "US20020116228A1",
        "US20020128882A1",
        "US20020128751A1",
        "US20020135618A1",
        "US20020146667A1",
        "US6473000B1",
        "US6477117B1",
        "US20020169535A1",
        "US20030016130A1",
        "US20030028298A1",
        "US20030061160A1",
        "US6553354B1",
        "US6556905B1",
        "US20030095039A1",
        "US6570609B1",
        "US6579233B2",
        "US20030112133A1",
        "US20030139948A1",
        "US20030141965A1",
        "US20030146850A1",
        "US20030182183A1",
        "US20030182042A1",
        "US20030200123A1",
        "US6661345B1",
        "US20030229528A1",
        "US20040005927A1",
        "US20040017106A1",
        "US20040019539A1",
        "US20040039503A1",
        "US6701234B1",
        "US6704434B1",
        "US20040054452A1",
        "US20040077285A1",
        "US6727800B1",
        "US20040088089A1",
        "US20040085198A1",
        "US20040090334A1",
        "US20040111301A1",
        "US20040122639A1",
        "US20040139034A1",
        "US6765495B1",
        "US20040153362A1",
        "US20040158476A1",
        "US20040169034A1",
        "US20040198441A1",
        "US20040204837A1",
        "US20040226043A1",
        "US6832141B2",
        "US20040252027A1",
        "US20040260579A1",
        "US20050007438A1",
        "US20050046584A1",
        "US20050055249A1",
        "US20050059151A1",
        "US20050065678A1",
        "US20050071202A1",
        "US20050071052A1",
        "US20050073438A1",
        "US20050080519A1",
        "US20050088291A1",
        "US20050088521A1",
        "US6889137B1",
        "US20050093684A1",
        "US20050107673A1",
        "US20050108910A1",
        "US20050131597A1",
        "US6909947B2",
        "US6909647B2",
        "US20050137757A1",
        "US20050154513A1",
        "US6934365B2",
        "US20050185052A1",
        "WO2005083605A1",
        "US20050216136A1",
        "US20050228763A1",
        "US20050237784A1",
        "US20050246256A1",
        "US20050267784A1",
        "US6983313B1",
        "US6989737B2",
        "US20060031103A1",
        "US20060053038A1",
        "US20060052929A1",
        "US20060052909A1",
        "US20060055565A1",
        "US7027621B1",
        "US20060079280A1",
        "US20060089763A1",
        "US20060089766A1",
        "US20060092043A1",
        "US7054723B2",
        "US20060136291A1",
        "US20060149461A1",
        "US20060184295A1",
        "US7102496B1",
        "US20060212195A1",
        "US20060220905A1",
        "US20060229777A1",
        "US20060232430A1",
        "US7138922B2",
        "US20060272704A1",
        "US7149533B2",
        "US20060294514A1",
        "US20070001831A1",
        "US20070048707A1",
        "US20070055422A1",
        "US20070080816A1",
        "US20070088469A1",
        "US20070093947A1",
        "US20070124599A1",
        "US20070122771A1",
        "US20070132773A1",
        "US20070149208A1",
        "US20070159344A1",
        "US20070159354A1",
        "US7253724B2",
        "US7254482B2",
        "US20070203866A1",
        "US7266532B2",
        "US20070208498A1",
        "US20070219720A1",
        "US7290275B2",
        "US20070265540A1",
        "US7302344B2",
        "US20070282489A1",
        "US20070282638A1",
        "US20070291130A1",
        "US20070299700A1",
        "US7315233B2",
        "US20080027761A1",
        "US20080028974A1",
        "US20080033684A1",
        "US7330124B2",
        "US20080052134A1",
        "US20080061953A1",
        "US20080064014A1",
        "US20080065427A1",
        "US7349860B1",
        "US7348882B2",
        "US20080077383A1",
        "US20080082372A1",
        "US7356392B2",
        "US20080084473A1",
        "US20080097796A1",
        "US20080106390A1",
        "US20080114530A1",
        "US20080114502A1",
        "US20080111666A1",
        "US20080126137A1",
        "US7386376B2",
        "US20080147267A1",
        "US20080143497A1",
        "US20080147266A1",
        "US20080147265A1",
        "US20080161989A1",
        "US20080167821A1",
        "US20080180237A1",
        "US20080189142A1",
        "US20080204256A1",
        "US7424414B2",
        "US20080255887A1",
        "US20080255888A1",
        "US20080258890A1",
        "US20080258885A1",
        "US20080294690A1",
        "US20080291008A1",
        "US20080300733A1",
        "US20080297488A1",
        "US20080313007A1",
        "US20080319817A1",
        "US20080319665A1",
        "US20090005979A1",
        "US20090015684A1",
        "US20090027188A1",
        "US20090063030A1",
        "US20090069953A1",
        "US20090081923A1",
        "US20090079839A1",
        "US20090085770A1",
        "US20090106135A1",
        "US20090109037A1",
        "US20090115638A1",
        "US20090132294A1",
        "US20090140887A1",
        "US20090171527A1",
        "US20090174573A1",
        "US7565230B2",
        "US20090210257A1",
        "US20090207005A1",
        "US7596242B2",
        "US20090254240A1",
        "US7609150B2",
        "US20090267801A1",
        "US20090300065A1",
        "US20090303026A1",
        "US20090313566A1",
        "US7639148B2",
        "US20100004995A1",
        "US20100030586A1",
        "US20100030540A1",
        "US20100042318A1",
        "US20100055649A1",
        "US7676062B2",
        "WO2010034909A1",
        "US7692552B2",
        "US20100085171A1",
        "US20100106514A1",
        "US20100106356A1",
        "US20100106346A1",
        "US7719431B2",
        "US20100131300A1",
        "US20100128127A1",
        "US20100143872A1",
        "US20100157255A1",
        "US20100164737A1",
        "US20100179720A1",
        "US20100198491A1",
        "US7783505B2",
        "US7783426B2",
        "US20100214087A1",
        "US20100219944A1",
        "US7791503B2",
        "US7792328B2",
        "US7797107B2",
        "US20100256836A1",
        "US20100253541A1",
        "US7812712B2",
        "US20100274629A1",
        "US20100286845A1",
        "US7835834B2",
        "US20100293033A1",
        "US20100299021A1",
        "US7865378B2",
        "US7870010B2",
        "US20110009093A1",
        "US20110010042A1",
        "US7890355B2",
        "US20110043377A1",
        "US20110043350A1",
        "US20110054767A1",
        "US7904219B1",
        "US20110060496A1",
        "US20110066310A1",
        "US20110077809A1",
        "US20110087505A1",
        "US20110090093A1",
        "US20110093350A1",
        "US20110090075A1",
        "US20110093134A1",
        "US20110106370A1",
        "US20110109462A1",
        "US20110118907A1",
        "US20110117878A1",
        "US20110128161A1",
        "US20110137684A1",
        "US20110133954A1",
        "US20110140968A1",
        "US20110140919A1",
        "US20110144854A1",
        "US20110153367A1",
        "US20110161116A1",
        "US20110161119A1",
        "US7973674B2",
        "US7979173B2",
        "US7979172B2",
        "US20110169625A1",
        "US7983802B2",
        "DE102010001006A1",
        "US7987103B2",
        "US20110184605A1",
        "US7991629B2",
        "US20110187559A1",
        "US20110190972A1",
        "US20110196571A1",
        "US20110202305A1",
        "US8005467B2",
        "US8010283B2",
        "US8016595B2",
        "US8027853B1",
        "US20110241862A1",
        "US8035508B2",
        "US20110251751A1",
        "US8040247B2",
        "US20110270513A1",
        "US20110279263A1",
        "US20110288770A1",
        "US20110295546A1",
        "US20110301839A1",
        "US8078334B2",
        "US20110307188A1",
        "US20110307336A1",
        "US20110304465A1",
        "US20120004933A1",
        "US20120010906A1",
        "US20120013582A1",
        "US20120019001A1",
        "US8108655B2",
        "US8106769B1",
        "US20120025969A1",
        "US8123686B2",
        "US20120053824A1",
        "US20120059227A1",
        "US20120056758A1",
        "US20120062392A1",
        "US20120066007A1",
        "US8140358B1",
        "US8140359B2",
        "US8140249B2",
        "US20120072244A1",
        "US20120071151A1",
        "US20120072214A1",
        "US20120083668A1",
        "US20120083974A1",
        "US20120083964A1",
        "US20120092157A1",
        "US20120101855A1",
        "US20120109692A1",
        "US20120108909A1",
        "US20120109407A1",
        "US8180522B2",
        "US8180655B1",
        "US20120123806A1",
        "US8185380B2",
        "US8190323B2",
        "US8188887B2",
        "US20120135382A1",
        "US20120143391A1",
        "US20120143630A1",
        "US20120172055A1",
        "US20120185204A1",
        "US20120190001A1",
        "US20120191373A1",
        "US20120188100A1",
        "US20120191343A1",
        "US20120197669A1",
        "US20120203418A1",
        "US20120200427A1",
        "US20120209692A1",
        "US20120215375A1",
        "US8255243B2",
        "US8255144B2",
        "US20120221168A1",
        "US8260489B2",
        "US8260639B1",
        "US8265861B2",
        "GB2488956A",
        "US20120235865A1",
        "US20120239471A1",
        "US20120239242A1",
        "US20120239281A1",
        "US8275417B2",
        "US8280752B1",
        "US20120256769A1",
        "US20120258702A1",
        "US20120271500A1",
        "US20120277950A1",
        "US20120277949A1",
        "US20120283907A1",
        "US20120289819A1",
        "US20120286974A1",
        "US8314708B2",
        "US20120303222A1",
        "US20120303177A1",
        "US20120306663A1",
        "US8332242B1",
        "US20120316406A1",
        "US8340893B2",
        "US8340902B1",
        "US8344849B2",
        "US8344864B1",
        "US20130006674A1",
        "US8352118B1",
        "US8355837B2",
        "US20130018677A1",
        "US20130018705A1",
        "US8364391B2",
        "US20130030606A1",
        "US20130030642A1",
        "US20130038437A1",
        "US20130044008A1",
        "US20130046562A1",
        "US8385964B2",
        "US8386168B2",
        "US20130066751A1",
        "GB2494727A",
        "US20130073115A1",
        "US8423239B2",
        "US20130097128A1",
        "US8437966B2",
        "US8447231B2",
        "US20130131907A1",
        "US8451105B2",
        "US8457880B1",
        "US20130144459A1",
        "US20130151027A1",
        "US20130151202A1",
        "US8466781B2",
        "US8473143B2",
        "US20130164715A1",
        "US8487775B2",
        "US20130189649A1",
        "US20130190966A1",
        "US20130204645A1",
        "US20130209968A1",
        "US20130218603A1",
        "US20130218604A1",
        "US8520695B1",
        "US20130227409A1",
        "US20130226624A1",
        "US20130226391A1",
        "US20130231824A1",
        "US20130237194A1",
        "US20130245881A1",
        "US20130245883A1",
        "US20130245857A1",
        "US20130253793A1",
        "US20130257626A1",
        "US8554468B1",
        "US20130267194A1",
        "US20130274940A1",
        "US8566126B1",
        "US20130279491A1",
        "US20130290876A1",
        "US20130289819A1",
        "US20130304513A1",
        "US20130304514A1",
        "US20130307786A1",
        "US20130317786A1",
        "US20130317711A1",
        "US20130317693A1",
        "US20130317865A1",
        "US8605947B2",
        "US20130332061A1",
        "US20130332402A1",
        "US20130339062A1",
        "US20140004734A1",
        "US20140002651A1",
        "US20140006660A1",
        "US20140009307A1",
        "US20140012492A1",
        "US20140018940A1",
        "US20140019170A1",
        "US8645014B1",
        "US8645029B2",
        "US20140039934A1",
        "US20140047371A1",
        "US20140047347A1",
        "US20140052323A1",
        "US20140052479A1",
        "US20140052336A1",
        "US20140058761A1",
        "US20140059066A1",
        "US20140074345A1",
        "US20140070980A1",
        "US20140080100A1",
        "US20140095214A1",
        "US20140095009A1",
        "US20140099607A1",
        "US8700251B1",
        "US8698639B2",
        "US20140106782A1",
        "US20140108198A1",
        "US20140104405A1",
        "US20140114691A1",
        "US20140111332A1",
        "US20140125474A1",
        "US20140129301A1",
        "US20140130035A1",
        "US20140129053A1",
        "US8725311B1",
        "US20140135598A1",
        "US8731977B1",
        "US20140148988A1",
        "US20140149148A1",
        "US8742936B2",
        "US20140156133A1",
        "US20140152422A1",
        "US20140156176A1",
        "US20140167967A1",
        "US20140172727A1",
        "US20140172467A1",
        "WO2014092769A1",
        "US20140188322A1",
        "US20140191858A1",
        "US8781442B1",
        "US8781669B1",
        "US20140207707A1",
        "US8799034B1",
        "US20140221781A1",
        "US20140218520A1",
        "US20140218187A1",
        "US20140236638A1",
        "US8816836B2",
        "US20140240132A1",
        "US20140244096A1",
        "US20140253376A1",
        "US20140257866A1",
        "US20140278571A1",
        "US20140272811A1",
        "WO2014139821A1",
        "US20140272810A1",
        "US20140266655A1",
        "US20140278840A1",
        "US20140279707A1",
        "WO2014148976A1",
        "US8849558B2",
        "US20140303827A1",
        "US20140301218A1",
        "US20140306814A1",
        "US20140306799A1",
        "US8874301B1",
        "US8880291B2",
        "US20140337930A1",
        "US8892271B2",
        "US20140343972A1",
        "US8902054B2",
        "US20140358324A1",
        "US20140358592A1",
        "US8909428B1",
        "US20140365061A1",
        "US20140372221A1",
        "US8917182B2",
        "US20140380264A1",
        "US20150006278A1",
        "US8935036B1",
        "US20150019266A1",
        "US20150025731A1",
        "US20150024705A1",
        "US20150025917A1",
        "US20150032581A1",
        "US20150039397A1",
        "US20150035685A1",
        "US20150039350A1",
        "US8954217B1",
        "US8954226B1",
        "US20150045983A1",
        "US20150051752A1",
        "US20150051787A1",
        "US8965677B2",
        "US20150066284A1",
        "US8977499B1",
        "US20150070160A1",
        "US20150073645A1",
        "US20150073834A1",
        "US20150070265A1",
        "US8989959B2",
        "US20150088373A1",
        "US20150088358A1",
        "US20150088334A1",
        "US20150088335A1",
        "US20150088360A1",
        "US20150088550A1",
        "US8996228B1",
        "US8996240B2",
        "US20150100189A1",
        "US20150100190A1",
        "US20150100191A1",
        "US20150112545A1",
        "US20150112504A1",
        "US20150112731A1",
        "US20150109450A1",
        "US20150112730A1",
        "US20150112800A1",
        "US20150113521A1",
        "US9019092B1",
        "US20150120331A1",
        "KR101515496B1",
        "US20150128123A1",
        "US20150123816A1",
        "US20150127570A1",
        "US20150142262A1",
        "US20150142244A1",
        "US20150149265A1",
        "US20150149023A1",
        "US20150149017A1",
        "US20150149018A1",
        "US9049584B2",
        "US20150153733A1",
        "US9053588B1",
        "US20150161894A1",
        "US20150161893A1",
        "US20150158495A1",
        "US20150160653A1",
        "US20150158469A1",
        "US20150161738A1",
        "US20150161564A1",
        "US9056395B1",
        "US20150170287A1",
        "US20150166069A1",
        "US20150169311A1",
        "US20150170522A1",
        "US20150178998A1",
        "US20150178997A1",
        "US20150187194A1",
        "US20150185034A1",
        "US20150189241A1",
        "US20150187013A1",
        "US20150187019A1",
        "US20150187015A1",
        "US20150187016A1",
        "US20150193219A1",
        "US20150193220A1",
        "US9081650B1",
        "US9079587B1",
        "US20150203113A1",
        "US20150203107A1",
        "US9098080B2",
        "US20150221142A1",
        "US20150229885A1",
        "US20150235323A1",
        "US20150235557A1",
        "US20150233719A1",
        "US20150235480A1",
        "US20150241241A1",
        "US20150242953A1",
        "US20150241853A1",
        "US20150239436A1",
        "US20150244948A1",
        "US20150246672A1",
        "US20150253772A1",
        "US20150254955A1",
        "US9135803B1",
        "US20150271201A1",
        "US20150266489A1",
        "US20150266490A1",
        "US9144389B2",
        "US9147353B1",
        "US20150274072A1",
        "US20150276415A1",
        "US9151692B2",
        "US9157752B1",
        "US20150293534A1",
        "US20150294422A1",
        "US20150307110A1",
        "US20150310758A1",
        "US20150310742A1",
        "US9177475B2",
        "US9182942B2",
        "US9182764B1",
        "US20150321641A1",
        "DE102015208358A1",
        "US9188985B1",
        "US20150334545A1",
        "US20150332407A1",
        "US9194168B1",
        "US20150336502A1",
        "US20150338852A1",
        "US20150338227A1",
        "US20150339928A1",
        "US20150348335A1",
        "US20150346727A1",
        "US20150343947A1",
        "US20150348337A1",
        "US20150356797A1",
        "US9221396B1",
        "US9224293B2",
        "US9221395B2",
        "US20150382085A1",
        "US20160005130A1",
        "US20160014252A1",
        "US20160019790A1",
        "US20160026182A1",
        "US20160028824A1",
        "US20160027276A1",
        "US20160036899A1",
        "US20160042644A1",
        "US20160042650A1",
        "US20160042463A1",
        "WO2016028228A1",
        "US20160055750A1",
        "US9274525B1",
        "US9282447B2",
        "US9282430B1",
        "US20160068103A1",
        "US20160071418A1",
        "US20160069694A1",
        "US20160078403A1",
        "US20160086285A1",
        "US20160083285A1",
        "US20160086393A1",
        "US9299108B2",
        "US20160093212A1",
        "US20160092962A1",
        "US20160098561A1",
        "US20160101783A1",
        "US20160105365A1",
        "US20160116293A1",
        "US20160117928A1",
        "US20160116913A1",
        "US20160125735A1",
        "WO2016067610A1",
        "US20160129917A1",
        "US20160140784A1",
        "US20160140783A1",
        "US20160147226A1",
        "US9355423B1",
        "US9352709B2",
        "US20160153806A1",
        "US9361599B1",
        "US20160163217A1",
        "US20160161950A1",
        "US20160171521A1",
        "US20160167652A1",
        "US9371072B1",
        "US9376090B2",
        "US20160189544A1",
        "US20160189303A1",
        "US20160187127A1",
        "US20160187368A1",
        "US9384491B1",
        "US9381916B1",
        "US9390451B1",
        "US9390452B1",
        "US20160203560A1",
        "US20160221575A1",
        "US20160231746A1",
        "US20160248598A1",
        "US9430944B2",
        "US20160255154A1",
        "US9443436B2",
        "US9443152B2",
        "US20160264132A1",
        "US20160272219A1",
        "US20160275790A1",
        "US20160277911A1",
        "US9454786B1",
        "US20160285907A1",
        "US20160282874A1",
        "WO2016156236A1",
        "US20160291153A1",
        "US20160292679A1",
        "US20160288833A1",
        "US9466214B2",
        "US20160301698A1",
        "US20160303969A1",
        "US20160304027A1",
        "US20160304038A1",
        "US20160304091A1",
        "US20160313132A1",
        "US20160314224A1",
        "US20160323233A1",
        "US20160321674A1",
        "US9489635B1",
        "US20160343249A1",
        "US9505494B1",
        "US20160347329A1",
        "US9511765B2",
        "US9511767B1",
        "US20160358497A1",
        "US20160363665A1",
        "US9524648B1",
        "US20160370194A1",
        "US20160379486A1",
        "US20170008487A1",
        "US20170017734A1",
        "US20170015263A1",
        "US20170023945A1",
        "US20170024938A1",
        "US20170021764A1",
        "US20170038773A1",
        "US20170036678A1",
        "US9566959B2",
        "US20170061712A1",
        "US9587952B1",
        "US20170067764A1",
        "US20170072967A1",
        "US20170076606A1",
        "US20170084175A1",
        "US20170086028A1",
        "US20170080900A1",
        "US9604652B2",
        "US20170106876A1",
        "US9632502B1",
        "US9633318B2",
        "US9633564B2",
        "US20170116794A1",
        "US20170123428A1",
        "US20170120761A1",
        "US20170123421A1",
        "US9646428B1",
        "US9650051B2",
        "US20170136902A1",
        "US20170139412A1",
        "US9656606B1",
        "US20170148102A1",
        "US20170147722A1",
        "US20170148324A1",
        "US9665101B1",
        "US20170154479A1",
        "US9679487B1",
        "US20170168493A1",
        "US20170169627A1",
        "US20170176641A1",
        "US9692778B1",
        "US9697733B1",
        "US20170192428A1",
        "US20170200367A1",
        "US9712549B2",
        "US20170212511A1",
        "US9720419B2",
        "US9725036B1",
        "US9727920B1",
        "US20170234689A1",
        "US20170236210A1",
        "US20170249844A1",
        "US9754490B2",
        "US9753390B2",
        "US9761139B2",
        "US9773281B1",
        "US20170278312A1",
        "US20170308082A1",
        "US20170309092A1",
        "US9805601B1",
        "US9817400B1",
        "US20170330448A1",
        "US9830662B1",
        "US9847033B1",
        "US20180004223A1",
        "US20180013831A1",
        "US20180039274A1",
        "US20180046198A1",
        "US20180053411A1",
        "US9904928B1",
        "US20180075747A1",
        "US20180080995A1",
        "US20180091981A1",
        "US9940676B1",
        "US9939279B2",
        "US9940834B1",
        "US20180099678A1",
        "US9946531B1",
        "US9948477B2",
        "US20180115898A1",
        "US9972054B1",
        "US9986404B2",
        "US10013697B1",
        "US20180188733A1",
        "US20180194343A1",
        "US10042359B1",
        "US10049505B1",
        "US20180231979A1",
        "US20180276990A1",
        "US20180284807A1",
        "US10102590B1",
        "US10102586B1",
        "US20180307250A1",
        "US20180326991A1",
        "US10134278B1",
        "US10145684B1",
        "US20180345811A1",
        "US20190005745A1",
        "US20190005464A1",
        "US10185999B1",
        "US20190146496A1",
        "US20190146491A1",
        "US10319039B1",
        "US10324463B1",
        "US10373259B1",
        "US10395332B1",
        "US10416205B2",
        "US10599155B1"
    ],
    "citations_ftf": [],
    "citedby_own": [
        "US20230158664A1",
        "US11807230B2"
    ],
    "citedby_ftf": [
        "US10599155B1",
        "US20210272207A1",
        "US10139828B2",
        "US9892464B2",
        "US11242051B1",
        "US10308246B1",
        "US11441916B1",
        "US11719545B2",
        "FR3048557B1",
        "ES2710338T3",
        "US10209708B2",
        "WO2018097609A1",
        "KR102090919B1",
        "MX2019009397A",
        "US10029685B1",
        "WO2019005547A1",
        "US11017305B2",
        "US10984481B1",
        "US10698421B1",
        "US10836405B2",
        "US11027751B2",
        "US11688212B2",
        "WO2019089015A1",
        "US11084504B2",
        "EP3759563A4",
        "WO2019173611A1",
        "US11120688B2",
        "US11521493B2",
        "US10909866B2",
        "US10836390B2",
        "CN109406167B",
        "KR102368840B1",
        "US20200241542A1",
        "US10919543B2",
        "US10901375B2",
        "US11360442B2",
        "US11235761B2",
        "US11198431B2",
        "US11254312B2",
        "US11095741B2",
        "US11741305B2",
        "US20210149407A1",
        "US11635758B2",
        "US11613269B2",
        "US11300957B2",
        "US11577746B2",
        "US11714971B2",
        "US11782438B2",
        "CN111409788B",
        "US11055638B1",
        "US11367121B2",
        "CN111845741B",
        "WO2022006418A1",
        "GB2615192A",
        "JP2022046343A",
        "US11755469B2",
        "EP3988417A1",
        "KR20220087240A",
        "CN113022539B",
        "WO2022212944A1",
        "US20220318921A1",
        "WO2022256249A1",
        "CN113836790A",
        "CN115576224B"
    ]
}