{
    "patent_id": "US-11587242-B1",
    "title": "Real-time processing of handstate representation model estimates ",
    "assignee": "Meta Platforms Technologies, Llc",
    "publication_date": "2023-02-21",
    "patent_link": "https://patents.google.com/patent/US11587242B1/en",
    "inventors": [
        "Tudor Giurgica-Tiron",
        "Adam Al-natsheh",
        "Nathan Danielson"
    ],
    "classifications": [
        "G06T7/251",
        "G06F3/011",
        "G06F3/014",
        "G06F3/015",
        "G06F3/017",
        "G06N20/00",
        "G06N3/044",
        "G06N3/084",
        "G06T13/40",
        "G06T5/002",
        "G06N20/10",
        "G06N3/045",
        "G06N3/047",
        "G06N5/01",
        "G06N7/01",
        "G06T2207/20084"
    ],
    "abstract": "System and methods are provided for providing a dynamically-updated musculoskeletal representation of a hand. The system includes a plurality of neuromuscular sensors configured to continuously record a plurality of neuromuscular signals from a user, and at least one computer processor programmed to provide as input to a trained statistical model, the plurality of neuromuscular signals and temporally smooth in real-time an output of the trained statistical model. The system is also programmed to determine, based on the smoothed output of the trained statistical model, position information describing a spatial relationship between two or more connected segments of the musculoskeletal representation, force information describing a force exerted by at least one segment of the musculoskeletal representation, and update the musculoskeletal representation of the hand based, at least in part, on the position information and the force information.",
    "claims": "\n1. A computer-implemented method comprising:\nreceiving one or more neuromuscular signals from a plurality of neuromuscular sensors associated with a user; and\nproviding, as input to a trained statistical model, the one or more neuromuscular signals;\ntemporally smoothing one or more outputs of the trained statistical model;\npredicting, based on the smoothed output of the trained statistical model, a probability that a musculoskeletal representation of the user's body is characterized by a specified set of position characteristics that describe how two or more connected segments of the user's body move in relation to each other within the musculoskeletal representation;\ndetermining, based on the predicted probability, how the two or more connected segments of the user's body are to move in relation to each other; and\nupdating the musculoskeletal representation based, at least in part, on the determined movements.\n2. The computer-implemented method of claim 1, wherein the position characteristics that that describe how two or more connected segments of the user's body move in relation to each other within the musculoskeletal representation comprise an indication of joint type.\n3. The computer-implemented method of claim 1, wherein the position characteristics that that describe how two or more connected segments of the user's body move in relation to each other within the musculoskeletal representation comprise an indication of joint angle.\n4. The computer-implemented method of claim 1, wherein the position characteristics that that describe how two or more connected segments of the user's body move in relation to each other within the musculoskeletal representation comprise an indication of which user is providing the received neuromuscular signals.\n5. The computer-implemented method of claim 1, wherein one or more specific ways in which the user moves their body are incorporated into the trained statistical model.\n6. The computer-implemented method of claim 1, wherein the trained statistical model provides an output that indicates the likelihood that the musculoskeletal representation of the user's body is characterized by the specified set of musculoskeletal position characteristics.\n7. The computer-implemented method of claim 1, further comprising:\ndetermining the accuracy of the trained statistical model; and\ntemporally smoothing, responsive to the determined accuracy of the trained statistical model, the output of the trained statistical model in real-time.\n8. The computer-implemented method of claim 7, further comprising determining at least one of an input accuracy and an output accuracy of the trained statistical model.\n9. The computer-implemented method of claim 1, wherein temporally smoothing the output of the trained statistical model comprises including in the trained statistical model at least one temporal smoothing characteristic.\n10. The computer-implemented method of claim 9, wherein the trained statistical model that includes the at least one temporal smoothing characteristic trains the statistical model with a penalization term to promote smoothness in the model outputs.\n11. The computer-implemented method of claim 9, wherein the trained statistical model that includes the at least one temporal smoothing characteristic trains the statistical model with an error function that includes an error in estimates of time derivatives of the output of the statistical model.\n12. The computer-implemented method of claim 9, wherein the trained statistical model that includes the at least one temporal smoothing characteristic includes in the trained statistical model a prior on the smoothness of the output of the statistical model.\n13. A system comprising:\nat least one physical processor; and\nphysical memory comprising computer-executable instructions that, when executed by the physical processor, cause the physical processor to:\nreceive one or more neuromuscular signals from a plurality of neuromuscular sensors associated with a user; and\nprovide, as input to a trained statistical model, the one or more neuromuscular signals;\ntemporally smooth one or more outputs of the trained statistical model;\npredict, based on the smoothed output of the trained statistical model, a probability that a musculoskeletal representation of the user's body is characterized by a specified set of position characteristics that describe how two or more connected segments of the user's body move in relation to each other within the musculoskeletal representation;\ndetermine, based on the predicted probability, how the two or more connected segments of the user's body are to move in relation to each other; and\nupdate the musculoskeletal representation based, at least in part, on the determined movements.\n14. The system of claim 13, wherein temporally smoothing the outputs of the trained statistical model comprises processing the output of the trained statistical model using at least one filter.\n15. The system of claim 13, wherein temporally smoothing the output of the trained statistical model further comprises generating the output of the trained statistical model for a first timepoint based on first neuromuscular signals recorded at the first timepoint and second neuromuscular signals recorded at at least one second timepoint after the first timepoint.\n16. The system of claim 13, wherein the at least one physical processor is further programmed to:\ndetermine a quality of the smoothed output of the trained statistical model at a first timepoint; and\nadjust at least one smoothing parameter based on the determined quality; and\ntemporally smooth output of the trained statistical model at a second timepoint based on the at least one adjusted smoothing parameter.\n17. The system of claim 13, wherein the at least one physical processor is further programmed to temporally smooth the output of the trained statistical model based, at least in part, on at least one characteristic of a motion of the user during recording of the plurality of neuromuscular signals.\n18. The system of claim 13, further comprising:\nat least one inertial measurement unit configured to continuously record a plurality of inertial measurement unit signals, wherein the at least one characteristic of a motion of the user is determined based, at least in part, on the plurality of inertial measurement unit signals.\n19. The system of claim 18, wherein the at least one characteristic of a motion of the user comprises a speed at which a user is moving a hand and/or arm of the user.\n20. A non-transitory computer-readable medium comprising one or more computer-executable instructions that, when executed by at least one processor of a computing device, cause the computing device to:\nreceive one or more neuromuscular signals from a plurality of neuromuscular sensors associated with a user; and\nprovide, as input to a trained statistical model, the one or more neuromuscular signals;\ntemporally smooth one or more outputs of the trained statistical model;\npredict, based on the smoothed output of the trained statistical model, a probability that a musculoskeletal representation of the user's body is characterized by a specified set of position characteristics that describe how two or more connected segments of the user's body move in relation to each other within the musculoskeletal representation;\ndetermine, based on the predicted probability, how the two or more connected segments of the user's body are to move in relation to each other; and\nupdate the musculoskeletal representation based, at least in part, on the determined movements.",
    "status": "Active",
    "citations_own": [
        "US4896120A",
        "JPH05277080A",
        "US5625577A",
        "US6005548A",
        "US6009210A",
        "US6244873B1",
        "US20030144829A1",
        "US20030171921A1",
        "US6658287B1",
        "US6720984B1",
        "US20040092839A1",
        "US6774885B1",
        "JP2005095561A",
        "US6942621B2",
        "US7089148B1",
        "CN1838933A",
        "US20070172797A1",
        "US20070256494A1",
        "US20070285399A1",
        "US20080052643A1",
        "US7351975B2",
        "US20080214360A1",
        "US20080221487A1",
        "WO2009042313A1",
        "US20090112080A1",
        "US7574253B2",
        "US7580742B2",
        "US20090326406A1",
        "US20090327171A1",
        "US20100030532A1",
        "US20100063794A1",
        "US20100106044A1",
        "US7787946B2",
        "US7805386B2",
        "US20100293115A1",
        "US20100292617A1",
        "US20100315266A1",
        "US7901368B2",
        "US20110077484A1",
        "US20110092826A1",
        "US20120066163A1",
        "US8190249B1",
        "US20120188158A1",
        "US20120265480A1",
        "US20120283526A1",
        "US8311623B2",
        "US8351651B2",
        "US20130077820A1",
        "US8421634B2",
        "US8435191B2",
        "US20130141375A1",
        "US8484022B1",
        "US20130207889A1",
        "US20130217998A1",
        "US20130317382A1",
        "US20130317648A1",
        "US20140052150A1",
        "US20140092009A1",
        "US20140098018A1",
        "US8718980B2",
        "US8744543B2",
        "US8754862B2",
        "US20140196131A1",
        "US20140198034A1",
        "US20140240103A1",
        "US20140245200A1",
        "US20140249397A1",
        "US20140278441A1",
        "US20140304665A1",
        "US8880163B2",
        "US20140334083A1",
        "US8890875B2",
        "US20140344731A1",
        "WO2014194257A1",
        "US20140355825A1",
        "US20140365163A1",
        "WO2014197443A1",
        "US20140376773A1",
        "US20150006120A1",
        "US20150010203A1",
        "US20150025355A1",
        "US20150029092A1",
        "US20150035827A1",
        "US20150045699A1",
        "US20150051470A1",
        "CA2921954A1",
        "US20150070270A1",
        "US20150084860A1",
        "US20150109202A1",
        "US20150124566A1",
        "US20150128094A1",
        "US20150141784A1",
        "WO2015073713A1",
        "US20150148641A1",
        "CN104665962A",
        "US20150157944A1",
        "US20150169074A1",
        "US20150193949A1",
        "WO2015123445A1",
        "US20150261318A1",
        "US20150261306A1",
        "US20150277575A1",
        "US20150302168A1",
        "US20150309563A1",
        "US20150309582A1",
        "US20150313496A1",
        "US20150323998A1",
        "US20150325202A1",
        "US20150346701A1",
        "US9218574B2",
        "US20150370333A1",
        "US20150370326A1",
        "WO2015199747A1",
        "US9235934B2",
        "US20160011668A1",
        "US9240069B1",
        "WO2016041088A1",
        "CN105578954A",
        "US20160187992A1",
        "CN105830092A",
        "US20160262687A1",
        "US20160274758A1",
        "EP3073351A1",
        "US9459697B2",
        "US20160292497A1",
        "US20160313801A1",
        "US20160313899A1",
        "CN106227346A",
        "CN106293057A",
        "US20170061817A1",
        "US9597015B2",
        "US20170080346A1",
        "US20170090604A1",
        "US9612661B2",
        "US9613262B2",
        "WO2017062544A1",
        "US20170119472A1",
        "US20170124816A1",
        "US20170123487A1",
        "CN106648071A",
        "US9659403B1",
        "WO2017092225A1",
        "US9687168B2",
        "US9696795B2",
        "US20170188980A1",
        "WO2017120669A1",
        "US9741169B1",
        "US20170259167A1",
        "US9766709B2",
        "WO2017172185A1",
        "US9785247B1",
        "US9788789B2",
        "US20170308118A1",
        "US9864431B2",
        "US20180024634A1",
        "US20180020951A1",
        "US20180020978A1",
        "US20180024635A1",
        "US9891718B2",
        "US20180154140A1",
        "US20180153444A1",
        "US20180153430A1",
        "US20180307314A1",
        "US20180360379A1",
        "US10203751B2",
        "US20190076716A1",
        "US20190121305A1",
        "WO2019147949A1"
    ],
    "citations_ftf": [
        "CN106055114A"
    ],
    "citedby_own": [],
    "citedby_ftf": [
        "US20150124566A1",
        "US10188309B2",
        "US10042422B2",
        "US9880632B2",
        "US10962780B2",
        "US11216069B2",
        "US10772519B2",
        "US11179066B2",
        "US11331045B1",
        "US10409371B2",
        "CN110300542A",
        "EP3487595A4",
        "CN110312471B",
        "CN112040858A",
        "US10460455B2",
        "US10937414B2",
        "EP3743790A4",
        "US11069148B2",
        "US11481030B2",
        "US10970936B2",
        "US11493993B2",
        "US11150730B1",
        "US20230072423A1",
        "US10592001B2",
        "EP3801216A4",
        "CN112585600A",
        "US11045137B2",
        "WO2020047429A1",
        "CN112789577A",
        "US10921764B2",
        "EP3886693A4",
        "US10905383B2",
        "CN111077999B",
        "CN110974425B",
        "CN111700718B",
        "CN112205990B",
        "US11768546B1",
        "US11592907B2",
        "CN112347951B",
        "CN114224326A",
        "US20230297167A1"
    ]
}