{
    "patent_id": "US-10809876-B2",
    "title": "Virtual assistant conversations ",
    "assignee": "Verint Americas Inc.",
    "publication_date": "2020-10-20",
    "patent_link": "https://patents.google.com/patent/US10809876B2/en",
    "inventors": [
        "Fred A. Brown",
        "Tanya M. Miller"
    ],
    "classifications": [
        "G06F3/04817",
        "H04L51/02",
        "G06F3/04842",
        "G06F3/167",
        "G06F9/453",
        "G06Q10/10",
        "G06Q30/016",
        "G06Q50/20",
        "G06F16/90332",
        "G06N3/006"
    ],
    "abstract": "Techniques and architectures for implementing a team of virtual assistants are described herein. The team may include multiple virtual assistants that are configured with different characteristics, such as different functionality, base language models, levels of training, visual appearances, personalities, and so on. The characteristics of the virtual assistants may be configured by trainers, end-users, and/or a virtual assistant service. The virtual assistants may be presented to end-users in conversation user interfaces to perform different tasks for the users in a conversational manner. The different virtual assistants may adapt to different contexts. The virtual assistants may additionally, or alternatively, interact with each other to carry out tasks for the users, which may be illustrated in conversation user interfaces.",
    "claims": "\n1. A method comprising:\n2. The method of claim 1, wherein the first virtual assistant and the third virtual assistant communicate to perform the task for a user.\n3. The method of claim 1, wherein the one or more dialog representations are presented over a period of time in a back-and-forth manner to emulate a human conversation.\n4. The method of claim 1, wherein the one or more dialog representations indicate information that is communicated between the first virtual assistant and the third virtual assistant.\n5. The method of claim 1, wherein the first virtual assistant and the third virtual assistant are associated with different entities.\n6. The method of claim 1, wherein the one or more dialog representations include a summary conversation item that represents an entirety of the conversation among the first virtual assistant and the second virtual assistant and the third virtual assistant.",
    "status": "Active",
    "citations_own": [
        "US20060259555A1",
        "US20090216848A1",
        "US20140029734A1",
        "US20140047001A1",
        "US20140074454A1",
        "US20140164508A1",
        "US20140164476A1",
        "US20140164532A1",
        "US20150134456A1",
        "US20150172463A1",
        "US9967724B1"
    ],
    "citations_ftf": [
        "US5339391A",
        "US5497319A",
        "US5278980A",
        "US5265065A",
        "US5727174A",
        "DE69333568T2",
        "US5615112A",
        "US5682469A",
        "US5682539A",
        "US5715468A",
        "US5724571A",
        "US6012053A",
        "US6112177A",
        "GB9727322D0",
        "US6175829B1",
        "US6144938A",
        "US20070294229A1",
        "US6353817B1",
        "US6285978B1",
        "US6895578B1",
        "US7469381B2",
        "US6282507B1",
        "US6401061B1",
        "US7181438B1",
        "US9076448B2",
        "US6826540B1",
        "US20010053968A1",
        "US6829603B1",
        "US6757362B1",
        "EP1275042A2",
        "MXPA02009776A",
        "US20020123994A1",
        "US20020008716A1",
        "US20020032591A1",
        "US6999932B1",
        "US6987514B1",
        "US8677505B2",
        "US6834120B1",
        "US7548899B1",
        "US20020129031A1",
        "US6661418B1",
        "US7711547B2",
        "US7120646B2",
        "US7536413B1",
        "US7194483B1",
        "EP1410258A4",
        "US6826500B2",
        "KR20040018404A",
        "DE10200704A1",
        "US20030061029A1",
        "US7139755B2",
        "US7835530B2",
        "US20030126090A1",
        "US20030126089A1",
        "US7263493B1",
        "US20110301982A1",
        "US7548847B2",
        "US7076430B1",
        "US7398209B2",
        "US6946715B2",
        "US7058902B2",
        "US7739604B1",
        "US7543238B2",
        "US7606714B2",
        "US20040162724A1",
        "US6980949B2",
        "US20040186705A1",
        "US7797146B2",
        "US7124148B2",
        "US20050054381A1",
        "US7603705B2",
        "US7565368B2",
        "US7558792B2",
        "US20060020466A1",
        "US7685118B2",
        "US20060036430A1",
        "KR100456962B1",
        "US20060092978A1",
        "US8107401B2",
        "US7925506B2",
        "US7814105B2",
        "EP1672547A1",
        "US7426697B2",
        "US7912701B1",
        "US8438142B2",
        "US20070130112A1",
        "US20070043687A1",
        "US8677377B2",
        "US20070106670A1",
        "US8756326B1",
        "US20070134631A1",
        "IL174107A0",
        "US8229733B2",
        "US8204751B1",
        "US7890875B2",
        "US7539532B2",
        "US7610382B1",
        "US7849077B2",
        "US8255383B2",
        "WO2008022041A1",
        "US9318108B2",
        "US8073681B2",
        "US20080096533A1",
        "US8433556B2",
        "US7774193B2",
        "US8160979B1",
        "US8519963B2",
        "US7685140B2",
        "US7681140B2",
        "US20080274811A1",
        "US8374636B2",
        "US8078698B2",
        "US8185377B2",
        "GB2453318A",
        "US20090070103A1",
        "US20090089100A1",
        "US20110004841A1",
        "US7818183B2",
        "US7983997B2",
        "US20090119095A1",
        "US20090171923A1",
        "US10176827B2",
        "US20090204677A1",
        "US8156060B2",
        "US8289283B2",
        "US8548422B2",
        "US8401842B1",
        "US20090235356A1",
        "US8463594B2",
        "US8423478B2",
        "US10496753B2",
        "US8949377B2",
        "US20120030553A1",
        "US20100030549A1",
        "US8555346B2",
        "US20100070871A1",
        "US9202171B2",
        "US10489434B2",
        "US8065353B2",
        "AU2009335623B2",
        "US8515498B2",
        "US9106749B2",
        "IL197576A0",
        "US9171078B2",
        "US10540976B2",
        "US9858925B2",
        "US10241752B2",
        "US8473420B2",
        "US8943094B2",
        "US8818926B2",
        "US20110119196A1",
        "US9137183B2",
        "US10705794B2",
        "US10122662B2",
        "US8977584B2",
        "US8849661B2",
        "US20110288947A1",
        "US8612205B2",
        "CN103229223A",
        "US8510276B2",
        "US9122744B2",
        "US9871907B2",
        "WO2012083540A1",
        "US8768723B2",
        "US20120284040A1",
        "US8954933B2",
        "US9047567B2",
        "US20130031476A1",
        "US8771206B2",
        "EP2584746A1",
        "US9082402B2",
        "US20130204813A1",
        "US20130254139A1",
        "US9402057B2",
        "US8346563B1",
        "US9223537B2",
        "KR101412419B1",
        "US20140067349A1",
        "US20140115456A1",
        "US20140181741A1",
        "KR20140091633A",
        "US9672822B2",
        "US20140245140A1",
        "US9172747B2",
        "EP2962268A4",
        "US20140282109A1",
        "WO2014169269A1",
        "US10445115B2",
        "US20150067503A1",
        "US20150066817A1",
        "US10296160B2",
        "US10534623B2",
        "US10088972B2",
        "US20170277993A1"
    ],
    "citedby_own": [
        "US11218429B2",
        "US11545271B2",
        "US11563785B1"
    ],
    "citedby_ftf": [
        "US8677377B2",
        "US9318108B2",
        "US8977255B2",
        "US10002189B2",
        "US9330720B2",
        "US10176827B2",
        "US8996376B2",
        "US20100030549A1",
        "US8676904B2",
        "US10489434B2",
        "US10241752B2",
        "US10706373B2",
        "US10241644B2",
        "US8943094B2",
        "US10276170B2",
        "US8682667B2",
        "US9634855B2",
        "US9122744B2",
        "US9262612B2",
        "US20180143989A1",
        "US10057736B2",
        "US10972530B2",
        "US9836177B2",
        "US10134385B2",
        "US9223537B2",
        "US10417037B2",
        "US9721563B2",
        "WO2014025990A1",
        "US9536049B2",
        "US9547647B2",
        "EP2930599A4",
        "WO2014124332A2",
        "CL2013001350S1",
        "US10652394B2",
        "US10748529B1",
        "US10445115B2",
        "WO2014197334A2",
        "WO2014197335A1",
        "US10176167B2",
        "EP3937002A1",
        "US10296160B2",
        "US9804820B2",
        "US10534623B2",
        "US10088972B2",
        "US9633547B2",
        "US10553098B2",
        "US9633004B2",
        "AU2015266863B2",
        "US9715875B2",
        "US10170123B2",
        "US9430463B2",
        "WO2015187048A1",
        "USD778311S1",
        "US9880717B1",
        "USD777768S1",
        "US9338493B2",
        "US11330100B2",
        "US10698585B2",
        "US20160071517A1",
        "US9818400B2",
        "US9668121B2",
        "US10074360B2",
        "US10127911B2",
        "US9311811B1",
        "KR102047500B1",
        "KR102393296B1",
        "US10028116B2",
        "EP3259754B1",
        "US10152299B2",
        "US9721566B2",
        "US10567477B2",
        "US9886953B2",
        "US10009286B2",
        "US10460227B2",
        "US10446142B2",
        "US10083688B2",
        "US10200824B2",
        "US9578173B2",
        "US11025565B2",
        "US20160371581A1",
        "US20160378747A1",
        "US10671428B2",
        "US10747498B2",
        "US10740384B2",
        "US10691473B2",
        "US10956666B2",
        "US11429883B2",
        "US10769189B2",
        "US10049668B2",
        "JP6834980B2",
        "US10353564B2",
        "US10223066B2",
        "US20170193369A1",
        "US10354653B1",
        "JP6888557B2",
        "US20190019512A1",
        "US20170242658A1",
        "US20170249580A1",
        "US20170249600A1",
        "US10192550B2",
        "US10140988B2",
        "US10140986B2",
        "US20170270488A1",
        "US10133612B2",
        "WO2017167405A1",
        "CA2962765A1",
        "US10757048B2",
        "US10158593B2",
        "US10945129B2",
        "US10353534B2",
        "US10318253B2",
        "US10346184B2",
        "US10579238B2",
        "JP6551793B2",
        "US10915234B2",
        "CN109416685B",
        "US10249300B2",
        "US11227589B2",
        "US10049663B2",
        "DK179588B1",
        "US10586535B2",
        "US10067938B2",
        "DK179343B1",
        "DK179415B1",
        "DK201670540A1",
        "KR101731867B1",
        "US20180054523A1",
        "US20180052664A1",
        "US20180053119A1",
        "US11086593B2",
        "US11200026B2",
        "CN109643313A",
        "US10185840B2",
        "US10217462B2",
        "US10474753B2",
        "US10043516B2",
        "US10659398B2",
        "US10437841B2",
        "US10217453B2",
        "US10157607B2",
        "US10446144B2",
        "US11281993B2",
        "US11169660B2",
        "US10649739B2",
        "US10593346B2",
        "US11210593B1",
        "US11204787B2",
        "US10915553B2",
        "US10831796B2",
        "US10359993B2",
        "WO2018134960A1",
        "US10166465B2",
        "US10915303B2",
        "US11024304B1",
        "US11157490B2",
        "US10497360B2",
        "WO2018183286A1",
        "US10897433B2",
        "US20180285741A1",
        "US11188808B2",
        "US11341173B2",
        "EP3388952A1",
        "US11494440B1",
        "US11025566B2",
        "US20180300161A1",
        "US10846615B2",
        "US20180300337A1",
        "US10452251B2",
        "US10237209B2",
        "EP3401795A1",
        "US10887423B2",
        "US10417266B2",
        "US20180332167A1",
        "DK201770383A1",
        "US10726832B2",
        "DK180048B1",
        "CN108874460B",
        "DK201770439A1",
        "US10395654B2",
        "DK179745B1",
        "US11301477B2",
        "DK179496B1",
        "DK201770429A1",
        "US11436417B2",
        "DK201770431A1",
        "US10127227B1",
        "DK201770432A1",
        "US10303715B2",
        "US10311144B2",
        "US20180336892A1",
        "US10403278B2",
        "DK179560B1",
        "US11074280B2",
        "US11803399B2",
        "US10678570B2",
        "US10657328B2",
        "US11537644B2",
        "US10176808B1",
        "CN107357838B",
        "US11699039B2",
        "US10585991B2",
        "US10931724B2",
        "US10860289B2",
        "US20190068527A1",
        "WO2019043597A1",
        "ZA201805909B",
        "US11018998B1",
        "US10366291B2",
        "JP7130929B2",
        "CN111108550A",
        "US10445429B2",
        "US10755051B2",
        "US10460748B2",
        "US10339931B2",
        "US11477297B2",
        "US11075975B2",
        "US11132503B2",
        "US10713300B2",
        "US10594748B2",
        "US20190149959A1",
        "US11663182B2",
        "US10679156B1",
        "US10636424B2",
        "JP7192208B2",
        "US10810322B2",
        "CN107919123B",
        "US11558467B2",
        "US10726843B2",
        "US11301746B2",
        "US10733982B2",
        "US11694681B2",
        "US10643632B2",
        "US10599469B2",
        "US10733375B2",
        "US11256460B2",
        "US10817667B2",
        "US10834227B2",
        "US11301870B2",
        "US10789959B2",
        "US10762900B2",
        "US11087752B2",
        "JP7130761B2",
        "US10592604B2",
        "US10712990B2",
        "US10818288B2",
        "US10909331B2",
        "US11715042B1",
        "US10782986B2",
        "US11307880B2",
        "US11676220B2",
        "US10928918B2",
        "US11145294B2",
        "KR20230037704A",
        "CN110710158B",
        "US11386159B2",
        "US10901719B2",
        "US11169668B2",
        "US20190355363A1",
        "US10984780B2",
        "JP7155605B2",
        "DK179822B1",
        "DK180639B1",
        "US11386266B2",
        "US10892996B2",
        "DK201870355A1",
        "US10496705B1",
        "US11132681B2",
        "JP2021531576A",
        "JP2021530794A",
        "WO2020018525A1",
        "US11075007B2",
        "WO2020022723A1",
        "US10848443B2",
        "EP3937030A1",
        "US20200342865A1",
        "US11244381B2",
        "CN109145100A",
        "KR20200024511A",
        "US11568175B2",
        "US10802872B2",
        "US11509659B2",
        "US11010561B2",
        "US10839159B2",
        "US11170166B2",
        "US11462215B2",
        "KR20200044175A",
        "US10832589B1",
        "CN109979250A",
        "US11188881B2",
        "US11196863B2",
        "US11250114B2",
        "US11481186B2",
        "US11475898B2",
        "CN109542557A",
        "US10861442B2",
        "US10740371B1",
        "US20200193264A1",
        "US11638059B2",
        "US10936347B2",
        "US10490191B1",
        "JP2022520763A",
        "US11175792B2",
        "US11348573B2",
        "US11455151B2",
        "US20200320134A1",
        "US11163964B2",
        "US11588760B2",
        "US11521114B2",
        "US11217251B2",
        "US11423908B2",
        "US11307752B2",
        "US11475884B2",
        "US11074415B2",
        "US10628133B1",
        "US11290574B2",
        "US11140099B2",
        "US11056114B2",
        "DK180129B1",
        "US11496600B2",
        "US11289073B2",
        "DK201970511A1",
        "US11468890B2",
        "US11360641B2",
        "US10789040B1",
        "US11164585B2",
        "US11244106B2",
        "CN110544475B",
        "US10949153B2",
        "US11417336B2",
        "WO2021033886A1",
        "EP3973413A4",
        "US11195509B2",
        "US11121987B1",
        "US11669684B2",
        "US11061638B2",
        "US11120790B2",
        "WO2021061512A1",
        "US11393477B2",
        "WO2021056255A1",
        "KR102433964B1",
        "US20220319516A1",
        "US20220351727A1",
        "US11757804B2",
        "US11308284B2",
        "US11567788B1",
        "US11423235B2",
        "US11233490B2",
        "US11783224B2",
        "CN110942695A",
        "US11144331B1",
        "US20210209441A1",
        "US11386176B2",
        "US11599725B2",
        "US11651197B2",
        "US11394799B2",
        "US11183193B1",
        "US11755276B2",
        "US11438683B2",
        "US20220051071A1",
        "US20220103491A1",
        "US20220130379A1",
        "US11563706B2",
        "US11394668B1",
        "US11545141B1",
        "US11451496B1",
        "US20220358461A1",
        "US20220399023A1",
        "WO2023061614A1"
    ]
}