{
    "patent_id": "US-10791442-B2",
    "title": "System and method for remote asset management ",
    "assignee": "M2M Solutions Llc",
    "publication_date": "2020-09-29",
    "patent_link": "https://patents.google.com/patent/US10791442B2/en",
    "inventors": [
        "Philip Bernard Wesby"
    ],
    "classifications": [
        "H04W4/50",
        "G06Q40/00",
        "G06Q40/06",
        "H04L41/00",
        "H04L41/08",
        "H04L41/0816",
        "H04L67/04",
        "H04L67/10",
        "H04L67/125",
        "H04W12/0023",
        "H04W12/08",
        "H04W12/1206",
        "H04W12/126",
        "H04W12/35",
        "H04W4/00",
        "H04W4/06",
        "H04W4/20",
        "H04W4/60",
        "H04W8/22",
        "H04W8/245",
        "H04L63/101",
        "H04W12/12",
        "Y04S40/20"
    ],
    "abstract": "A system for autonomously monitoring and managing consumer device assets includes a plurality of consumer device assets registered with a remote computer server platform. The remote computer server platform is configured to execute software applications for monitoring and managing the consumer device assets. The consumer device assets communicate operational status information and consumer usage information to the remote computer server platform automatically as a result of pre-programmed conditions and/or instructions received from the remote computer server platform. The remote computer server platform monitors the consumer device assets by processing the operational status information and consumer usage information automatically according to preprogrammed conditions. Based upon the results of processing at least some of the received consumer usage information, the remote computer server platform manages the consumer device assets by communicating management instructions that cause the stored data content files of one or more assets to be automatically modified.",
    "claims": "\n1. A method of operating a remote computer server platform to provide a range of consumer services by autonomously monitoring and managing a plurality of consumer device assets wirelessly connected to one or more communications networks, each asset having as on-device components operating system and application software, nonvolatile memory for storing files of data content for display to a consumer user of the device, and a display apparatus for displaying the stored data content, said method comprising:\nproviding a remote computer server platform connected to the one or more communications networks, the remote computer server platform configured to execute software applications for monitoring and managing the plurality of consumer device assets, each of said assets being registered with the remote computer server platform;\nreceiving at the remote computer server platform communications sent from each of the plurality of consumer device assets containing operational status information indicative of an operational status of the particular sending consumer device asset, said communications having automatically resulted from at least one selected from the group consisting of preprogrammed conditions and programming instructions generated by the remote computer server platform;\nreceiving at the remote computer server platform communications sent from each of the plurality of consumer device assets containing consumer usage information identifying the particular manner in which a consumer user has used a particular feature of the particular sending consumer device asset, said communications having automatically resulted from at least one selected from the group consisting of preprogrammed conditions and programming instructions generated by the remote computer server platform;\nmonitoring the plurality of consumer device assets by the remote computer server platform by automatically processing, according to preprogrammed conditions, the received operational status information and the received consumer usage information;\nmanaging the plurality of consumer device assets by the remote computer server platform, by sending communications to one or more assets containing one or more management instructions that are based upon the results of having processed at least some of the received consumer usage information, said management instructions causing the display data content files stored in non-volatile memory on one or more of the assets to be automatically modified so as to provide a consumer service;\nwherein the remote computer server platform provides said consumer service on an autonomous basis unprompted in whole or in part by the receipt of any request or command initiated by a consumer user of one or more of the plurality of consumer device assets; and\nwherein the aforesaid communications received by and sent from the remote computer server platform are transmitted over the one or more communications networks and comprise at least one selected from the group consisting of General Packet Radio Service (GPRS) data messages, Enhanced Data rates for GSM Evolution (EDGE) data messages, and other wireless packet switched data messages.\n2. A method according to claim 1 wherein the one or more communications networks comprise at least one selected from the group consisting of a cellular mobile telecommunications network and the Internet.\n3. A method according to claim 2 wherein the remote computer server platform stores information indicative of preferences that one or more individual consumer users of the plurality of consumer device assets have for particular display data content files.\n4. A method according to claim 3 wherein the remote computer server platform further manages the plurality of consumer device assets, by sending communications to one or more assets containing one or more additional management instructions that are based upon the results of having processed at least some of the stored consumer preference information, said additional management instructions causing the display data content files stored in non-volatile memory on one or more of the assets to be automatically modified so as to provide a consumer service, and wherein said communications comprise at least one selected from the group consisting of GPRS data messages, EDGE data messages, or other wireless packet switched data messages.\n5. A method according to claim 4 wherein the automatic modifications of the stored display data content files of the one or more consumer device assets caused by the one or more management instructions that are based upon the results of having processed at least some of the consumer usage information or consumer preference information are comprised of at least one selected from the group consisting of storing one or more new display data content files on said assets, updating one or more existing stored display data content files on said assets, and deleting one or more existing stored display data content files from said assets.\n6. A method according to claim 5 wherein the aforesaid wireless packet switched data message communications received by and sent from the remote computer server platform over the cellular mobile telecommunications network and over the Internet are encrypted according to a key pair encryption scheme.\n7. A method according to claim 6 wherein the remote computer server platform communicates a Short Message Service (SMS) message to at least one of the plurality of consumer device assets that causes one or more components of said asset to power up from a powered down state for facilitating the exchange of further communications between said asset and the remote computer server platform, and wherein said further communications comprise at least one selected from the group consisting of GPRS data messages, EDGE data messages, or other wireless packet switched data messages.\n8. A method according to claim 7 wherein the remote computer server platform stores information comprising operational details for one or more of the consumer device assets, and wherein said information includes at least data indicative of battery charge levels.\n9. A method according to claim 8 wherein the remote computer server platform includes in one or more of the aforesaid wireless packet switched data message communications containing one or more management instructions sent to one or more of the plurality of consumer device assets a unique identifier of the particular receiving consumer device asset, and wherein said unique identifier comprises in whole or in part an identification code specific to that particular receiving consumer device asset.\n10. A method according to claim 9 wherein one or more of said further communications facilitated by the remote computer server platform sending a Short Message Service (SMS) message contains one or more management instructions that the remote computer server platform determines to send based upon the results of having processed at least some of the consumer preference information.\n11. A method according to claim 10 wherein the remote computer server platform further manages the plurality of consumer device assets by sending over the one or more communications networks to at least one asset wireless packet switched data message communications containing one or more additional management instructions, and wherein the one or more additional management instructions cause at least one selected from the group consisting of automatic deletion without replacement of one or more existing stored display data content files from the at least one asset, and automatic updating of one or more software programs stored on the at least one asset.\n12. A method according to claim 11 wherein the one or more communications networks comprise a cellular mobile telecommunications network and the Internet.\n13. A method according to claim 1 wherein the operational status information received by the remote computer server platform from at least one of the plurality of consumer device assets comprises information indicative of whether or in what manner a setting or a feature on the particular sending consumer device asset has been enabled or actuated.\n14. A method according to claim 5 wherein the remote computer server platform communicates a Short Message Service (SMS) message to at least one of the plurality of consumer device assets that causes one or more components of said asset to power up from a powered down state for facilitating the exchange of further communications between said asset and the remote computer server platform, and wherein said further communications comprise at least one selected from the group consisting of GPRS data messages, EDGE data messages, or other wireless packet switched data messages that contain one or more management instructions that the remote computer server platform determines to send based upon the results of having processed at least some of the consumer preference information.\n15. A method according to claim 14 wherein the remote computer server platform stores information comprising operational details for one or more of the consumer device assets, and wherein said information includes at least data indicative of battery charge levels.\n16. A method according to claim 14 wherein the remote computer server platform includes in one or more of the aforesaid wireless packet switched data message communications containing one or more management instructions sent to one or more of the plurality of consumer device assets a unique identifier of the particular receiving consumer device asset, and wherein said unique identifier comprises in whole or in part an identification code specific to that particular receiving consumer device asset.\n17. A method according to claim 6 wherein the remote computer server platform communicates a Short Message Service (SMS) message to at least one of the plurality of consumer device assets that causes one or more components of said asset to power up from a powered down state for facilitating the exchange of further communications between said asset and the remote computer server platform, and wherein said further communications comprise at least one selected from the group consisting of GPRS data messages, EDGE data messages, or other wireless packet switched data messages that contain one or more management instructions that the remote computer server platform determines to send based upon the results of having processed at least some of the consumer preference information.\n18. A method according to claim 17 wherein the remote computer server platform stores information comprising operational details for one or more of the consumer device assets, and wherein said information includes at least data indicative of battery charge levels.\n19. A method according to claim 17 wherein the remote computer server platform includes in one or more of the aforesaid wireless packet switched data message communications containing one or more management instructions sent to one or more of the plurality of consumer device assets a unique identifier of the particular receiving consumer device asset, and wherein said unique identifier comprises in whole or in part an identification code specific to that particular receiving consumer device asset.\n20. A method of operating a remote computer server platform to provide a range of consumer services by autonomously monitoring and managing a first plurality of consumer device assets wirelessly connected to a cellular mobile telecommunications network and a second plurality of consumer device assets wirelessly connected to the Internet, each asset having as on-device components operating system and application software, nonvolatile memory for storing files of data content for display to a consumer user of the device, and a display apparatus for displaying the stored data content, said method comprising:\nproviding a remote computer server platform connected to the cellular mobile telecommunications network and to the Internet, the remote computer server platform configured to execute software applications for monitoring and managing the first and second pluralities of consumer device assets, each of said assets being registered with the remote computer server platform;\nreceiving at the remote computer server platform communications sent over said communications networks from each of the first and second pluralities of consumer device assets containing operational status information indicative of an operational status of the particular sending consumer device asset, said communications having automatically resulted from at least one selected from the group consisting of preprogrammed conditions and programming instructions generated by the remote computer server platform, and wherein said communications comprise at least one selected from the group consisting of General Packet Radio Service (GPRS) data messages, Enhanced Data rates for GSM Evolution (EDGE) data messages, and other wireless packet switched data messages;\nreceiving at the remote computer server platform communications sent over said communications networks from each of the first and second pluralities of consumer device assets containing consumer usage information identifying the particular manner in which a consumer user has used a particular feature of the particular sending consumer device asset, said communications having automatically resulted from at least one selected from the group consisting of preprogrammed conditions and programming instructions generated by the remote computer server platform, and wherein said communications comprise at least one selected from the group consisting of General Packet Radio Service (GPRS) data messages, Enhanced Data rates for GSM Evolution (EDGE) data messages, and other wireless packet switched data messages;\nmonitoring the first and second pluralities of consumer device assets by the remote computer server platform by automatically processing, according to preprogrammed conditions, the received operational status information and the received consumer usage information automatically according to preprogrammed conditions;\nmanaging the first and second pluralities of consumer device assets by the remote computer server platform, by sending communications to one or more assets containing one or more management instructions that are based upon the results of having processed at least some of the received consumer usage information, said management instructions causing the display data content files stored in non-volatile memory on one or more of the assets to be automatically modified so as to provide a consumer service;\nwherein said communications comprise at least one selected from the group consisting of GPRS data messages, EDGE data messages, or other wireless packet switched data messages;\nsending a Short Message Service (SMS) message by the remote computer server platform to at least one of the first plurality of consumer device assets that causes one or more components of said asset to power up from a powered down state for facilitating the exchange of further communications between said asset and the remote computer server platform, wherein said further communications comprise at least one selected from the group consisting of GPRS data messages, EDGE data messages, or other wireless packet switched data messages; and\nwherein the remote computer server platform provides said consumer service on an autonomous basis unprompted in whole or in part by the receipt of any request or command initiated by a consumer user of one or more of the first and second pluralities of consumer device assets.\n21. A method according to claim 20 wherein the remote computer server platform stores information indicative of preferences that one or more individual consumer users of the first and second pluralities of consumer device assets have for particular display data content files.\n22. A method according to claim 21 wherein the remote computer server platform further manages the first and second pluralities of consumer device assets, by sending communications to one or more assets containing one or more additional management instructions that are based upon the results of having processed at least some of the stored consumer preference information, said additional management instructions causing the display data content files stored in non-volatile memory on one or more of the assets to be automatically modified so as to provide a consumer service, and wherein said communications comprise at least one selected from the group consisting of GPRS data messages, EDGE data messages, or other wireless packet switched data messages.\n23. A method according to claim 22 wherein the automatic modifications of the stored display data content files of the one or more consumer device assets caused by the one or more management instructions that are based upon the results of having processed at least some of the consumer usage information or consumer preference information are comprised of at least one selected from the group consisting of storing one or more new display data content files on said assets, updating one or more existing stored display data content files on said assets, and deleting one or more existing stored display data content files from said assets.\n24. A method according to claim 23 wherein the aforesaid wireless packet switched data message communications received by and sent from the remote computer server platform over the cellular mobile telecommunications network and over the Internet are encrypted according to a key pair encryption scheme.\n25. A method according to claim 24 wherein one or more of said further communications facilitated by the remote computer server platform sending a Short Message Service (SMS) message comprises one or more management instructions generated by the remote computer server platform that the remote computer server platform determines to send based upon the results of having processed at least some of the consumer preference information.\n26. A method according to claim 24 wherein the remote computer server platform stores information comprising operational details for one or more of the consumer device assets, and wherein said information includes at least data indicative of battery charge levels.\n27. A method according to claim 25 wherein the remote computer server platform includes in one or more of the aforesaid wireless packet switched data message communications containing one or more management instructions sent to one or more of the first and second pluralities of consumer device assets a unique identifier of the particular receiving consumer device asset, and wherein said unique identifier comprises in whole or in part an identification code specific to that particular receiving consumer device asset.\n28. A method according to claim 26 wherein the remote computer server platform includes in one or more of the aforesaid wireless packet switched data message communications containing one or more management instructions sent to one or more of the first and second pluralities of consumer device assets a unique identifier of the particular receiving consumer device asset, and wherein said unique identifier comprises in whole or in part an identification code specific to that particular receiving consumer device asset.\n29. A method according to claim 25 wherein the remote computer server platform further manages the first and second pluralities of consumer device assets by sending over said communications networks to at least one asset wireless packet switched data message communications containing one or more additional management instructions, and wherein the one or more additional management instructions cause at least one selected from the group consisting of automatic deletion without replacement of one or more existing stored display data content files from the at least one asset, and automatic updating of one or more software programs stored on the at least one asset.\n30. A method according to claim 26 wherein the remote computer server platform further manages the first and second pluralities of consumer device assets by sending over said communications networks to at least one asset wireless packet switched data message communications containing one or more additional management instructions, and wherein the one or more additional management instructions cause at least one selected from the group consisting of automatic deletion without replacement of one or more existing stored display data content files from the at least one asset, and automatic updating of one or more software programs stored on the at least one asset.",
    "status": "Expired - Lifetime",
    "citations_own": [
        "US4465904A",
        "US4855713A",
        "US4908853A",
        "US4951029A",
        "EP0432746A2",
        "EP0524652A2",
        "US5276729A",
        "US5293418A",
        "US5381138A",
        "US5396264A",
        "JPH0787211A",
        "WO1996010807A1",
        "US5548271A",
        "US5581599A",
        "US5581803A",
        "US5600708A",
        "JPH0964950A",
        "US5623533A",
        "EP0772336A2",
        "WO1997023104A1",
        "US5689563A",
        "US5689442A",
        "DE19625581A1",
        "US5727202A",
        "US5740549A",
        "US5742666A",
        "US5745049A",
        "DE19707681C1",
        "US5752976A",
        "US5771455A",
        "US5774804A",
        "US5802460A",
        "US5819284A",
        "US5831545A",
        "WO1998051059A2",
        "US5878339A",
        "US5884161A",
        "WO1999013629A1",
        "US5903634A",
        "US5913040A",
        "US5913164A",
        "WO1999034339A2",
        "US5926816A",
        "US5940752A",
        "US5946636A",
        "US5948064A",
        "US5960366A",
        "US5974312A",
        "US5978766A",
        "US5995603A",
        "US5999990A",
        "US6000000A",
        "US6026293A",
        "US6031828A",
        "US6031825A",
        "US6041229A",
        "JP2000115859A",
        "EP0996302A1",
        "EP0997177A2",
        "US6072396A",
        "US6075451A",
        "US6078948A",
        "US6097429A",
        "US6102487A",
        "US6108521A",
        "WO2000056016A1",
        "US6125273A",
        "US6141010A",
        "US6144859A",
        "US6148197A",
        "WO2000070889A1",
        "US6157318A",
        "US6172616B1",
        "WO2001003414A1",
        "WO2001008396A1",
        "US6198390B1",
        "US6208839B1",
        "US6208854B1",
        "US6226650B1",
        "US6228641B1",
        "US6230002B1",
        "US20010001234A1",
        "US6243398B1",
        "US6247135B1",
        "JP2001177668A",
        "US6275143B1",
        "US6289084B1",
        "US6288641B1",
        "JP2001249860A",
        "US6295449B1",
        "US6308083B2",
        "US6314270B1",
        "GB2363035A",
        "US20020004753A1",
        "US20020032754A1",
        "JP2002077438A",
        "US20020037750A1",
        "US20020037731A1",
        "US20020046353A1",
        "US6377161B1",
        "US20020052754A1",
        "US6400265B1",
        "US20020071558A1",
        "US6411198B1",
        "US20020080938A1",
        "US20020082997A1",
        "US6421717B1",
        "US6424623B1",
        "US20020103942A1",
        "US6441986B1",
        "US6442432B2",
        "US20020129107A1",
        "US6462656B2",
        "US20020156833A1",
        "US20020165024A1",
        "US20020169000A1",
        "US6484033B2",
        "US6487478B1",
        "US6496777B2",
        "US20020194309A1",
        "US20020194207A1",
        "US20020191557A1",
        "US20020198997A1",
        "US20030046433A1",
        "US20030055735A1",
        "US20030060228A1",
        "US20030061323A1",
        "US6553418B1",
        "US20030101329A1",
        "US20030100321A1",
        "US6573825B1",
        "US6577881B1",
        "US6584502B1",
        "US20030131355A1",
        "US6606508B2",
        "US6611849B1",
        "US6611755B1",
        "US6633784B1",
        "US6658586B1",
        "US6671757B1",
        "US20040024824A1",
        "US6754470B2",
        "US6759956B2",
        "US6766165B2",
        "US6788980B1",
        "US6806813B1",
        "US6832102B2",
        "US6833787B1",
        "US6842776B1",
        "US6873842B2",
        "US6922547B2",
        "US6925335B2",
        "US6952680B1",
        "US6970917B1",
        "US6973309B1",
        "US6980977B2",
        "US6985742B1",
        "US6988989B2",
        "US7027808B2",
        "US7046635B2",
        "US7084771B2",
        "US7158805B1",
        "US7181501B2",
        "US7185196B1",
        "US7197011B2",
        "US7225241B2",
        "US7254601B2",
        "US7286823B2",
        "US7310532B2",
        "US7343408B2",
        "US7356494B2",
        "US7412233B2",
        "US7490045B1",
        "US7519651B2",
        "US7583197B2",
        "US7599681B2",
        "US7639157B1",
        "US20100058087A1",
        "US7752166B2",
        "US7774211B1",
        "US7840437B2",
        "US7861303B2",
        "US7890095B2",
        "US7940045B2",
        "US7958457B1"
    ],
    "citations_ftf": [
        "US4703325A",
        "DE4105584C1",
        "US5239575A",
        "US5917405A",
        "US5400011A",
        "WO1996029688A1",
        "US5732074A",
        "KR20000016463A",
        "US5892758A",
        "US6240365B1",
        "US5790977A",
        "US6076099A",
        "FI106180B",
        "SG97809A1",
        "KR100366716B1",
        "JP2000158591A",
        "US6487717B1",
        "US6906636B1",
        "US6611686B1",
        "US6430164B1",
        "AU7843900A",
        "US6614349B1",
        "CA2302999A1",
        "WO2001084274A2",
        "US6507786B2",
        "US7630721B2",
        "US20020023233A1",
        "US6556899B1",
        "JP2004530174A",
        "DE10044528A1",
        "ATE426303T1",
        "CA2791268A1",
        "GB2368222B",
        "GB0121993D0"
    ],
    "citedby_own": [
        "US11337047B1"
    ],
    "citedby_ftf": [
        "US7271704B2",
        "US7450020B2",
        "US7728715B2",
        "US8210047B2",
        "US7174769B2",
        "US7188679B2",
        "US7174783B2",
        "US20030217005A1",
        "US7090658B2",
        "WO1998038953A1",
        "US6467953B1",
        "US7041941B2",
        "US8788092B2",
        "US8412377B2",
        "US6956348B2",
        "EP3373568A3",
        "US6690134B1",
        "US7571511B2",
        "US7238171B2",
        "US8396592B2",
        "US7663333B2",
        "US8226605B2",
        "US6993393B2",
        "US7729776B2",
        "US7035595B1",
        "US9128486B2",
        "US6658091B1",
        "US6985773B2",
        "GB0211644D0",
        "US7212896B2",
        "US20190146462A1",
        "US7356495B2",
        "US10118576B2",
        "EP2955896B1",
        "US8428778B2",
        "US8386081B2",
        "US7693289B2",
        "US7607624B1",
        "US8019362B2",
        "US7433740B2",
        "US20040176877A1",
        "US7603128B1",
        "US7401233B2",
        "US20050027608A1",
        "US20050030905A1",
        "AU2003270323A1",
        "WO2005026869A2",
        "US7599843B2",
        "US8665082B2",
        "WO2005045461A1",
        "US20050119930A1",
        "US7551076B2",
        "US10086511B2",
        "US8639365B2",
        "US20070282480A1",
        "US8639489B2",
        "US20040133347A1",
        "KR100664108B1",
        "US7225981B2",
        "US7337078B2",
        "US7332890B2",
        "TWM251420U",
        "US9052717B1",
        "US20050176367A1",
        "US20080243321A1",
        "US7109882B2",
        "USD801981S1",
        "GB2411259A",
        "JP4562402B2",
        "US20050197847A1",
        "US7611504B1",
        "FR2867652B1",
        "US11113950B2",
        "US10721087B2",
        "US10237237B2",
        "US10522026B2",
        "US9609003B1",
        "US10348575B2",
        "US9531593B2",
        "US11159484B2",
        "US11677577B2",
        "US9729342B2",
        "US10156959B2",
        "US8963713B2",
        "US11489812B2",
        "US11368429B2",
        "US9141276B2",
        "US11343380B2",
        "US10200504B2",
        "AU2005223267B2",
        "US10375253B2",
        "US11201755B2",
        "US10339791B2",
        "US10382452B1",
        "US8635350B2",
        "US10444964B2",
        "US11582065B2",
        "US10313303B2",
        "US11316958B2",
        "US11244545B2",
        "US10127802B2",
        "US8988221B2",
        "US10142392B2",
        "US20090077623A1",
        "US7711796B2",
        "US20170118037A1",
        "US11277465B2",
        "US7499984B2",
        "US8126665B1",
        "US9400193B2",
        "WO2005098476A1",
        "EP1732645B1",
        "EP1732643B1",
        "US7269504B2",
        "US7487029B2",
        "US7508840B2",
        "US20050267898A1",
        "US7502686B1",
        "WO2006002385A1",
        "US7531007B2",
        "US7706917B1",
        "US8972052B2",
        "JP4416593B2",
        "US7283062B2",
        "US7904712B2",
        "US7925729B2",
        "US8316438B1",
        "US9224394B2",
        "US7224262B2",
        "US20060074601A1",
        "US7304586B2",
        "US9080894B2",
        "US7747733B2",
        "US8001082B1",
        "US7450004B2",
        "US6990335B1",
        "US20060107008A1",
        "US8260917B1",
        "US20060129673A1",
        "US20060242127A1",
        "US8478849B2",
        "US20060158326A1",
        "US7250862B2",
        "US7218969B2",
        "JP2006209462A",
        "US20060200711A1",
        "US20060198312A1",
        "US20060198318A1",
        "US9388680B2",
        "WO2006083959A2",
        "US7363137B2",
        "US9207675B1",
        "US7620476B2",
        "WO2006089307A2",
        "US8392021B2",
        "US9609287B2",
        "NZ538796A",
        "US20120324566A1",
        "US9306809B2",
        "US20110128378A1",
        "US11496568B2",
        "US20170180198A1",
        "US10999254B2",
        "US11615697B2",
        "US11700142B2",
        "US7289830B2",
        "US8930023B2",
        "US7509116B2",
        "US7529646B2",
        "US7664553B2",
        "US20060244587A1",
        "US20070211696A1",
        "US20060264178A1",
        "US20070211697A1",
        "US8107822B2",
        "US20080075103A1",
        "US20070260728A1",
        "US7899057B2",
        "US20070038880A1",
        "GB0511033D0",
        "US20060293089A1",
        "US20070006298A1",
        "US7607014B2",
        "US20100070582A1",
        "US20070021914A1",
        "US8295851B2",
        "US8880047B2",
        "KR20070016507A",
        "US8018335B2",
        "US8306638B2",
        "US8035509B2",
        "US7906765B2",
        "US20070080797A1",
        "WO2007027490A2",
        "CA2559375C",
        "US9189934B2",
        "US7877208B1",
        "US7817063B2",
        "EP1950681A4",
        "GB2432027B",
        "US7933668B2",
        "US7740611B2",
        "US8437958B2",
        "WO2007059352A2",
        "WO2007064822A2",
        "EP2267568B1",
        "ATE442619T1",
        "EP2816434A3",
        "KR101300493B1",
        "EP2544065B1",
        "US7589625B2",
        "WO2007073470A2",
        "US7525425B2",
        "US20070152844A1",
        "US8125931B2",
        "US20070185899A1",
        "US7830874B2",
        "US20070193834A1",
        "JP4020934B2",
        "KR100787976B1",
        "US7535358B2",
        "US7779099B2",
        "US8487738B2",
        "US20070225879A1",
        "DE102006014680A1",
        "WO2007110464A1",
        "US7658334B2",
        "JP4605079B2",
        "GB2437342B",
        "US8935416B2",
        "US9769655B2",
        "US9071583B2",
        "WO2007127120A2",
        "CN101064603A",
        "US8223009B2",
        "GB0609891D0",
        "US20070286169A1",
        "EP2548492B1",
        "US20080258890A1",
        "US7859392B2",
        "US9067565B2",
        "US8417383B2",
        "US10079839B1",
        "US20070287389A1",
        "TWI311294B",
        "US7623922B2",
        "US8185204B2",
        "US8213333B2",
        "US7581166B2",
        "US8353048B1",
        "WO2008019339A2",
        "US9499126B2",
        "US10741047B2",
        "US7970534B2",
        "US20080050017A1",
        "US8023440B2",
        "US20080059411A1",
        "US20080059005A1",
        "US20080059080A1",
        "US8508352B2",
        "US8302150B2",
        "CA2588173C",
        "US7619523B2",
        "US9625275B2",
        "US20080082832A1",
        "US9436931B2",
        "US20080147571A1",
        "US20080082345A1",
        "US7899610B2",
        "US20080133681A1",
        "US8049616B2",
        "US9148431B2",
        "WO2008074119A1",
        "CN101647040A",
        "US9940627B2",
        "US8615426B2",
        "US7818573B2",
        "US9602880B2",
        "US7546477B2",
        "US8509754B2",
        "US9569587B2",
        "US11316688B2",
        "US8526821B2",
        "US8281010B2",
        "US11783925B2",
        "CA2674819A1",
        "US8056143B2",
        "US8170183B2",
        "US11706279B2",
        "US9024717B2",
        "WO2008103955A2",
        "US8226293B2",
        "US7633385B2",
        "US8146811B2",
        "US8046079B2",
        "US7843335B2",
        "US10825089B2",
        "JP4855984B2",
        "US10845399B2",
        "US7696869B2",
        "TW200841691A",
        "US8451986B2",
        "US20080268866A1",
        "US20080270074A1",
        "US7797109B2",
        "US7917324B2",
        "US7983869B1",
        "US20080281745A1",
        "KR101301834B1",
        "US20080285461A1",
        "US8782135B2",
        "ITMI20071016A1",
        "US7986914B1",
        "US20080297410A1",
        "US8825277B2",
        "DE102007027363A1",
        "US10616075B2",
        "US10051078B2",
        "US11237714B2",
        "US11601810B2",
        "US11212192B2",
        "US11646907B2",
        "US20090061897A1",
        "US10523689B2",
        "US10389736B2",
        "US10423309B2",
        "US11089122B2",
        "US11316753B2",
        "US10498830B2",
        "US8032414B2",
        "US10666523B2",
        "US11423756B2",
        "US11218878B2",
        "US20100228405A1",
        "US8392118B2",
        "US8666590B2",
        "US9129460B2",
        "US8311513B1",
        "US8326353B1",
        "US9848447B2",
        "US7999670B2",
        "US8014356B2",
        "US8700743B2",
        "US9026639B2",
        "US9491077B2",
        "US8577703B2",
        "US9117246B2",
        "US8818618B2",
        "US8200376B2",
        "US20090051510A1",
        "US8504120B2",
        "KR100956332B1",
        "WO2009036391A2",
        "US20090083828A1",
        "US8170527B2",
        "WO2009046132A1",
        "US7876205B2",
        "US8054048B2",
        "CA2702079C",
        "US8390464B1",
        "CN101821498A",
        "US20090099897A1",
        "KR101435803B1",
        "US9401846B2",
        "JP2009103521A",
        "US8509760B2",
        "US8069479B2",
        "EP2220747A4",
        "US7986928B2",
        "EP2225741A1",
        "US7895131B2",
        "KR101861607B1",
        "US8624727B2",
        "US8626152B2",
        "US8981927B2",
        "US8749373B2",
        "US8166540B2",
        "US8645273B2",
        "US20090216665A1",
        "US9460440B2",
        "US20090216675A1",
        "US8140276B2",
        "US8015088B2",
        "US8121917B2",
        "DE102008000639A1",
        "US20090234703A1",
        "JP2009237936A",
        "US20090243791A1",
        "US8364319B2",
        "US8301330B2",
        "US9715709B2",
        "US8280362B2",
        "US8548434B2",
        "US8442493B2",
        "US8341729B2",
        "US9542687B2",
        "US8713697B2",
        "US20100013654A1",
        "US20100023522A1",
        "DE102008035727A1",
        "US8688180B2",
        "US10530839B2",
        "US11792036B2",
        "US11729255B2",
        "US11758026B2",
        "US11258625B2",
        "AU2015224465B2",
        "US8600405B2",
        "CN102171747B",
        "TWI409629B",
        "US8805110B2",
        "US20100048202A1",
        "US9841314B2",
        "US9600797B2",
        "US9047494B1",
        "US11482058B2",
        "EP2344991A4",
        "US20100076716A1",
        "US9824355B2",
        "US8977567B2",
        "US10706402B2",
        "AU2009302342B2",
        "US8295864B2",
        "US8649808B2",
        "US8004426B2",
        "US8527096B2",
        "US8463442B2",
        "US8548630B2",
        "US9651925B2",
        "US9268345B2",
        "US8437878B2",
        "US8744629B2",
        "US8437877B2",
        "US8560125B2",
        "US9432208B2",
        "US8600559B2",
        "US8977794B2",
        "US8655490B2",
        "US8433446B2",
        "US8994539B2",
        "US8788100B2",
        "US8442693B2",
        "US8874815B2",
        "US8798796B2",
        "US8615326B2",
        "US8463443B2",
        "US8661165B2",
        "US8725298B2",
        "US9632490B2",
        "US8655491B2",
        "US9678486B2",
        "US8452456B2",
        "US8564400B2",
        "US8802981B2",
        "US8452906B2",
        "US8543243B2",
        "US8295981B2",
        "US8762666B2",
        "US8855825B2",
        "US8892797B2",
        "US8600558B2",
        "US8694164B2",
        "US8774210B2",
        "US9325517B2",
        "JP5509577B2",
        "US8730056B2",
        "US8155878B2",
        "US20100127874A1",
        "US8577333B2",
        "US20100138080A1",
        "US8294573B2",
        "US8935190B2",
        "CA2745365C",
        "US8269604B2",
        "US20100180160A1",
        "WO2010086894A1",
        "US20100265095A1",
        "US8436744B2",
        "US8396992B2",
        "US20100198427A1",
        "US8963702B2",
        "EP2227065B1",
        "US20100229245A1",
        "EP2725836A1",
        "US20120064921A1",
        "US8903351B2",
        "AU2010201354B2",
        "US8264352B2",
        "US9488947B2",
        "EP2243738A1",
        "IT1393720B1",
        "US8638211B2",
        "US8161019B2",
        "US8417264B1",
        "US8028070B2",
        "US8214494B1",
        "US8886569B2",
        "US20110013762A1",
        "US8509963B1",
        "US20110024495A1",
        "US20130006479A1",
        "US8712571B2",
        "CA2712576C",
        "AU2010282260B2",
        "US9659301B1",
        "US10453011B1",
        "US9412130B2",
        "US8458732B2",
        "US8645014B1",
        "US9384491B1",
        "US9312728B2",
        "WO2011031891A1",
        "US8396446B2",
        "IT1395947B1",
        "US20110098016A1",
        "KR101664430B1",
        "US8750145B2",
        "US9027681B2",
        "US8378843B2",
        "US8686685B2",
        "CN102111724A",
        "US8539369B2",
        "US8903354B2",
        "US8800107B2",
        "GB2481191A",
        "ITFI20100036A1",
        "US9132715B2",
        "CA2734219A1",
        "US20110230159A1",
        "KR20110105951A",
        "US8649297B2",
        "US8724515B2",
        "US20110238498A1",
        "US10962678B2",
        "US10021466B2",
        "US8594938B2",
        "US8248294B2",
        "WO2011133558A1",
        "US8621219B2",
        "WO2011143273A1",
        "US8681009B2",
        "US20120015621A1",
        "DE102010022522B4",
        "US9116223B1",
        "US8879540B1",
        "US8422986B1",
        "US9689988B1",
        "US9357328B1",
        "US20120020191A1",
        "US11251608B2",
        "WO2013015835A1",
        "US8621362B2",
        "WO2012021377A2",
        "US8890656B2",
        "US8836467B1",
        "US8558694B2",
        "DE102010042116A1",
        "US8275508B1",
        "US8644960B2",
        "CN103202045B",
        "US9574894B1",
        "US8667060B2",
        "US20120131111A1",
        "US9542203B2",
        "US8923770B2",
        "US8589991B2",
        "US8792429B2",
        "US11750414B2",
        "US8948382B2",
        "US9294545B2",
        "US8971841B2",
        "US9147337B2",
        "US8738574B2",
        "US9324043B2",
        "US9077188B2",
        "US9246349B2",
        "KR101795025B1",
        "US20120190324A1",
        "US9041534B2",
        "US10892044B2",
        "US20120221188A1",
        "US9126545B2",
        "US8818325B2",
        "CA3178279A1",
        "US8698613B2",
        "EP2686643A4",
        "KR101843084B1",
        "US9953468B2",
        "US9208626B2",
        "US8727056B2",
        "US8774145B2",
        "US20110222480A1",
        "WO2012148400A1",
        "US9014632B2",
        "EP2705429B1",
        "US8630668B2",
        "US9690941B2",
        "US8406938B2",
        "US8538373B2",
        "US9439061B2",
        "US9146881B2",
        "WO2012170506A1",
        "US9130743B2",
        "WO2013003388A2",
        "AU2011374196B2",
        "US9146595B2",
        "US9612797B2",
        "US20130054159A1",
        "US9037296B2",
        "US9230232B2",
        "JP5826090B2",
        "CN102508468B",
        "US9467862B2",
        "US20130109427A1",
        "GB2499776A",
        "KR101908947B1",
        "US9659500B2",
        "CN103166801A",
        "WO2013090465A1",
        "WO2013102152A1",
        "CA2861660A1",
        "US8588763B2",
        "US9211381B2",
        "US20130187617A1",
        "JP2013162307A",
        "US8756668B2",
        "GB2499288A",
        "TW201336336A",
        "US9055409B2",
        "US20130234863A1",
        "US8594616B2",
        "US9092610B2",
        "US8874379B2",
        "US20130290057A1",
        "JP6104519B2",
        "US9420042B2",
        "US8798847B2",
        "US8768565B2",
        "US10515489B2",
        "CN102692903B",
        "US10152104B2",
        "US20130339266A1",
        "WO2013188097A2",
        "US9027155B2",
        "US9798325B2",
        "US9125987B2",
        "US8923817B2",
        "US9754499B2",
        "US9131344B2",
        "US20140067668A1",
        "GB201216283D0",
        "US9292136B2",
        "WO2014064708A1",
        "US8948391B2",
        "JP6140430B2",
        "EP2736004A1",
        "US9363214B2",
        "US9351167B1",
        "KR101470107B1",
        "US8682529B1",
        "EP2945370B1",
        "US9789788B2",
        "US9336108B2",
        "US9459978B2",
        "US9213616B2",
        "US9430348B2",
        "US9430349B2",
        "US9049584B2",
        "EP2765509A1",
        "WO2014126964A1",
        "US9928478B2",
        "US9466198B2",
        "US10158213B2",
        "US20140244166A1",
        "US8981925B2",
        "US10587453B2",
        "US9499128B2",
        "US10445758B1",
        "US9913113B1",
        "KR101332754B1",
        "US10320908B2",
        "KR20140117192A",
        "US9898884B1",
        "US9251687B2",
        "GB2513339A",
        "CN103279093B",
        "US10341358B2",
        "CN103401996B",
        "US8666789B1",
        "KR102094017B1",
        "US10518788B2",
        "US9202245B2",
        "US9998863B2",
        "WO2015027102A1",
        "US20150066561A1",
        "US20150074749A1",
        "US9759880B2",
        "US10712515B2",
        "US9241355B2",
        "US9172477B2",
        "WO2015065468A1",
        "US10474535B2",
        "WO2015070371A1",
        "US10070315B2",
        "CN109977086B",
        "US9805521B1",
        "JP5850033B2",
        "CN103645717B",
        "US9326096B1",
        "US9404965B2",
        "US9361090B2",
        "US9448576B2",
        "US11333695B2",
        "US10830803B2",
        "US10281939B2",
        "GB2523441A",
        "US11146637B2",
        "US11405463B2",
        "WO2015140801A2",
        "US9692878B1",
        "US9293041B2",
        "CA2944765A1",
        "US10005317B2",
        "US10259311B2",
        "US10308065B2",
        "US9094495B1",
        "US10356651B2",
        "US9942756B2",
        "US10834592B2",
        "US9628565B2",
        "KR20160011994A",
        "JP6459270B2",
        "USD781889S1",
        "US20160105779A1",
        "WO2016065022A1",
        "WO2016077509A1",
        "EP3224056A4",
        "US10001546B2",
        "KR101671588B1",
        "CN107209976B",
        "US9111296B2",
        "US9464913B2",
        "FR3033046B1",
        "US9565513B1",
        "CN104767792B",
        "US20160283514A1",
        "US10274350B2",
        "US20160334221A1",
        "US9811699B2",
        "US10091279B2",
        "RU2693847C1",
        "US9906912B2",
        "US10909607B2",
        "US10055781B2",
        "US9646493B2",
        "US10489404B2",
        "US20170013107A1",
        "US10749734B2",
        "USRE48566E1",
        "US9830726B2",
        "KR102478098B1",
        "US9749017B2",
        "CN105184454A",
        "US11445371B2",
        "US10421559B2",
        "US9622208B2",
        "US9826351B2",
        "US10136250B2",
        "US10159624B2",
        "US10093232B2",
        "US10388161B2",
        "CN106557399B",
        "USD813059S1",
        "US10387636B2",
        "US9971119B2",
        "US10802237B2",
        "US10044601B2",
        "US9796371B2",
        "US20170168487A1",
        "US10559138B2",
        "US10156842B2",
        "US9719630B1",
        "US9835285B1",
        "EP3206176A1",
        "KR20170100332A",
        "JP6355170B2",
        "US11032473B2",
        "US10614392B1",
        "US9872146B2",
        "WO2017176429A1",
        "MX2018012186A",
        "WO2017176428A1",
        "CA2961221A1",
        "CN112087519A",
        "US11076051B1",
        "US10542150B1",
        "US10530934B1",
        "US10326888B1",
        "US10637933B2",
        "US9549153B1",
        "US10484349B2",
        "JP6846991B2",
        "WO2018009878A1",
        "US10470034B2",
        "US9924463B2",
        "US9990830B2",
        "CN106656689B",
        "USD836625S1",
        "EP3336029B1",
        "CN108205477A",
        "US10911946B2",
        "US10812664B2",
        "DE102017001092A1",
        "CN110366441B",
        "US10560147B1",
        "US10620013B2",
        "US10824741B1",
        "US20190268675A1",
        "US10360785B2",
        "SG10201703028PA",
        "US10068455B1",
        "US10679179B2",
        "US10397116B1",
        "WO2018213008A1",
        "USD881961S1",
        "US11030570B2",
        "US10546488B2",
        "US10535266B2",
        "US10585180B2",
        "US10504368B2",
        "US10540895B2",
        "US10600322B2",
        "EP3634024B1",
        "US9882674B1",
        "US10691779B2",
        "CA3076987A1",
        "US10354458B1",
        "CN107818352A",
        "US11410088B2",
        "US10476696B2",
        "US10989427B2",
        "US10414629B2",
        "CN111868408A",
        "US11748817B2",
        "US11348170B2",
        "US10819681B2",
        "US10650616B2",
        "US10354462B1",
        "US10592871B2",
        "US10887351B2",
        "CN108713173B",
        "EP3579586A1",
        "EP3579595B1",
        "US11116692B2",
        "US10642573B2",
        "EP3841770A1",
        "US10852441B2",
        "US10971928B2",
        "US11065941B1",
        "BR102018067633A2",
        "JP7169434B2",
        "US11014586B2",
        "US10234538B1",
        "EP3629308A1",
        "US10718093B2",
        "US11037382B2",
        "US11782881B2",
        "BR102018075321A2",
        "WO2020117904A1",
        "US10834549B2",
        "US10506415B1",
        "CA3031936A1",
        "US10817652B2",
        "US10762769B1",
        "CN111818286A",
        "CN110138601A",
        "US11088861B2",
        "US11038704B2",
        "US11095467B2",
        "US11258982B2",
        "CN110766374A",
        "US11176799B2",
        "US11761940B1",
        "US10956690B1",
        "US11677164B2",
        "US11269883B2",
        "US11622314B2",
        "US11593124B2",
        "US10972655B1",
        "US10965908B1",
        "US10904446B1",
        "US10951858B1",
        "US11550885B2",
        "MX2020004235A",
        "US11452147B2",
        "CN111669763B",
        "CN111695034A",
        "JP7276254B2",
        "US11605041B2",
        "US11562638B2",
        "CN112020019B",
        "US11582253B2",
        "US11445457B2",
        "US11418559B2",
        "CN112565440B",
        "CN112880631A",
        "US11750638B2",
        "CN113225234B",
        "CN113761851A",
        "US20230143380A1",
        "CN113991870A",
        "CN115811722B"
    ]
}