{
    "patent_id": "US-10924536-B2",
    "title": "Method and system for selecting a storage node based on a distance from a requesting device ",
    "assignee": "Oracle International Corporation",
    "publication_date": "2021-02-16",
    "patent_link": "https://patents.google.com/patent/US10924536B2/en",
    "inventors": [
        "Scott P. Chatley",
        "J. Gabriel Gallagher",
        "Troy C. Gatchell",
        "Thanh T. Phan"
    ],
    "classifications": [
        "H04L67/1021",
        "A61P17/00",
        "G06F16/185",
        "G06F3/0613",
        "G06F3/0647",
        "G06F3/067",
        "H04L67/1001",
        "H04L67/1002",
        "H04L67/1008",
        "H04L67/101",
        "H04L67/1012",
        "H04L67/1097",
        "G06F2206/1012"
    ],
    "abstract": "A method for locating an optimum storage node for serving a data file request received via a communications network, includes: receiving a file request from a user device coupled to the communications network; determining a geocode value based on a communications network address associated with the user device, wherein the geocode value is indicative of a geographic location of the user device; selecting a storage node from a plurality of storage nodes coupled to the communications network to serve the file request, wherein the storage node is selected based at least in part on the geocode value; and redirecting the file request to the selected storage node for handling.",
    "claims": "\n1. One or more non-transitory machine-readable media storing instructions which, when executed by one or more processors cause performance of operations comprising:\nreceiving, from a requesting device, an initial request to access a file;\nresponsive to the initial request to access the file:\nselecting a first node, from among a plurality of nodes, to provide access to the file, wherein the first node is selected from a subset of the plurality of nodes that store the requested file;\ncausing transmission of the file from the first node to the requesting device;\ndetermining that the first node is not an appropriate node to provide the file to the requesting device;\nresponsive to the determining operation, selecting a second node, from among the plurality of nodes, to provide access to the file for subsequent requests to access the file received after the initial request is received; and\ncausing the second node to retrieve a copy of the file in preparation for causing transmission of the file to the requesting device for the subsequent requests.\n2. The one or more media of claim 1, wherein the operations further comprise:\nreceiving a subsequent second request to access the file; and\ncausing transmission of the file from the second node in response to the subsequent second request.\n3. The one or more media of claim 1, wherein the initial request comprises a device identifier associated with the requesting device, and wherein determining that the first node is not an appropriate node comprises determining that the device identifier is not present on a serve list associated with the first node.\n4. The one or more media of claim 1, wherein determining that the first node is not an appropriate node comprises:\ndetermining a geocode associated with the requesting device; and\ndetermining that the first node is an appropriate node based on a comparison of the determined geocode with a geocode associated with the first node.\n5. The one or more media of claim 1, wherein the second node is selected from a subset of nodes that are appropriate to provide the file to the requesting device.\n6. The one or more media of claim 5, wherein the subset of nodes that are appropriate to provide the file to the requesting device is determined based on respective geographical distances between each of the plurality of nodes and the requesting device being below a distance threshold.\n7. The one or more media of claim 1, wherein the second node is selected based on at least a number of pending requests at the second node.\n8. The one or more media of claim 1, wherein the second node is selected based on a transmission rate between the second node and the requesting device.\n9. The one or more media of claim 1, wherein determining that the first node is not an appropriate node to provide the file to the requesting device comprises:\nthe first node making a determination that the first node is not an appropriate node to service the initial request; and\nthe first node transmitting an indication that the first node is inappropriate to a centralized server.\n10. The one or more media of claim 1, wherein the operations causing transmission of the file from the first node to the requesting device and determining that the first node is not an appropriate node to provide the file are performed concurrently.\n11. The one or more media of claim 1, wherein the second node is selected after causing the first node to transmit the file.\n12. A method comprising:\nreceiving, from a requesting device, an initial request to access a file;\nresponsive to the initial request to access the file:\nselecting a first node, from among a plurality of nodes, to provide access to the file, wherein the first node is selected from a subset of the plurality of nodes that store the requested file;\ncausing transmission of the file from the first node to the requesting device;\ndetermining that the first node is not an appropriate node to provide the file to the requesting device;\nresponsive to the determining operation, selecting a second node, from among the plurality of nodes, to provide access to the file for subsequent requests to access the file received after the initial request is received; and\ncausing the second node to retrieve a copy of the file in preparation for causing transmission of the file to the requesting device for the subsequent requests;\nwherein the method is performed by at least one device including a hardware processor.\n13. The method of claim 12, wherein the operations further comprise:\nreceiving a second subsequent request to access the file; and\ncausing transmission of the file from the second node in response to the second subsequent request.\n14. The method of claim 12, wherein the initial request comprises a device identifier associated with the requesting device, and wherein determining that the first node is not an appropriate node comprises determining that the device identifier is not present on a serve list associated with the first node.\n15. The method of claim 12, wherein determining that the first node is not an appropriate node comprises:\ndetermining a geocode associated with the requesting device; and\ndetermining that the first node is an appropriate node based on a comparison of the determined geocode with a geocode associated with the first node.\n16. The method of claim 15, wherein the second node is selected from a subset of nodes that are appropriate to provide the file to the requesting device.\n17. The method of claim 12, wherein the subset of nodes that are appropriate to provide the file to the requesting device is determined based on respective geographical distances between each of the plurality of nodes and the requesting device being below a distance threshold.\n18. The method of claim 12, wherein the second node is selected based on at least a number of pending requests at the second node.\n19. The method of claim 12, wherein the second node is selected based on a transmission rate between the second node and the requesting device.\n20. The method of claim 12, wherein the operations causing transmission of the file from the first node to the requesting device and determining that the first node is not an appropriate node to provide the file are performed concurrently.\n21. The method of claim 12, wherein the second node is selected after causing the first node to transmit the file.\n22. A system comprising:\nat least one device including a hardware processor;\nthe system being configured to perform operations comprising:\nreceiving, from a requesting device, an initial request to access a file;\nresponsive to the initial request to access the file:\nselecting a first node, from among a plurality of nodes, to provide access to the file, wherein the first node is selected from a subset of the plurality of nodes that store the requested file;\ncausing transmission of the file from the first node to the requesting device;\ndetermining that the first node is not an appropriate node to provide the file to the requesting device;\nresponsive to the determining operation, selecting a second node, from among the plurality of nodes, to provide access to the file for subsequent requests to access the file received after the initial request is received; and\ncausing the second node to retrieve a copy of the file in preparation for causing transmission of the file to the requesting device for the subsequent requests.\n23. The system of claim 22, wherein the operations further comprise:\nreceiving a subsequent second request to access the file; and\ncausing transmission of the file from the second node in response to the subsequent second request.\n24. The system of claim 22, wherein determining that the first node is not an appropriate node comprises:\ndetermining a geocode associated with the requesting device; and\ndetermining that the first node is an appropriate node based on a comparison of the determined geocode with a geocode associated with the first node.\n25. The system of claim 22, wherein the operations causing transmission of the file from the first node to the requesting device and determining that the first node is not an appropriate node to provide the file are performed concurrently.\n26. The system of claim 22, wherein the second node is selected after causing the first node to transmit the file.",
    "status": "Active",
    "citations_own": [
        "US5717859A",
        "US5732265A",
        "US5751997A",
        "US5845260A",
        "US5893086A",
        "US6092153A",
        "US6185598B1",
        "US6189079B1",
        "WO2001014990A1",
        "US6256675B1",
        "US20020026511A1",
        "US6353811B1",
        "KR20020017926A",
        "US20020032777A1",
        "US6363392B1",
        "US6421726B1",
        "US20020099616A1",
        "US20020116444A1",
        "US6457109B1",
        "US20020143798A1",
        "US6466980B1",
        "US6477522B1",
        "US20020163882A1",
        "US20020169934A1",
        "US20020174227A1",
        "US20020178162A1",
        "US20020198930A1",
        "US6502125B1",
        "US20030014568A1",
        "US20030050966A1",
        "US20030065763A1",
        "US6564231B1",
        "US20030101278A1",
        "US20030110263A1",
        "US20030110190A1",
        "US20030125909A1",
        "US20030149548A1",
        "US20030149581A1",
        "US20030154238A1",
        "US20030200436A1",
        "US6640249B1",
        "US20030229682A1",
        "US6671259B1",
        "US20040030657A1",
        "US20040047354A1",
        "US6724733B1",
        "US6745194B2",
        "US6754696B1",
        "KR20040075307A",
        "US20040193621A1",
        "US20050027700A1",
        "US6871223B2",
        "US20050080330A1",
        "US20050108240A1",
        "US6901445B2",
        "US20050193085A1",
        "US6952737B1",
        "US6952712B2",
        "KR20060000098A",
        "US20060015574A1",
        "US6990667B2",
        "US20060020572A1",
        "US20060020646A1",
        "US20060026161A1",
        "US20060031537A1",
        "US7003555B1",
        "US20060047751A1",
        "US7020698B2",
        "US20060101203A1",
        "US7051093B1",
        "US20060123062A1",
        "US20060129537A1",
        "US20060136903A1",
        "US20060165040A1",
        "US20060176509A1",
        "US20060184566A1",
        "US20060195449A1",
        "US20060206671A1",
        "US20060209737A1",
        "US7117172B1",
        "KR20060104310A",
        "US7133368B2",
        "US20060262784A1",
        "US7146521B1",
        "US20060288178A1",
        "US20060294163A1",
        "US7171583B2",
        "US20070027770A1",
        "US20070043757A1",
        "US20070043766A1",
        "US20070050340A1",
        "US20070061584A1",
        "US7203731B1",
        "US20070083610A1",
        "US20070083575A1",
        "US20070088669A1",
        "US20070088702A1",
        "US20070094530A1",
        "US20070103984A1",
        "US20070124476A1",
        "US7231405B2",
        "US7237160B2",
        "US20070162462A1",
        "US20070168405A1",
        "US20070174428A1",
        "WO2007089592A2",
        "US20070192444A1",
        "US20070192551A1",
        "US20070204003A1",
        "US20070209005A1",
        "US7277984B2",
        "WO2007118517A1",
        "US20070254922A1",
        "US20070255822A1",
        "US20070283287A1",
        "US20080039058A1",
        "US20080086542A1",
        "US7359927B1",
        "US20080091728A1",
        "US20080109362A1",
        "US7401070B2",
        "EP1331788B1",
        "US20080221948A1",
        "US20080228773A1",
        "US20080235273A1",
        "US7447838B2",
        "US7461147B1",
        "US20080307054A1",
        "US20080320003A1",
        "US20090037254A1",
        "US20090138481A1",
        "US7546354B1",
        "US7577729B1",
        "US7584220B2",
        "US20090262741A1",
        "US7617303B2",
        "US7653792B2",
        "US20100174804A1",
        "US20100223621A1",
        "US7908337B2",
        "US8024441B2",
        "US20120016933A1",
        "US8670449B2"
    ],
    "citations_ftf": [
        "EP1163768A1"
    ],
    "citedby_own": [],
    "citedby_ftf": [
        "AU1940199A",
        "US8577839B2",
        "US8539063B1",
        "US7840968B1",
        "US7873955B1",
        "CA2922200A1",
        "US7856661B1",
        "US7757269B1",
        "US7895573B1",
        "US7870387B1",
        "US8352930B1",
        "US8555404B1",
        "EP2102750B1",
        "US7840537B2",
        "US8332929B1",
        "US9424154B2",
        "CN103176881B",
        "US8315999B2",
        "US8195931B1",
        "US8954592B1",
        "US7899793B2",
        "US8515075B1",
        "US8849970B1",
        "US8959199B2",
        "JP4748463B2",
        "US8615502B2",
        "US9456054B2",
        "US8346225B2",
        "US8589541B2",
        "US8406748B2",
        "US8340634B2",
        "US8548428B2",
        "US8275830B2",
        "US8635335B2",
        "US8725123B2",
        "US8832777B2",
        "US8626115B2",
        "US8391834B2",
        "US8924469B2",
        "US8924543B2",
        "US8355337B2",
        "US8402111B2",
        "US8898293B2",
        "US9100246B1",
        "US8484162B2",
        "US8219524B2",
        "US9098495B2",
        "US8166263B2",
        "US8307177B2",
        "US7890626B1",
        "EP2329378A4",
        "US9015181B2",
        "SE533007C2",
        "US8219706B2",
        "US8412677B2",
        "US8544003B1",
        "US8249904B1",
        "US8229890B2",
        "US9473419B2",
        "US9614924B2",
        "US10521423B2",
        "US20100158098A1",
        "US8886714B2",
        "CA2747746C",
        "US10783121B2",
        "US9980146B2",
        "US9270559B2",
        "US9578182B2",
        "US10264138B2",
        "US10057775B2",
        "US9706061B2",
        "US10326800B2",
        "US9351193B2",
        "US10798252B2",
        "US8606911B2",
        "US9557889B2",
        "US10783581B2",
        "US9571559B2",
        "US10492102B2",
        "US9572019B2",
        "US10715342B2",
        "US9647918B2",
        "US10484858B2",
        "US9609510B2",
        "US10237757B2",
        "US8745191B2",
        "US8893009B2",
        "US10248996B2",
        "US9858559B2",
        "US11218854B2",
        "US10779177B2",
        "US10064055B2",
        "US9755842B2",
        "US9392462B2",
        "US9954975B2",
        "US10841839B2",
        "US9955332B2",
        "US8793758B2",
        "US9565707B2",
        "US10200541B2",
        "US9253663B2",
        "US20100205154A1",
        "US9325790B1",
        "US9215279B1",
        "KR101179472B1",
        "JP5387052B2",
        "CN101520805B",
        "US8401996B2",
        "US9160610B1",
        "US8285682B2",
        "US8578120B2",
        "CN101938509B",
        "US8930306B1",
        "US8676808B2",
        "US10410222B2",
        "CN101989212B",
        "US8458287B2",
        "US8341627B2",
        "US8381284B2",
        "US20110055494A1",
        "US9690513B2",
        "US8706867B2",
        "US8572137B2",
        "US9448730B2",
        "JP5385987B2",
        "US8923293B2",
        "US8161077B2",
        "US8150808B2",
        "US10721269B1",
        "US9552497B2",
        "US7970861B2",
        "US20110119462A1",
        "US9106591B2",
        "US9922063B2",
        "GB2477513B",
        "US20110208836A1",
        "US8281182B2",
        "US20140372607A1",
        "WO2011116502A1",
        "US8510265B1",
        "US9330234B1",
        "US9755856B1",
        "US9813529B2",
        "US9454441B2",
        "US8996611B2",
        "US9170892B2",
        "EP2387200B1",
        "US9613142B2",
        "CN102236762A",
        "US9323689B2",
        "JP5710156B2",
        "US11449394B2",
        "US9420049B1",
        "US20120011200A1",
        "US9479585B1",
        "US8548944B2",
        "US20120023128A1",
        "US8938800B2",
        "US8925101B2",
        "US8549003B1",
        "US11614893B2",
        "US8578109B2",
        "US8577851B2",
        "AU2011308518B2",
        "WO2012045023A2",
        "US9400799B2",
        "US8930401B2",
        "JP5650982B2",
        "US20120116840A1",
        "US8402004B2",
        "US9858155B2",
        "US8904126B2",
        "TW201222284A",
        "US8843489B2",
        "US8417674B2",
        "US8468174B1",
        "US9020900B2",
        "US9116850B2",
        "US8751664B2",
        "KR101502895B1",
        "FR2969890A1",
        "KR101585146B1",
        "KR20120072909A",
        "US8910149B2",
        "US8943023B2",
        "US9116909B2",
        "KR101544481B1",
        "EP2663891A4",
        "US9075993B2",
        "US20120197687A1",
        "US9264435B2",
        "US9112830B2",
        "US20120246090A1",
        "US9154826B2",
        "US10108630B2",
        "KR101544485B1",
        "US8959222B2",
        "US8892739B2",
        "EP2535826A1",
        "AU2012261972A1",
        "US10834167B1",
        "US9294546B2",
        "US9201895B2",
        "CN103582885A",
        "US9118642B2",
        "US8595376B2",
        "US8943315B1",
        "US8949305B1",
        "US8447732B2",
        "US8589640B2",
        "US20130046894A1",
        "JP5924883B2",
        "US8997124B2",
        "US9626378B2",
        "US8650365B2",
        "US8645978B2",
        "US8769138B2",
        "US9021053B2",
        "JP6015660B2",
        "US9594881B2",
        "JP5733124B2",
        "US8606758B2",
        "US20130080635A1",
        "US8805956B1",
        "JP5803502B2",
        "US9461881B2",
        "US9372827B2",
        "US9116633B2",
        "US8694738B2",
        "US8973144B2",
        "US9069586B2",
        "US8800024B2",
        "US8713668B2",
        "CN103891209B",
        "US9154433B2",
        "KR20130048594A",
        "US9529829B1",
        "EP3340575A1",
        "US9049484B2",
        "EP2812833A1",
        "DE102012202382A1",
        "JP5867161B2",
        "US20130232124A1",
        "US9020890B2",
        "US8739272B1",
        "US9064106B2",
        "US9740708B2",
        "US9218376B2",
        "US9569356B1",
        "WO2014002094A2",
        "US8930416B2",
        "US20140074783A1",
        "US9298723B1",
        "US8788461B2",
        "US9165006B2",
        "US8903838B2",
        "US20140122817A1",
        "US9280546B2",
        "JP6036190B2",
        "WO2014076731A1",
        "US9400800B2",
        "US9330181B2",
        "CN103856521A",
        "US10430839B2",
        "US20140172783A1",
        "US9280548B2",
        "US9286086B2",
        "US20140181044A1",
        "US9319474B2",
        "US9043334B2",
        "US8973146B2",
        "US9633022B2",
        "WO2014106206A1",
        "US9378035B2",
        "US10104141B2",
        "US10051025B2",
        "US10708319B2",
        "US20140196038A1",
        "US9760444B2",
        "US9804930B2",
        "US9633033B2",
        "US9495404B2",
        "US9483489B2",
        "US9286110B2",
        "US20140214901A1",
        "WO2014118791A1",
        "JP2014170515A",
        "US9258198B2",
        "US9363289B2",
        "US9430116B2",
        "US10666514B2",
        "JP6505024B2",
        "US9805092B1",
        "US9984083B1",
        "US9420002B1",
        "US9813285B1",
        "US9978025B2",
        "SG11201507645XA",
        "US8732853B1",
        "JP6070371B2",
        "GB2512856A",
        "US9600365B2",
        "US10547676B2",
        "US9839838B1",
        "US9935791B2",
        "US9185120B2",
        "JP6303300B2",
        "US9760697B1",
        "US9444722B2",
        "US10666771B2",
        "JP2015035020A",
        "US11422907B2",
        "US20150074536A1",
        "US9430513B1",
        "US10028075B2",
        "WO2015060857A1",
        "US9407549B2",
        "US9276840B2",
        "US9282050B2",
        "US9401864B2",
        "US9531722B1",
        "CN103617175A",
        "US9135259B2",
        "US9542457B1",
        "US9614880B1",
        "US10129365B2",
        "US10101801B2",
        "US9311377B2",
        "US10089655B2",
        "US9503358B2",
        "US9348707B2",
        "US20150193246A1",
        "US9379979B2",
        "US10037340B2",
        "US10172068B2",
        "US10098051B2",
        "US9374304B2",
        "US10324897B2",
        "US9798631B2",
        "US9531679B2",
        "US9954678B2",
        "US10534753B2",
        "US9509772B1",
        "JP6305110B2",
        "US9678998B2",
        "US10089651B2",
        "US9836540B2",
        "US9626413B2",
        "US9391896B2",
        "US9473405B2",
        "US9633056B2",
        "JP6230453B2",
        "US10380072B2",
        "US9407432B2",
        "US9916601B2",
        "US9363179B2",
        "US9363086B2",
        "US9716622B2",
        "US9811427B2",
        "US9390289B2",
        "US10075521B2",
        "US9473576B2",
        "US9451032B2",
        "US10025873B2",
        "WO2015167427A2",
        "US9203885B2",
        "EP2940958A1",
        "US9992281B2",
        "CN105095290B",
        "US9609014B2",
        "US9455835B2",
        "US9276751B2",
        "US10516667B1",
        "US10089476B1",
        "US9367243B1",
        "US10574754B1",
        "US9612952B2",
        "US9836234B2",
        "US9003144B1",
        "US9213485B1",
        "US9218244B1",
        "US8850108B1",
        "US11652884B2",
        "US11399063B2",
        "US11068363B1",
        "US9536199B1",
        "US9507791B2",
        "US10078781B2",
        "US9516144B2",
        "US9467377B2",
        "US9537719B2",
        "CN105204923A",
        "US9426113B2",
        "US8868825B1",
        "US11604598B2",
        "US10114757B2",
        "US9836245B2",
        "US9021297B1",
        "US9747229B1",
        "US8874836B1",
        "US10853311B1",
        "US9811677B2",
        "US9699198B2",
        "CN104065585B",
        "US20160019317A1",
        "US9621354B2",
        "US9959156B2",
        "US9590887B2",
        "US9729616B2",
        "US9535968B2",
        "US9986378B2",
        "US11249858B2",
        "US9852026B2",
        "US9082512B1",
        "US9766972B2",
        "US10983859B2",
        "US9483346B2",
        "US9495255B2",
        "US9558069B2",
        "US9882964B2",
        "US9729662B2",
        "US9503365B2",
        "US9391777B2",
        "US9800637B2",
        "US9467492B2",
        "US10079711B1",
        "US10462249B2",
        "US9497282B2",
        "US10204013B2",
        "US9553812B2",
        "CN104253749B",
        "US9710465B2",
        "US9436555B2",
        "US9417968B2",
        "US10101889B2",
        "US9600548B2",
        "US9449188B2",
        "US10049141B2",
        "US9396018B2",
        "US10069933B2",
        "US9575673B2",
        "US10776209B2",
        "US20160142485A1",
        "US9983936B2",
        "US9659047B2",
        "CN107251005B",
        "US10554749B2",
        "US10469580B2",
        "US9536059B2",
        "US9590948B2",
        "US10237189B2",
        "US10042848B1",
        "US9846881B2",
        "US9959274B2",
        "US10003520B2",
        "US9473475B2",
        "US9660825B2",
        "WO2016110785A1",
        "CN104601687B",
        "US9602596B2",
        "US9946743B2",
        "US9954795B2",
        "CN105847306A",
        "US9916457B2",
        "US9832291B2",
        "US9870420B2",
        "US9462006B2",
        "CN105989007B",
        "CN115834534A",
        "US9552493B2",
        "US10333840B2",
        "US10685136B1",
        "KR102297477B1",
        "US9921910B2",
        "US10545667B1",
        "US9948615B1",
        "US10075401B2",
        "US11294893B2",
        "US9940234B2",
        "US10082985B2",
        "WO2016162748A1",
        "US9860322B2",
        "US10178169B2",
        "US10339106B2",
        "US9672125B2",
        "CN107710218A",
        "US9772920B2",
        "US10749985B2",
        "US10140149B1",
        "US10324914B2",
        "CN104820717B",
        "US20160350391A1",
        "US9817576B2",
        "US9887957B2",
        "CN107925594B",
        "US10084873B2",
        "US9563514B2",
        "US10116605B2",
        "US10075402B2",
        "US10846275B2",
        "RU2634224C2",
        "US10983732B2",
        "US11232079B2",
        "CN108027802A",
        "US9766825B2",
        "US10701038B2",
        "US9986034B2",
        "US10610144B2",
        "US10108355B2",
        "US9832123B2",
        "US10115213B2",
        "US10089368B2",
        "US10355999B2",
        "US9977809B2",
        "US10313227B2",
        "US10454820B2",
        "US10853266B2",
        "US9768953B2",
        "US10762069B2",
        "US10263965B2",
        "US10025457B2",
        "US9843453B2",
        "US9727457B2",
        "US10374868B2",
        "US9794238B2",
        "US10009446B2",
        "US9807205B2",
        "US10021222B2",
        "US10097521B2",
        "US9912776B2",
        "US10097346B2",
        "EP4167547A1",
        "US10078062B2",
        "US10223368B2",
        "US10007457B2",
        "WO2017117261A1",
        "US10061663B2",
        "US10257271B2",
        "US9949301B2",
        "US10305864B2",
        "US10043016B2",
        "US10742596B2",
        "US10038633B2",
        "US10003507B2",
        "US10051071B2",
        "US10296368B2",
        "US10592350B2",
        "US9832116B2",
        "ES2899933T3",
        "US10931402B2",
        "US10212196B2",
        "US10067948B2",
        "US11436656B2",
        "US10091330B2",
        "US10033639B2",
        "JP6747018B2",
        "US10320760B2",
        "US9930146B2",
        "US10425503B2",
        "US10027578B2",
        "US11743332B2",
        "US10404450B2",
        "US10261690B1",
        "US10320675B2",
        "US10547589B2",
        "US11128734B2",
        "US10063414B2",
        "US10084764B2",
        "US10846024B2",
        "US10795577B2",
        "US11231858B2",
        "US10691567B2",
        "US10103989B2",
        "JP6696315B2",
        "US10305865B2",
        "US10148572B2",
        "US10009266B2",
        "US9992097B2",
        "US11706895B2",
        "US9672905B1",
        "US11449232B1",
        "US10768819B2",
        "US10216420B1",
        "US11080155B2",
        "US11604690B2",
        "US10122624B2",
        "US11734169B2",
        "US10203903B2",
        "US10366004B2",
        "US11797212B2",
        "US10069729B2",
        "US10956412B2",
        "US11422719B2",
        "US11144512B2",
        "US10033642B2",
        "US11244398B2",
        "US11538099B2",
        "US10339380B2",
        "US10791037B2",
        "US10635274B2",
        "US11122112B1",
        "US10747630B2",
        "US10212248B2",
        "US10756816B1",
        "US10447805B2",
        "US10311047B2",
        "US10152251B2",
        "US10162528B2",
        "US10135948B2",
        "US10243851B2",
        "US10678758B2",
        "US11307998B2",
        "US9747158B1",
        "US10979223B2",
        "US10248495B2",
        "US10740193B2",
        "US10949308B2",
        "US20180276022A1",
        "US11108858B2",
        "US10387073B2",
        "US11074138B2",
        "JP6822274B2",
        "US10528488B1",
        "US11294786B2",
        "US10552294B2",
        "US10853195B2",
        "US11221939B2",
        "CN108667884B",
        "US11016667B1",
        "CN108737475A",
        "US10944671B2",
        "US10516645B1",
        "US10141050B1",
        "US11467913B1",
        "US11782625B2",
        "US11138103B1",
        "US10664352B2",
        "US10425473B1",
        "US10761743B1",
        "US10673715B2",
        "US10402266B1",
        "US10671746B2",
        "EP3679704B1",
        "CN107566496A",
        "US10210926B1",
        "US10877827B2",
        "US10694370B2",
        "US10282129B1",
        "US10515701B1",
        "US11024390B1",
        "US10545687B1",
        "US10496330B1",
        "US10884919B2",
        "US10565164B2",
        "US10630571B1",
        "US10860475B1",
        "US10990566B1",
        "KR102441299B1",
        "US10929053B2",
        "US10719265B1",
        "CN108009260B",
        "US10929031B2",
        "US11782882B2",
        "US11416629B2",
        "US10467527B1",
        "US10733053B1",
        "US10976948B1",
        "US11062516B2",
        "US10705752B2",
        "US11494109B1",
        "US10877928B2",
        "US10931450B1",
        "US10853146B1",
        "US11436023B2",
        "JP7043996B2",
        "US11438279B2",
        "US11354058B2",
        "US11520514B2",
        "US11500570B2",
        "US10454498B1",
        "US11184423B2",
        "US10976947B2",
        "US11436203B2",
        "US11010258B2",
        "SG11202105958WA",
        "US11200124B2",
        "USD886143S1",
        "US11698727B2",
        "JP7183762B2",
        "US10817157B2",
        "US11010336B2",
        "EP3918484A4",
        "US10996974B2",
        "US10768971B2",
        "US11463740B2",
        "US11395314B2",
        "US11334254B2",
        "US11775189B2",
        "US11099986B2",
        "US11025713B2",
        "US11080174B2",
        "US11748004B2",
        "US11463264B2",
        "US11463477B2",
        "US11714572B2",
        "US11281394B2",
        "US11071005B2",
        "US11709740B2",
        "US11449399B2",
        "US11449248B2",
        "US11435910B2",
        "US11741056B2",
        "US11681525B2",
        "US11435957B2",
        "US11442896B2",
        "US11416144B2",
        "US11704192B2",
        "CN111193804B",
        "US11467753B2",
        "US11188432B2",
        "US11316917B2",
        "US11442768B2",
        "US11720980B2",
        "US11099956B1",
        "US11507308B2",
        "US11507297B2",
        "US11256587B2",
        "US11474986B2",
        "US11416338B2",
        "US11748143B2",
        "US11687424B2",
        "US11657007B2",
        "US11768763B2",
        "US11604705B2",
        "CN112055303A",
        "US11681448B2",
        "US11513974B2",
        "WO2022058029A1",
        "US11403335B2",
        "US11640340B2",
        "US11693983B2",
        "US11656951B2",
        "CN112486074B",
        "JP2022088852A",
        "US11487455B2",
        "US11604806B2",
        "US11614880B2",
        "US11625174B2",
        "US11630593B2",
        "US11507597B2",
        "US11740822B2",
        "US11604610B2",
        "US11579976B2",
        "US11669259B2",
        "US11567704B2",
        "JP2022180956A",
        "US11354191B1",
        "US11449234B1",
        "US11687492B2",
        "US11803368B2",
        "US11677633B2",
        "US11762682B2",
        "CN114443608B",
        "US11797493B1"
    ]
}