{
    "patent_id": "US-11481684-B2",
    "title": "System and method for machine learning model determination and malware identification ",
    "assignee": "Bluvector, Inc.",
    "publication_date": "2022-10-25",
    "patent_link": "https://patents.google.com/patent/US11481684B2/en",
    "inventors": [
        "Scott B. Miserendino",
        "Robert H. Klein",
        "Ryan V. Peters",
        "Peter E. Kaloroumakis"
    ],
    "classifications": [
        "G06N20/00",
        "G06F21/56",
        "G06F21/566",
        "G06N5/04",
        "H04W12/128",
        "G06F11/3006",
        "G06F2221/033",
        "G06F2221/2107",
        "G06F2221/2115",
        "H04L63/1433"
    ],
    "abstract": "A system and method for batched, supervised, in-situ machine learning classifier retraining for malware identification and model heterogeneity. The method produces a parent classifier model in one location and providing it to one or more in-situ retraining system or systems in a different location or locations, adjudicates the class determination of the parent classifier over the plurality of the samples evaluated by the in-situ retraining system or systems, determines a minimum number of adjudicated samples required to initiate the in-situ retraining process, creates a new training and test set using samples from one or more in-situ systems, blends a feature vector representation of the in-situ training and test sets with a feature vector representation of the parent training and test sets, conducts machine learning over the blended training set, evaluates the new and parent models using the blended test set and additional unlabeled samples, and elects whether to replace the parent classifier with the retrained version.",
    "claims": "\n1. A method comprising:\nreceiving information indicating a first plurality of attributes associated with a first plurality of files for machine learning training;\ndetermining, based on the information, a plurality of classifications for a second plurality of files;\nbased on adjudicating one or more of the plurality of classifications, determining a second plurality of attributes associated with the second plurality of files;\ndetermining, based on training and using at least a portion of the first plurality of attributes and at least a portion of the second plurality of attributes, a machine learning model; and\ndetermining, based on the machine learning model, that a file comprises malicious content.\n2. The method of claim 1, wherein the first plurality of attributes was extracted from the first plurality of files, wherein the first plurality of attributes comprises at least one of a file header property, a component of a file, or a binary sequence, and\nwherein the second plurality of attributes was extracted from the second plurality of files wherein the second plurality of attributes comprises at least one of a file header property, a component of a file, or a binary sequence.\n3. The method of claim 1, wherein the training is based on a machine learning algorithm, and wherein the machine learning algorithm comprises a decision tree, support vector machine, a k-nearest neighbor algorithm, an artificial neural network, or a Bayesian network.\n4. The method of claim 1, wherein each classification of the plurality of classifications comprises at least one of malicious content or benign content.\n5. The method of claim 1, wherein the adjudicating comprises:\nconfirming classifications of the plurality of classifications that are correct; and\nadjusting classifications of the plurality of classifications that are not correct.\n6. The method of claim 1, wherein the adjudicating indicates an accuracy of the machine learning model at determining the plurality of classifications and relevant attributes for determining the plurality of classifications.\n7. The method of claim 1, wherein the training is triggered based on adjudicating a threshold number of classifications of the plurality of classifications.\n8. The method of claim 1, wherein the second plurality of files are unique to an organization.\n9. A device comprising:\none or more processors; and\nmemory storing instructions that, when executed by the one or more processors, cause the device to:\nreceive information indicating a first plurality of attributes associated with a first plurality of files for machine learning training;\ndetermine, based on the information, a plurality of classifications for a second plurality of files;\nbased on adjudicating one or more of the plurality of classifications, determine a second plurality of attributes associated with the second plurality of files;\ndetermine, based on training and using at least a portion of the first plurality of attributes and at least a portion of the second plurality of attributes, a machine learning model; and\ndetermine, based on the machine learning model, that a file comprises malicious content.\n10. The device of claim 9, wherein the first plurality of attributes was extracted from the first plurality of files, wherein the first plurality of attributes comprises at least one of a file header property, a component of a file, or a binary sequence, and\nwherein the second plurality of attributes was extracted from the second plurality of files wherein the second plurality of attributes comprises at least one of a file header property, a component of a file, or a binary sequence.\n11. The device of claim 9, wherein the training is based on a machine learning algorithm, and wherein the machine learning algorithm comprises a decision tree, support vector machine, a k-nearest neighbor algorithm, an artificial neural network, or a Bayesian network.\n12. The device of claim 9, wherein each classification of the plurality of classifications comprises at least one of malicious content or benign content.\n13. The device of claim 9, wherein the adjudicating comprises:\nconfirming classifications of the plurality of classifications that are correct; and\nadjusting classifications of the plurality of classifications that are not correct.\n14. The device of claim 9, wherein the adjudicating indicates an accuracy of the machine learning model at determining the plurality of classifications and relevant attributes for determining the plurality of classifications.\n15. The device of claim 9, wherein the training is triggered based on adjudicating a threshold number of classifications of the plurality of classifications.\n16. The device of claim 9, wherein the second plurality of files are unique to an organization.\n17. A non-transitory computer-readable medium storing instructions that, when executed, cause:\nreceiving information indicating a first plurality of attributes associated with a first plurality of files for machine learning training;\ndetermining, based on the information, a plurality of classifications for a second plurality of files;\nbased on adjudicating one or more of the plurality of classifications, determining a second plurality of attributes associated with the second plurality of files;\ndetermining, based on training and using at least a portion of the first plurality of attributes and at least a portion of the second plurality of attributes, a machine learning model; and\ndetermining, based on the machine learning model, that a file comprises malicious content.\n18. The non-transitory computer-readable medium of claim 17, wherein the first plurality of attributes was extracted from the first plurality of files, wherein the first plurality of attributes comprises at least one of a file header property, a component of a file, or a binary sequence, and\nwherein the second plurality of attributes was extracted from the second plurality of files wherein the second plurality of attributes comprises at least one of a file header property, a component of a file or a binary sequence.\n19. The non-transitory computer-readable medium of claim 17, wherein the adjudicating comprises:\nconfirming classifications of the plurality of classifications that are correct; and\nadjusting classifications of the plurality of classifications that are not correct.\n20. The non-transitory computer-readable medium of claim 17, wherein the adjudicating indicates an accuracy of the machine learning model at determining the plurality of classifications and relevant attributes for determining the plurality of classifications.\n21. A system comprising:\na first computing device configured to:\nreceive information indicating a first plurality of attributes associated with a first plurality of files for machine learning training;\ndetermine, based on the information, a plurality of classifications for a second plurality of files;\nbased on adjudicating one or more of the plurality of classifications, determine a second plurality of attributes associated with the second plurality of files;\ndetermine, based on training and using at least a portion of the first plurality of attributes and at least a portion of the second plurality of attributes, a machine learning model; and\ndetermine, based on the machine learning model, that a file comprises malicious content; and\na second computing device configured to:\nsend, to the first computing device, the information.\n22. The system of claim 21, wherein the first plurality of attributes was extracted from the first plurality of files, wherein the first plurality of attributes comprises at least one of a file header property, a component of a file, or a binary sequence, and\nwherein the second plurality of attributes was extracted from the second plurality of files wherein the second plurality of attributes comprises at least one of a file header property, a component of a file, or a binary sequence.\n23. The system of claim 21, wherein the training is based on a machine learning algorithm, and wherein the machine learning algorithm comprises a decision tree, support vector machine, a k-nearest neighbor algorithm, an artificial neural network, or a Bayesian network.\n24. The system of claim 21, wherein each classification of the plurality of classifications comprises at least one of malicious content or benign content.\n25. The system of claim 21, wherein the adjudicating comprises:\nconfirming classifications of the plurality of classifications that are correct; and\nadjusting classifications of the plurality of classifications that are not correct.\n26. The system of claim 21, wherein the adjudicating indicates an accuracy of the machine learning model at determining the plurality of classifications and relevant attributes for determining the plurality of classifications.\n27. The system of claim 21, wherein the training is triggered based on adjudicating a threshold number of classifications of the plurality of classifications.\n28. The system of claim 21, wherein the second plurality of files are unique to an organization.",
    "status": "Active",
    "citations_own": [
        "US6513025B1",
        "US20040220892A1",
        "WO2005091214A1",
        "US20060288038A1",
        "US20070282780A1",
        "US20080103996A1",
        "US20080154820A1",
        "US20100217732A1",
        "US20100220906A1",
        "US20100293117A1",
        "JP2012027710A",
        "US8161548B1",
        "US20120166366A1",
        "US20120300980A1",
        "US20120310864A1",
        "US20130080359A1",
        "JP2014504399A",
        "US20140090061A1",
        "EP2723034A1",
        "US20140187177A1",
        "US8793201B1",
        "US20140358828A1",
        "US20150067857A1",
        "JP2015079504A",
        "US20150135262A1",
        "US20150154353A1",
        "US20150178639A1",
        "US9100669B2",
        "US20150324686A1",
        "US20160063397A1",
        "US9355067B1",
        "US20160217349A1",
        "US20160299785A1",
        "US20160335435A1",
        "US20160342903A1",
        "US20160379135A1",
        "US10019740B2",
        "US10121108B2",
        "US20190336097A1",
        "US11138617B2",
        "US11182691B1",
        "US11271939B2",
        "US11310268B2"
    ],
    "citations_ftf": [],
    "citedby_own": [],
    "citedby_ftf": [
        "US10813584B2",
        "US20180260387A1",
        "US10121108B2",
        "US10127289B2",
        "US9992211B1",
        "US10838846B1",
        "US20180012237A1",
        "US10871753B2",
        "US20180046941A1",
        "GB2557253B",
        "US11164119B2",
        "US10699184B2",
        "US10162741B2",
        "JP6880891B2",
        "US10789550B2",
        "US9864956B1",
        "CA3063738A1",
        "US10305923B2",
        "US10616252B2",
        "US11526601B2",
        "US10877735B1",
        "WO2019075338A1",
        "US10754950B2",
        "US10705805B1",
        "US10630709B2",
        "JP7216501B2",
        "JP7059695B2",
        "JP7056259B2",
        "US11200320B2",
        "US11308207B2",
        "US11586603B1",
        "US11588838B2",
        "US11709946B2",
        "US10897480B2",
        "US11521108B2",
        "US11444957B2",
        "WO2020036192A1",
        "CN109684837A",
        "US11023576B2",
        "US11200318B2",
        "EP3686804A1",
        "KR102192196B1",
        "JP7243329B2",
        "USD926810S1",
        "USD926809S1",
        "USD926811S1",
        "USD926782S1",
        "USD926200S1",
        "US11676049B2",
        "RU2747451C2",
        "US20210125065A1",
        "US11556737B2",
        "US20210350264A1",
        "JP2021179901A",
        "CN111371812B",
        "US20210406369A1",
        "GB2598186B",
        "US20220083661A1"
    ]
}