{
    "patent_id": "US-11323467-B2",
    "title": "Managing incident response operations based on monitored network activity ",
    "assignee": "Extrahop Networks, Inc.",
    "publication_date": "2022-05-03",
    "patent_link": "https://patents.google.com/patent/US11323467B2/en",
    "inventors": [
        "Joel Benjamin Deaguero",
        "Edmund Hope Driggs",
        "Xue Jun Wu",
        "Nicholas Jordan Braun",
        "Michael Kerber Krause Montague",
        "Michael Christopher Kelly"
    ],
    "classifications": [
        "H04L63/1425",
        "G06F21/552",
        "G06N20/00",
        "G06N5/04",
        "H04L41/0645",
        "H04L41/14",
        "H04L41/142",
        "H04L41/145",
        "H04L41/40",
        "H04L43/062",
        "H04L43/16",
        "H04L43/20",
        "H04L67/30",
        "H04L41/5009",
        "H04L43/045",
        "H04L43/08"
    ],
    "abstract": "Embodiments are directed to monitoring network traffic associated with networks to provide metrics. A monitoring engine may determine an anomaly based on the metrics exceeding threshold values. An inference engine may be instantiated to provide an anomaly profile based on portions of the network traffic that are associated with the anomaly. The inference engine may provide an investigation profile based on the anomaly profile such that the investigation profile includes information associated with investigation activities associated with an investigation of the anomaly. The inference engine may monitor the investigation of the anomaly based on other portions of the network traffic such that the other portions of the network traffic are associated with monitoring an occurrence of the investigation activities. The inference engine may modify a performance score associated with the investigation profile based on the occurrence of the investigation activities and a completion status of the investigation.",
    "claims": "\n1. A method for monitoring network traffic using one or more network computers, wherein execution of instructions by the one or more network computers perform the method comprising:\nmonitoring network traffic associated with a plurality of entities in one or more networks to provide one or more metrics;\ndynamically modifying a device relation model that is a representation of one or more of direct relationships and indirect relationships between two or more of the plurality of entities based on one or more priorities of the one or more direct and indirect relationships to one or more of a plurality of entities, wherein the one or more priorities are based on communication between the plurality of entities that are employed to generate one or more of a type or a weight for the one or more of direct and indirect relationships;\ndetermining an anomaly based on the one or more metrics exceeding one or more threshold values;\nemploying one or more differences between the anomaly and a set of anomalies to determine an investigation profile that provides a higher likelihood for success in an investigation of the anomaly, wherein the investigation profile is one of a plurality of investigation profiles associated with one or more previously performed activities and results for one or more previous investigations of one or more of the set of anomalies;\nproviding a playbook that defines one or more actions for the investigation of the anomaly based on the investigation profile, wherein each occurrence of the one or more actions by the investigation is monitored; and\nmodifying a performance score that is associated with the investigation based on a deviation between the one or more defined actions of the playbook and the occurrence of the one or more activities of the investigation, the investigation profile, and a completion status of the investigation.\n2. The method of claim 1, further comprising:\nproviding an anomaly profile from a plurality of anomaly profiles based on one or more portions of the network traffic that are associated with the anomaly and the device relationship model.\n3. The method of claim 1, further comprising:\nproviding the investigation profile from the plurality of investigation profiles based on an anomaly profile, wherein the investigation profile includes a representation of one or more of classes, types or categorizations and information associated with the one or more previously performed investigation activities and results associated with the one or more previous investigations of the anomaly.\n4. The method of claim 1, wherein monitoring the investigation of the anomaly further comprises:\nmonitoring one or more portions of the network traffic that are associated with one or more occurrences of the one or more investigation activities.\n5. The method of claim 1, wherein modifying the performance score further comprises:\ndecreasing the performance score when one or more other investigation activities are included in the investigation or when the one or more investigation activities are omitted from the investigation of the anomaly.\n6. The method of claim 1, further comprising:\ndetermining one or more features associated with the anomaly; and\ngenerating a new anomaly profile for the anomaly when the one or more determined features are absent from a plurality of previously determined anomaly profiles.\n7. The method of claim 1, further comprising:\nin response to an occurrence of the anomaly, providing the playbook for one or more actions to investigate the anomaly; and\ndetermining an efficacy of the playbook based on a result of the completion status of the investigation.\n8. A system for monitoring network traffic in a network, comprising:\none or more network computers, wherein each network computer includes:\na memory that stores at least instructions; and\none or more processors that execute instructions that perform actions, comprising:\nmonitoring network traffic associated with a plurality of entities in one or more networks to provide one or more metrics;\ndynamically modifying a device relation model that is a representation of one or more of direct relationships and indirect relationships between two or more of the plurality of entities based on one or more priorities of the one or more direct and indirect relationships to one or more of a plurality of entities, wherein the one or more priorities are based on communication between the plurality of entities that are employed to generate one or more of a type or a weight for the one or more of direct and indirect relationships;\ndetermining an anomaly based on the one or more metrics exceeding one or more threshold values;\nemploying one or more differences between the anomaly and a set of anomalies to determine an investigation profile that provides a higher likelihood for success in an investigation of the anomaly, wherein the investigation profile is one of a plurality of investigation profiles associated with one or more previously performed activities and results for one or more previous investigations of one or more of the set of anomalies;\nproviding a playbook that defines one or more actions for the investigation of the anomaly based on the investigation profile, wherein each occurrence of the one or more actions by the investigation is monitored; and\nmodifying a performance score that is associated with the investigation based on a deviation between the one or more defined actions of the playbook and the occurrence of the one or more activities of the investigation, the investigation profile, and a completion status of the investigation; and\none or more client computers, wherein each client computer includes:\na memory that stores at least instructions; and\none or more processors that execute instructions that perform actions, including:\nproviding the network traffic for monitoring.\n9. The system of claim 8, further comprising:\nproviding an anomaly profile from a plurality of anomaly profiles based on one or more portions of the network traffic that are associated with the anomaly and the device relationship model.\n10. The system of claim 8, further comprising:\nproviding the investigation profile from the plurality of investigation profiles based on an anomaly profile, wherein the investigation profile includes a representation of one or more of classes, types or categorizations and information associated with the one or more previously performed investigation activities and results associated with the one or more previous investigations of the anomaly.\n11. The system of claim 8, wherein monitoring the investigation of the anomaly further comprises:\nmonitoring one or more portions of the network traffic that are associated with one or more occurrences of the one or more investigation activities.\n12. The system of claim 8, wherein modifying the performance score further comprises:\ndecreasing the performance score when one or more other investigation activities are included in the investigation or when the one or more investigation activities are omitted from the investigation of the anomaly.\n13. The system of claim 8, further comprising:\ndetermining one or more features associated with the anomaly; and\ngenerating a new anomaly profile for the anomaly when the one or more determined features are absent from a plurality of previously determined anomaly profiles.\n14. The system of claim 8, further comprising:\nin response to an occurrence of the anomaly, providing the playbook for one or more actions to investigate the anomaly; and\ndetermining an efficacy of the playbook based on a result of the completion status of the investigation.\n15. A processor readable non-transitory storage media that includes instructions for monitoring network traffic using one or more network monitoring computers, wherein execution of the instructions by the one or more network computers perform the method comprising:\nmonitoring network traffic associated with a plurality of entities in one or more networks to provide one or more metrics;\ndynamically modifying a device relation model that is a representation of one or more of direct relationships and indirect relationships between two or more of the plurality of entities based on one or more priorities of the one or more direct and indirect relationships to one or more of a plurality of entities, wherein the one or more priorities are based on communication between the plurality of entities that are employed to generate one or more of a type or a weight for the one or more of direct and indirect relationships;\ndetermining an anomaly based on the one or more metrics exceeding one or more threshold values;\nemploying one or more differences between the anomaly and a set of anomalies to determine an investigation profile that provides a higher likelihood for success in an investigation of the anomaly, wherein the investigation profile is one of a plurality of investigation profiles associated with one or more previously performed activities and results for one or more previous investigations of one or more of the set of anomalies;\nproviding a playbook that defines one or more actions for the investigation of the anomaly based on the investigation profile, wherein each occurrence of the one or more actions by the investigation is monitored; and\nmodifying a performance score that is associated with the investigation based on a deviation between the one or more defined actions of the playbook and the occurrence of the one or more activities of the investigation, the investigation profile, and a completion status of the investigation.\n16. The processor readable non-transitory storage media of claim 15, further comprising:\ndetermining one or more features associated with the anomaly; and\ngenerating a new anomaly profile for the anomaly when the one or more determined features are absent from a plurality of previously determined anomaly profiles.\n17. The processor readable non-transitory storage media of claim 15, further comprising:\nin response to an occurrence of the anomaly, providing the playbook for one or more actions to investigate the anomaly; and\ndetermining an efficacy of the playbook based on a result of the completion status of the investigation.\n18. The processor readable non-transitory storage media of claim 15, further comprising:\nproviding an anomaly profile from a plurality of anomaly profiles based on one or more portions of the network traffic that are associated with the anomaly and the device relationship model.\n19. The processor readable non-transitory storage media of claim 15, further comprising:\nproviding the investigation profile from the plurality of investigation profiles based on an anomaly profile, wherein the investigation profile includes a representation of one or more of classes, types or categorizations and information associated with the one or more previously performed investigation activities and results associated with the one or more previous investigations of the anomaly.\n20. The processor readable non-transitory storage media of claim 15, wherein monitoring the investigation of the anomaly further comprises:\nmonitoring one or more portions of the network traffic that are associated with one or more occurrences of the one or more investigation activities.",
    "status": "Active",
    "citations_own": [
        "US5027269A",
        "US5430727A",
        "US5541995A",
        "US5715464A",
        "US5787237A",
        "US5802599A",
        "US5835726A",
        "US5857188A",
        "US5928363A",
        "EP1026867A2",
        "US6141686A",
        "US6263049B1",
        "US6321338B1",
        "US20020023080A1",
        "US20020024964A1",
        "US20020035604A1",
        "US6385729B1",
        "US20020055998A1",
        "US20020065912A1",
        "US6401150B1",
        "US6405250B1",
        "US20020078382A1",
        "US20020080720A1",
        "US20020091844A1",
        "US20020097724A1",
        "US20020107953A1",
        "US20020133586A1",
        "US20020133622A1",
        "US20020152209A1",
        "US20020156880A1",
        "US20020199098A1",
        "US20030014628A1",
        "US6526044B1",
        "US20030084279A1",
        "US20030093514A1",
        "US20030131116A1",
        "US20030135667A1",
        "US20030149887A1",
        "US20030152094A1",
        "US20030156715A1",
        "US20030204621A1",
        "US20030212900A1",
        "US20030214913A1",
        "US20030217144A1",
        "US20030233361A1",
        "US20040003094A1",
        "US6704311B1",
        "US20040047325A1",
        "US20040049699A1",
        "US20040073512A1",
        "US20040088557A1",
        "US20040088544A1",
        "US20040093414A1",
        "US20040093513A1",
        "US6765909B1",
        "US20040146006A1",
        "US20040162070A1",
        "US20040199630A1",
        "US6807156B1",
        "US6807565B1",
        "US20040250059A1",
        "US20050015622A1",
        "US20050015455A1",
        "US20050050316A1",
        "US20050060427A1",
        "US20050066196A1",
        "US6883015B1",
        "US20050086255A1",
        "US20050091357A1",
        "US20050091341A1",
        "US20050100000A1",
        "US6901517B1",
        "US20050125684A1",
        "US20050125553A1",
        "US20050182833A1",
        "US20050193245A1",
        "US6944599B1",
        "US20050201363A1",
        "US6948060B1",
        "US20050210242A1",
        "US20050234920A1",
        "US20050251009A1",
        "US6968554B1",
        "US20050262237A1",
        "US20060029096A1",
        "US6999729B2",
        "US20060045016A1",
        "US20060045017A1",
        "US20060075358A1",
        "US20060085526A1",
        "US7042888B2",
        "US20060101068A1",
        "US20060106743A1",
        "US20060123477A1",
        "US20060174343A1",
        "US20060171333A1",
        "US7089326B2",
        "US20060184535A1",
        "US20060188494A1",
        "US20060191009A1",
        "US20060230452A1",
        "US20060230456A1",
        "US20060233349A1",
        "US7133365B2",
        "US7143153B1",
        "US7177930B1",
        "US20070039051A1",
        "US7181769B1",
        "US20070043861A1",
        "US7193968B1",
        "US20070067841A1",
        "US20070077931A1",
        "US20070088845A1",
        "US20070110053A1",
        "US20070156919A1",
        "US20070153689A1",
        "US20070156886A1",
        "US20070157306A1",
        "US20070169190A1",
        "US20070188494A1",
        "US20070192863A1",
        "US20070239639A1",
        "US20070245420A1",
        "US20070256122A1",
        "US7313141B2",
        "US20080022401A1",
        "US20080034424A1",
        "US20080031141A1",
        "US20080034425A1",
        "US20080059582A1",
        "US20080062995A1",
        "US20080069002A1",
        "US20080103610A1",
        "US20080130659A1",
        "US20080141275A1",
        "US20080141374A1",
        "US20080147818A1",
        "US20080172416A1",
        "US20080212586A1",
        "US7424532B1",
        "US20080222717A1",
        "US20080219261A1",
        "US20080232359A1",
        "US20080279111A1",
        "US20080282080A1",
        "US7457870B1",
        "US20080294384A1",
        "US20080307219A1",
        "US7474654B2",
        "US20090010259A1",
        "US7480292B2",
        "WO2009015461A1",
        "US20090063665A1",
        "US7509680B1",
        "US20090089326A1",
        "US20090109973A1",
        "US7535906B2",
        "US7543146B1",
        "US7545499B2",
        "US7554983B1",
        "US20090168657A1",
        "US20090187653A1",
        "US7580356B1",
        "US20090225675A1",
        "US20090228330A1",
        "US20090245083A1",
        "US7602731B2",
        "US7606706B1",
        "US7609630B2",
        "US20090271469A1",
        "US20090268605A1",
        "US20090292954A1",
        "US20090296593A1",
        "US20090316602A1",
        "US7639613B1",
        "US20090327695A1",
        "US20090328219A1",
        "US7644150B1",
        "US20100027432A1",
        "US7660883B2",
        "US20100095367A1",
        "US20100091770A1",
        "US7724905B2",
        "US20100131755A1",
        "US20100135498A1",
        "US7739497B1",
        "US20100167713A1",
        "US20100191856A1",
        "US20100192225A1",
        "US7774456B1",
        "US20100201573A1",
        "US20100226301A1",
        "US20100250928A1",
        "US7810151B1",
        "US7809829B2",
        "US7817549B1",
        "US20100268937A1",
        "US20100281539A1",
        "US20100278056A1",
        "US20100299158A1",
        "US7849502B1",
        "US20100316216A1",
        "US20100322248A1",
        "US20100332618A1",
        "US7864764B1",
        "US20110019574A1",
        "US20110055138A1",
        "US7916652B1",
        "US7936682B2",
        "US7937755B1",
        "US7944822B1",
        "US20110126259A1",
        "US7975139B2",
        "US7979694B2",
        "US7979555B2",
        "US20110173490A1",
        "US20110197276A1",
        "US8040798B2",
        "US20110280149A1",
        "US20110296002A1",
        "US8079083B1",
        "US20110321160A1",
        "US20110320394A1",
        "US20120016977A1",
        "US8102783B1",
        "US8107397B1",
        "US20120030731A1",
        "US8125908B2",
        "US20120130745A1",
        "US20120131330A1",
        "US20120166962A1",
        "US20120176917A1",
        "US20120210385A1",
        "US20120216282A1",
        "US20120215328A1",
        "US20120233694A1",
        "US20120243533A1",
        "US20120278625A1",
        "US20120278477A1",
        "US20120290711A1",
        "US20120294305A1",
        "US20120324585A1",
        "US20130007296A1",
        "US8352725B1",
        "US20130010608A1",
        "US20130061036A1",
        "US20130067034A1",
        "US8411677B1",
        "US8418249B1",
        "US20130097203A1",
        "US20130103734A1",
        "US20130133032A1",
        "US8457127B2",
        "US20130166730A1",
        "US20130176842A1",
        "US20130183645A1",
        "US8494985B1",
        "US20130198512A1",
        "US20130212297A1",
        "US20130227259A1",
        "US20130232104A1",
        "US8533254B1",
        "US20130262655A1",
        "US8555383B1",
        "US8578024B1",
        "US20130305357A1",
        "US20130339514A1",
        "US20130347018A1",
        "US8619579B1",
        "US8627422B2",
        "US20140040451A1",
        "US20140063035A1",
        "US20140075536A1",
        "US20140077956A1",
        "US20140109168A1",
        "US8707440B2",
        "US20140149456A1",
        "US8744894B2",
        "US20140165207A1",
        "US20140164584A1",
        "US20140189093A1",
        "US20140195797A1",
        "US8782393B1",
        "KR20140093060A",
        "US20140223325A1",
        "US20140222998A1",
        "US8817655B2",
        "US20140242972A1",
        "US20140258511A1",
        "US8843627B1",
        "US8848744B1",
        "US8861397B2",
        "US20140310392A1",
        "US20140317288A1",
        "US20140344633A1",
        "US20140351415A1",
        "US20150006896A1",
        "US20150007314A1",
        "US20150023168A1",
        "US20150026027A1",
        "US8964548B1",
        "US20150058987A1",
        "US20150063158A1",
        "US20150074258A1",
        "US20150074462A1",
        "US20150089034A1",
        "US20150096022A1",
        "US20150106930A1",
        "US20150121461A1",
        "US9026467B2",
        "US20150134554A1",
        "US20150134776A1",
        "US20150149828A1",
        "US20150180759A1",
        "US20150180890A1",
        "US9083740B1",
        "US20150199613A1",
        "US9094288B1",
        "US20150229661A1",
        "US20150227859A1",
        "US20150242627A1",
        "US20150249512A1",
        "US20150269358A1",
        "US20150277802A1",
        "US9158604B1",
        "US9183573B2",
        "US9191400B1",
        "US20150331771A1",
        "US20150341379A1",
        "US9203865B2",
        "US20150350167A1",
        "US20150365438A1",
        "US20160006766A1",
        "US20160026922A1",
        "US20160028755A1",
        "US20160036647A1",
        "US20160043919A1",
        "US9264288B1",
        "US20160055335A1",
        "US20160093205A1",
        "US20160127401A1",
        "US9338147B1",
        "US20160134659A1",
        "US20160142435A1",
        "US20160173556A1",
        "US20160182274A1",
        "US20160197949A1",
        "US9391866B1",
        "US9401925B1",
        "US9400871B1",
        "WO2016118131A1",
        "US20160219066A1",
        "US9426036B1",
        "US9432430B1",
        "US9430646B1",
        "US20160262044A1",
        "US20160285752A1",
        "US9461875B2",
        "US20160294870A1",
        "US20160301709A1",
        "US20160301624A1",
        "US20160308725A1",
        "US9479405B1",
        "US9483742B1",
        "US9516053B1",
        "US20160357964A1",
        "US20160359872A1",
        "US20160357967A1",
        "US20160366020A1",
        "US20160373414A1",
        "US9531736B1",
        "US20160380885A1",
        "EP3113443A1",
        "US9565202B1",
        "US20170048109A1",
        "US9591015B1",
        "US20170076206A1",
        "US20170085590A1",
        "US20170093796A1",
        "US20170093897A1",
        "US20170093891A1",
        "US20170097982A1",
        "US20170099196A1",
        "US20170111272A1",
        "US20170118092A1",
        "US20170126472A1",
        "US20170123886A1",
        "US20170126709A1",
        "US20170134937A1",
        "US9660879B1",
        "US9692658B2",
        "US20170195353A1",
        "US9715820B1",
        "US9729416B1",
        "US20170230417A1",
        "US20170230270A1",
        "US20170270105A1",
        "US20170279838A1",
        "US20170279839A1",
        "US20170289104A1",
        "US20170289847A1",
        "US20170288974A1",
        "US20170288987A1",
        "US20170289168A1",
        "US20170310703A1",
        "US20170353477A1",
        "US20170353437A1",
        "US20170366526A1",
        "US20180084011A1",
        "US20180091413A1",
        "US20180109507A1",
        "US20180109557A1",
        "US20180131711A1",
        "US20180131675A1",
        "US20180139227A1",
        "US20180137001A1",
        "US20180167310A1",
        "US20180191755A1",
        "US20180198812A1",
        "US10027689B1",
        "US10038611B1",
        "US20180219879A1",
        "US10063434B1",
        "US20180260715A1",
        "US20180276561A1",
        "US20180351970A1",
        "US20180351781A1",
        "US20180375893A1",
        "US20190007283A1",
        "US20190012441A1",
        "US20190028357A1",
        "US10198667B2",
        "US20190052675A1",
        "CN109542772A",
        "US20190102469A1",
        "US10264003B1",
        "US20190121979A1",
        "US10277618B1",
        "US20190132359A1",
        "US20190171725A1",
        "US10321344B2",
        "US10332005B1",
        "US20190196912A1",
        "US10348767B1",
        "US10375155B1",
        "US20190245734A1",
        "US20190266999A1",
        "US10411978B1",
        "US20190303198A1",
        "US10536475B1",
        "US10554665B1",
        "US20200067952A1"
    ],
    "citations_ftf": [
        "JP5148576B2",
        "US20140142972A1"
    ],
    "citedby_own": [],
    "citedby_ftf": [
        "US10476673B2",
        "US9967292B1",
        "US11741238B2",
        "US11785104B2",
        "US11792284B1",
        "US10425437B1",
        "US11765249B2",
        "US11770398B1",
        "US10389574B1",
        "US10038611B1",
        "US10270794B1",
        "US10411978B1",
        "US10594718B1",
        "US10972461B2",
        "WO2020086860A1",
        "US11218376B2",
        "US11212186B2",
        "US10965702B2",
        "US11776060B2",
        "US11018953B2",
        "US11410061B2",
        "US11165814B2",
        "US11388072B2",
        "US10742530B1",
        "US11533335B2",
        "USD982021S1",
        "US10742677B1",
        "US11165823B2",
        "US11201955B1",
        "US11188571B1",
        "US11256759B1",
        "US11425156B2",
        "CN111476508B",
        "CN111711633B",
        "US11533217B2",
        "US11463466B2",
        "US11310256B2",
        "US11757735B2",
        "US11398957B2",
        "US11627092B2",
        "US11775654B2",
        "US11625237B2",
        "US11522776B1",
        "US11349861B1",
        "US11296967B1",
        "KR20230147311A",
        "US11693958B1"
    ]
}