{
    "patent_id": "US-10839159-B2",
    "title": "Named entity normalization in a spoken dialog system ",
    "assignee": "Apple Inc.",
    "publication_date": "2020-11-17",
    "patent_link": "https://patents.google.com/patent/US10839159B2/en",
    "inventors": [
        "Xiao Yang",
        "Deepak MURALIDHARAN",
        "Justine KAO",
        "Lin Li",
        "Mubarak Ali SEYED IBRAHIM",
        "John G. KEESLING",
        "AtishKumar KOTHARI",
        "Yingjie ZHENG"
    ],
    "classifications": [
        "G10L15/22",
        "G06F16/909",
        "G06F40/295",
        "G06F40/30",
        "G06N20/00",
        "G06N3/006",
        "G06N3/08",
        "G06N5/022",
        "G06N5/048",
        "G06N7/01",
        "G10L15/1822",
        "H04L51/02",
        "G10L2015/225",
        "G10L2015/228"
    ],
    "abstract": "Systems and processes for processing natural language input are described. An example process for processing natural language input includes receiving a natural language input and determining a domain corresponding to the natural language input. The example process further includes, in accordance with determining the domain corresponding to the natural language input, determining, based on the natural language input, a first value for a first property of the domain and determining, based on a named entity model and the natural language input, a second value for the first property of the domain, where the second value defines a parameter for a task corresponding to the natural language input. The example process further includes performing the task based on the parameter and providing a result based on the performed task.",
    "claims": "\n1. A non-transitory computer-readable storage medium storing one or more programs, the one or more programs comprising instructions, which when executed by one or more processors of a first electronic device, cause the first electronic device to:\nreceive a natural language input;\ndetermine a domain corresponding to the natural language input;\nin accordance with determining the domain corresponding to the natural language input:\ndetermine, based on the natural language input, a first value for a first property of the domain;\ndetermine that the first value comprises an inaccurate representation of a named entity;\nin accordance with determining that the first value comprises the inaccurate representation of the named entity, determine, based on a named entity model and the natural language input, a second value for the first property of the domain, wherein the second value defines a parameter for a task corresponding to the natural language input;\nperform the task based on the parameter; and\nprovide a result based on the performed task.\n2. The non-transitory computer-readable storage medium of claim 1, wherein the domain corresponding to the natural language input comprises a media domain.\n3. The non-transitory computer-readable storage medium of claim 1, wherein performing the task includes searching for a first media item.\n4. The non-transitory computer-readable storage medium of claim 1, wherein performing the task includes searching for a first location.\n5. The non-transitory computer-readable storage medium of claim 1, wherein the one or more programs further comprise instructions, which when executed by the one or more processors of the first electronic device, cause the first electronic device to:\nreplace the first value with the second value.\n6. The non-transitory computer-readable storage medium of claim 1, wherein the first value represents the named entity and the second value represents the named entity.\n7. The non-transitory computer-readable storage medium of claim 6, wherein the named entity comprises at least one of: a media item, a person, a location, and an application.\n8. The non-transitory computer-readable storage medium of claim 1, wherein the named entity model associates a set of one or more values with the second value, the set of one or more values including the first value.\n9. The non-transitory computer-readable storage medium of claim 1, wherein the named entity model comprises a plurality of mappings, wherein each mapping of the plurality of mappings associates a respective representation of a respective named entity to a correct representation of the respective named entity.\n10. The non-transitory computer-readable storage medium of claim 9, wherein each mapping of the plurality of mappings satisfies one or more predetermined rules, each of the one or more predetermined rules specifying a condition for the respective representation of the respective named entity.\n11. The non-transitory computer-readable storage medium of claim 1, wherein the named entity model comprises a machine learned model.\n12. The non-transitory computer-readable storage medium of claim 11, wherein determining the second value for the first property of the domain includes:\ndetermining, using the machine learned model and the first value, a plurality of values for the first property of the domain, wherein each value of the plurality of values is associated with a respective ranking; and\nidentifying, from the plurality of values, the second value based on the respective ranking associated with the second value.\n13. The non-transitory computer-readable storage medium of claim 12, wherein the respective ranking associated with each value of the plurality of values is determined using a knowledge base.\n14. The non-transitory computer-readable storage medium of claim 12, wherein the respective ranking associated with each value of the plurality of values is determined based on context data associated with the first value.\n15. The non-transitory computer-readable storage medium of claim 1, wherein determining that the first value comprises the inaccurate representation of the named entity includes determining that the named entity model includes a mapping associating the first value with a third value.\n16. The non-transitory computer-readable storage medium of claim 1, wherein determining that the first value comprises the inaccurate representation of the named entity includes:\ndetermining, using the named entity model, a mapping associating the first value with a third value, the mapping being associated with a confidence score; and\ndetermining that the confidence score exceeds a threshold.\n17. An electronic device, comprising:\none or more processors;\na memory; and\none or more programs, wherein the one or more programs are stored in the memory and configured to be executed by the one or more processors, the one or more programs including instructions for:\nreceiving a natural language input;\ndetermining a domain corresponding to the natural language input;\nin accordance with determining the domain corresponding to the natural language input:\ndetermining, based on the natural language input, a first value for a first property of the domain;\ndetermining that the first value comprises an inaccurate representation of a named entity;\nin accordance with determining that the first value comprises the inaccurate representation of the named entity, determining, based on a named entity model and the natural language input a second value for the first property of the domain, wherein the second value defines a parameter for a task corresponding to the natural language input;\nperforming the task based on the parameter; and\nproviding a result based on the performed task.\n18. A method for processing natural language requests, the method comprising:\nat an electronic device with one or more processors and memory:\nreceiving a natural language input;\ndetermining a domain corresponding to the natural language input;\nin accordance with determining the domain corresponding to the natural language input:\ndetermining, based on the natural language input, a first value for a first property of the domain;\ndetermining that the first value comprises an inaccurate representation of a named entity;\nin accordance with determining that the first value comprises the inaccurate representation of the named entity, determining, based on a named entity model and the natural language input, a second value for the first property of the domain, wherein the second value defines a parameter for a task corresponding to the natural language input;\nperforming the task based on the parameter; and\nproviding a result based on the performed task.\n19. The electronic device of claim 17, wherein the domain corresponding to the natural language input comprises a media domain.\n20. The electronic device of claim 17, wherein performing the task includes searching for a first media item.\n21. The electronic device of claim 17, wherein performing the task includes searching for a first location.\n22. The electronic device of claim 17, the one or more programs further including instructions for:\nreplacing the first value with the second value.\n23. The electronic device of claim 17, wherein the first value represents the named entity and the second value represents the named entity.\n24. The electronic device of claim 23, wherein the named entity comprises at least one of:\na media item, a person, a location, and an application.\n25. The electronic device of claim 17, wherein the named entity model associates a set of one or more values with the second value, the set of one or more values including the first value.\n26. The electronic device of claim 17, wherein the named entity model comprises a plurality of mappings, wherein each mapping of the plurality of mappings associates a respective representation of a respective named entity to a correct representation of the respective named entity.\n27. The electronic device of claim 26, wherein each mapping of the plurality of mappings satisfies one or more predetermined rules, each of the one or more predetermined rules specifying a condition for the respective representation of the respective named entity.\n28. The electronic device of claim 17, wherein the named entity model comprises a machine learned model.\n29. The electronic device of claim 28, wherein determining the second value for the first property of the domain includes:\ndetermining, using the machine learned model and the first value, a plurality of values for the first property of the domain, wherein each value of the plurality of values is associated with a respective ranking; and\nidentifying, from the plurality of values, the second value based on the respective ranking associated with the second value.\n30. The electronic device of claim 29, wherein the respective ranking associated with each value of the plurality of values is determined using a knowledge base.\n31. The electronic device of claim 29, wherein the respective ranking associated with each value of the plurality of values is determined based on context data associated with the first value.\n32. The electronic device of claim 17, wherein determining that the first value comprises the inaccurate representation of the named entity includes determining that the named entity model includes a mapping associating the first value with a third value.\n33. The electronic device of claim 17, wherein determining that the first value comprises the inaccurate representation of the named entity includes:\ndetermining, using the named entity model, a mapping associating the first value with a third value, the mapping being associated with a confidence score; and\ndetermining that the confidence score exceeds a threshold.\n34. The method of claim 18, wherein the domain corresponding to the natural language input comprises a media domain.\n35. The method of claim 18, wherein performing the task includes searching for a first media item.\n36. The method of claim 18, wherein performing the task includes searching for a first location.\n37. The method of claim 18, further comprising:\nreplacing the first value with the second value.\n38. The method of claim 18, wherein the first value represents the named entity and the second value represents the named entity.\n39. The method of claim 38, wherein the named entity comprises at least one of: a media item, a person, a location, and an application.\n40. The method of claim 18, wherein the named entity model associates a set of one or more values with the second value, the set of one or more values including the first value.\n41. The method of claim 18, wherein the named entity model comprises a plurality of mappings, wherein each mapping of the plurality of mappings associates a respective representation of a respective named entity to a correct representation of the respective named entity.\n42. The method of claim 41, wherein each mapping of the plurality of mappings satisfies one or more predetermined rules, each of the one or more predetermined rules specifying a condition for the respective representation of the respective named entity.\n43. The method of claim 18, wherein the named entity model comprises a machine learned model.\n44. The method of claim 43, wherein determining the second value for the first property of the domain includes:\ndetermining, using the machine learned model and the first value, a plurality of values for the first property of the domain, wherein each value of the plurality of values is associated with a respective ranking; and\nidentifying, from the plurality of values, the second value based on the respective ranking associated with the second value.\n45. The method of claim 44, wherein the respective ranking associated with each value of the plurality of values is determined using a knowledge base.\n46. The method of claim 44, wherein the respective ranking associated with each value of the plurality of values is determined based on context data associated with the first value.\n47. The method of claim 18, wherein determining that the first value comprises the inaccurate representation of the named entity includes determining that the named entity model includes a mapping associating the first value with a third value.\n48. The method of claim 18, wherein determining that the first value comprises the inaccurate representation of the named entity includes:\ndetermining, using the named entity model, a mapping associating the first value with a third value, the mapping being associated with a confidence score; and\ndetermining that the confidence score exceeds a threshold.",
    "status": "Active",
    "citations_own": [
        "US20090006345A1",
        "US20090006099A1",
        "US20090003115A1",
        "US20090006488A1",
        "US20090007001A1",
        "US20090006343A1",
        "US20090006097A1",
        "US20090006096A1",
        "US20090005012A1",
        "US20090006671A1",
        "US20090006100A1",
        "US20090005891A1",
        "US7475063B2",
        "US7475015B2",
        "US7475010B2",
        "JP2009002850A",
        "US20090011709A1",
        "US20090012748A1",
        "US20090012775A1",
        "KR20090001716A",
        "TWM348993U",
        "US7477240B2",
        "US7478037B2",
        "US7478129B1",
        "US7478091B2",
        "US7477238B2",
        "US20090018839A1",
        "US20090018828A1",
        "US20090018840A1",
        "US20090018829A1",
        "US7479948B2",
        "US7479949B2",
        "US20090022329A1",
        "US20090024595A1",
        "US7483832B2",
        "US7483894B2",
        "EP1909263B1",
        "US20090030685A1",
        "JP2009503623A",
        "US20090028435A1",
        "US20090030978A1",
        "US20090030800A1",
        "US7487089B2",
        "US7487093B2",
        "JP2009505142A",
        "WO2009017280A1",
        "WO2009016631A2",
        "US7490039B1",
        "US7490034B2",
        "US20090043583A1",
        "US20090043580A1",
        "US20090044094A1",
        "US20090043763A1",
        "US7493251B2",
        "US7493560B1",
        "US20090049067A1",
        "US20090048841A1",
        "US20090048845A1",
        "US20090048821A1",
        "JP2009036999A",
        "US7496512B2",
        "US7496498B2",
        "US20090055175A1",
        "US20090055186A1",
        "US20090055179A1",
        "US20090055168A1",
        "US20090055648A1",
        "US20090055381A1",
        "US20090055380A1",
        "US7499923B2",
        "US20090058823A1",
        "US20090063974A1",
        "JP2009047920A",
        "US20090058860A1",
        "US20090060351A1",
        "US20090060472A1",
        "US20090064031A1",
        "US7502738B2",
        "EP1335620B1",
        "US20090070109A1",
        "US20090070114A1",
        "US20090070102A1",
        "US20090070097A1",
        "US7505795B1",
        "KR20090028464A",
        "US20090076798A1",
        "US20090077047A1",
        "US20090076821A1",
        "US20090076819A1",
        "US20090076825A1",
        "US20090077165A1",
        "US20090074214A1",
        "WO2009034686A1",
        "US20090076796A1",
        "US20090076792A1",
        "RU2349970C2",
        "US7508324B2",
        "US7508373B2",
        "US20090083035A1",
        "US20090083036A1",
        "US20090079622A1",
        "US20090083034A1",
        "US20090083037A1",
        "US20090083047A1",
        "US20090089058A1",
        "JP2009069062A",
        "US7516123B2",
        "US20090092260A1",
        "US20090092262A1",
        "US20090094033A1",
        "US20090094029A1",
        "US20090091537A1",
        "US20090092239A1",
        "US20090092261A1",
        "US7519327B2",
        "US7519398B2",
        "US20090097637A1",
        "US20090100454A1",
        "US20090097634A1",
        "US20090098903A1",
        "RU2353068C2",
        "US7523036B2",
        "US7523108B2",
        "US7522927B2",
        "CN101416471A",
        "US20090106397A1",
        "US20090106376A1",
        "US20090104898A1",
        "US20090106026A1",
        "US7526738B2",
        "US7526466B2",
        "US20090112576A1",
        "US20090112572A1",
        "US20090112592A1",
        "US20090112677A1",
        "US20090112892A1",
        "US20090112596A1",
        "US7529671B2",
        "US7528713B2",
        "US7529677B1",
        "US7529676B2",
        "CN101427244A",
        "US20090119587A1",
        "JP2009098490A",
        "US20090125947A1",
        "US20090123071A1",
        "US20090123021A1",
        "US20090125813A1",
        "US20090125602A1",
        "US20090125477A1",
        "US7536029B2",
        "US7535997B1",
        "US7536565B2",
        "US20090128505A1",
        "JP2009110300A",
        "US20090132253A1",
        "US20090132255A1",
        "US7538685B1",
        "US7539619B1",
        "US7539656B2",
        "US20090138736A1",
        "US20090138828A1",
        "US20090138430A1",
        "US20090138263A1",
        "US20090137286A1",
        "US7542971B2",
        "US7542967B2",
        "US7543232B2",
        "US7541940B2",
        "CN101448340A",
        "US20090144036A1",
        "US20090144428A1",
        "US20090144049A1",
        "US20090144609A1",
        "US7546529B2",
        "US7546382B2",
        "CN101453498A",
        "US20090150147A1",
        "US20090150156A1",
        "US20090146848A1",
        "US7548895B2",
        "EP2069895A1",
        "JP2009134409A",
        "US20090152349A1",
        "US20090157382A1",
        "US20090154669A1",
        "US20090157384A1",
        "US20090153288A1",
        "US20090158423A1",
        "US20090157401A1",
        "US20090158323A1",
        "US7552055B2",
        "US7552045B2",
        "US20090164937A1",
        "US20090164301A1",
        "US20090164441A1",
        "US20090160761A1",
        "US20090163243A1",
        "US20090164655A1",
        "US20090160803A1",
        "JP2009140444A",
        "US7555431B2",
        "US7555496B1",
        "US20090167509A1",
        "US20090172108A1",
        "US20090171662A1",
        "US20090171578A1",
        "US7558381B1",
        "US7559026B2",
        "US7558730B2",
        "US20090177461A1",
        "US20090174667A1",
        "US20090174677A1",
        "US20090177966A1",
        "US20090177300A1",
        "US7561069B2",
        "US7562007B2",
        "US7562032B2",
        "US20090182549A1",
        "US20090182702A1",
        "US20090183070A1",
        "US7565104B1",
        "US7565380B1",
        "EP2081185A1",
        "US20090187577A1",
        "US20090187950A1",
        "US20090187402A1",
        "US7568151B2",
        "US20090192782A1",
        "US20090190774A1",
        "US20090192787A1",
        "US20090192798A1",
        "US7571092B1",
        "US7571106B2",
        "CN101500041A",
        "CN101499156A",
        "US20090198497A1",
        "US20090204601A1",
        "US20090204596A1",
        "US20090204402A1",
        "US20090204478A1",
        "US20090204409A1",
        "KR20090086805A",
        "US7577522B2",
        "RU2364917C2",
        "JP2009186989A",
        "US20090210232A1",
        "US7580839B2",
        "US7580576B2",
        "US7580551B1",
        "CN101515952A",
        "EP2094032A1",
        "US20090213134A1",
        "US20090215466A1",
        "WO2009104126A1",
        "JP2009193448A",
        "JP2009193457A",
        "US20090216396A1",
        "US20090216528A1",
        "US20090215503A1",
        "US20090216540A1",
        "JP2009193532A",
        "US20090216704A1",
        "US7584278B2",
        "US7584093B2",
        "US7584092B2",
        "US7584429B2",
        "EP2096840A1",
        "US20090221274A1",
        "US20090219166A1",
        "US20090222257A1",
        "US20090222488A1",
        "US20090222270A2",
        "US20090228439A1",
        "US20090228842A1",
        "US20090228277A1",
        "US20090224867A1",
        "US20090228281A1",
        "US20090228126A1",
        "US20090228273A1",
        "US20090228792A1",
        "CN101535983A",
        "US20090233264A1",
        "US20090235280A1",
        "US20090234638A1",
        "US20090234655A1",
        "US20090234651A1",
        "US7593868B2",
        "US20090239202A1",
        "US20090241054A1",
        "US20090240485A1",
        "US20090239552A1",
        "US7596269B2",
        "US7596765B2",
        "US7596499B2",
        "US7596606B2",
        "CN101547396A",
        "US20090248402A1",
        "US20090241760A1",
        "JP2009223840A",
        "US20090248182A1",
        "US20090248395A1",
        "US20090248456A1",
        "US20090248420A1",
        "US20090248422A1",
        "US20090247237A1",
        "US20090249198A1",
        "US20090249247A1",
        "KR100920267B1",
        "US7599918B2",
        "EP2107553A1",
        "US20090254339A1",
        "US20090254819A1",
        "US20090254345A1",
        "US20090253463A1",
        "US20090254823A1",
        "US7603381B2",
        "US7603349B1",
        "CN101557432A",
        "US20090259475A1",
        "US20090259472A1",
        "US20090259969A1",
        "TW200943903A",
        "US7606444B1",
        "US7607083B2",
        "US7606712B1",
        "US20090265368A1",
        "US20090265171A1",
        "US7610258B2",
        "US7609179B2",
        "US20090271176A1",
        "US20090271189A1",
        "US20090271178A1",
        "US20090271188A1",
        "US20090271175A1",
        "US20090271109A1",
        "US7613264B2",
        "US7614008B2",
        "US20090274376A1",
        "US20090274315A1",
        "US7617094B2",
        "US20090278804A1",
        "US20090281789A1",
        "US7620549B2",
        "US7620894B1",
        "US7620407B1",
        "US20090284482A1",
        "US20090284471A1",
        "US20090286514A1",
        "US20090287583A1",
        "US7623119B2",
        "US20090292987A1",
        "DE102008024258A1",
        "US20090290718A1",
        "US7627481B1",
        "KR20090122944A",
        "US20090298474A1",
        "JP2009543166A",
        "US20090298529A1",
        "US20090300391A1",
        "US20090296552A1",
        "US20090299745A1",
        "US20090300488A1",
        "US7630900B1",
        "US7630901B2",
        "US20090306981A1",
        "US20090306980A1",
        "US20090306969A1",
        "US20090306988A1",
        "US20090305203A1",
        "US20090306989A1",
        "US20090306979A1",
        "US20090306967A1",
        "US20090307162A1",
        "US20090307594A1",
        "US20090307584A1",
        "US20090304198A1",
        "US20090307201A1",
        "US20090306985A1",
        "KR20090127961A",
        "US7634732B1",
        "US7634409B2",
        "US7634413B1",
        "US7634718B2",
        "US7633076B2",
        "CN101604521A",
        "US20090313023A1",
        "US20090313020A1",
        "JP2009294913A",
        "US20090313564A1",
        "JP2009294946A",
        "US20090313026A1",
        "US20090313544A1",
        "US20090309352A1",
        "US7636657B2",
        "US20090319257A1",
        "US20090318119A1",
        "US20090316943A1",
        "US20090319266A1",
        "US20090318198A1",
        "US20090319342A1",
        "US7640160B2",
        "US7640158B2",
        "WO2009156978A1",
        "WO2009156438A1",
        "US20090326936A1",
        "US20090327977A1",
        "US20090326923A1",
        "US20090326938A1",
        "US20090326949A1",
        "US7643990B1",
        "US20100004931A1",
        "US20100004918A1",
        "US20100004930A1",
        "US7647225B2",
        "US20100010948A1",
        "US20100010814A1",
        "US20100010803A1",
        "US7649454B2",
        "US7649877B2",
        "CN101632316A",
        "US20100013796A1",
        "US20100017382A1",
        "US20100013760A1",
        "US20100017212A1",
        "US7653883B2",
        "US20100023318A1",
        "US20100023331A1",
        "US20100020035A1",
        "US20100019834A1",
        "US7657828B2",
        "US7657844B2",
        "US7656393B2",
        "US7657849B2",
        "US20100030928A1",
        "US20100026526A1",
        "US20100030549A1",
        "US20100031143A1",
        "WO2010013369A1",
        "US7660715B1",
        "US20100036655A1",
        "US20100036829A1",
        "US20100036928A1",
        "US20100036660A1",
        "US20100037183A1",
        "US20100036653A1",
        "KR20100015958A",
        "US7664558B2",
        "US7663607B2",
        "US7664638B2",
        "US20100042576A1",
        "US20100042400A1",
        "US7668710B2",
        "US7669134B1",
        "US20100050064A1",
        "US20100049498A1",
        "US20100046842A1",
        "US7672952B2",
        "US7673238B2",
        "US7673251B1",
        "US7673340B1",
        "US20100054512A1",
        "US20100057435A1",
        "US20100057643A1",
        "US20100057457A1",
        "US20100058200A1",
        "US20100057461A1",
        "US7676463B2",
        "US7676365B2",
        "US7676026B1",
        "US20100064113A1",
        "US20100063825A1",
        "US20100064226A1",
        "US20100063961A1",
        "US20100063804A1",
        "US20100060646A1",
        "US20100064218A1",
        "US7681126B2",
        "US7679534B2",
        "US7680649B2",
        "CN101673544A",
        "US20100066684A1",
        "US20100066546A1",
        "US20100067723A1",
        "US20100070281A1",
        "US20100070521A1",
        "US20100071003A1",
        "US20100070517A1",
        "US20100070899A1",
        "US20100067867A1",
        "US7684991B2",
        "US7683886B2",
        "US7684990B2",
        "US7683893B2",
        "US7684985B2",
        "JP2010066519A",
        "US20100077350A1",
        "US20100076760A1",
        "US20100076993A1",
        "US7689412B2",
        "US7689408B2",
        "US7689409B2",
        "US20100082328A1",
        "US20100082376A1",
        "US20100081487A1",
        "US20100082347A1",
        "US20100082346A1",
        "US20100082349A1",
        "US20100080398A1",
        "US20100082329A1",
        "US20100082348A1",
        "US20100082327A1",
        "US20100082286A1",
        "US20100082333A1",
        "US20100079501A1",
        "US20100082970A1",
        "US20100080470A1",
        "US20100082567A1",
        "US7693719B2",
        "US7693720B2",
        "US7693717B2",
        "US7693715B2",
        "US20100086156A1",
        "US20100088093A1",
        "JP2010078979A",
        "US20100088020A1",
        "US20100088100A1",
        "US20100086152A1",
        "US20100086153A1",
        "US7698131B2",
        "US20100094632A1",
        "US7702500B2",
        "US7703091B1",
        "US20100100816A1",
        "US20100100385A1",
        "US20100098231A1",
        "US20100100384A1",
        "US7707027B2",
        "US7707026B2",
        "US7707267B2",
        "US7707226B1",
        "US7707032B2",
        "US7706510B2",
        "US20100106498A1",
        "US20100103776A1",
        "US20100106503A1",
        "US20100106486A1",
        "US20100106500A1",
        "TW201018258A",
        "US7710262B2",
        "US7711672B2",
        "US7711550B1",
        "US7711129B2",
        "US7712053B2",
        "US7711565B1",
        "US20100114887A1",
        "US20100114856A1",
        "US7716216B1",
        "KR20100048571A",
        "US7716056B2",
        "US20100121637A1",
        "WO2010054373A2",
        "US7721226B2",
        "US7720674B2",
        "US7720683B1",
        "US7721301B2",
        "US20100125460A1",
        "KR20100053149A",
        "US20100125458A1",
        "US20100125456A1",
        "US20100125811A1",
        "US7724242B2",
        "US7724696B1",
        "US7725838B2",
        "US7725318B2",
        "JP2010518475A",
        "US20100131269A1",
        "US20100131498A1",
        "US20100128701A1",
        "US20100131899A1",
        "US20100131273A1",
        "US20100138215A1",
        "US20100138798A1",
        "US20100138680A1",
        "US20100138759A1",
        "US20100138224A1",
        "US20100138416A1",
        "US7735012B2",
        "US7734461B2",
        "US20100146442A1",
        "US20100142740A1",
        "US20100145694A1",
        "US20100145707A1",
        "US7739588B2",
        "US20100150321A1",
        "US20100153448A1",
        "US20100153115A1",
        "US20100153114A1",
        "US7743188B2",
        "CN101751387A",
        "US20100161313A1",
        "US20100161554A1",
        "US20100161337A1",
        "US7747616B2",
        "US20100169093A1",
        "US20100169097A1",
        "US20100169075A1",
        "JP2010146347A",
        "US20100169098A1",
        "US7752152B2",
        "EP2205010A1",
        "US20100175066A1",
        "US20100171713A1",
        "WO2010075623A1",
        "US20100174544A1",
        "US7756871B2",
        "US7756708B2",
        "US7757176B2",
        "US7757173B2",
        "US7756707B2",
        "US7757182B2",
        "US7756868B2",
        "US20100179932A1",
        "US20100179991A1",
        "US20100180218A1",
        "TW201027515A",
        "US7761296B1",
        "US20100185949A1",
        "US20100185448A1",
        "US7763842B2",
        "EP1720375B1",
        "JP2010166478A",
        "US20100191520A1",
        "TW201028996A",
        "US20100197359A1",
        "US20100199215A1",
        "US20100199180A1",
        "US7774388B1",
        "US7774202B2",
        "US7779353B2",
        "US7778632B2",
        "US7777717B2",
        "US7778830B2",
        "US7779356B2",
        "US7778595B2",
        "US7778432B2",
        "US20100211644A1",
        "US20100211199A1",
        "US20100211379A1",
        "US7783283B2",
        "US7783486B2",
        "US20100216509A1",
        "US20100217604A1",
        "CA2694314A1",
        "US7788590B2",
        "US7788663B2",
        "US20100222098A1",
        "US20100223055A1",
        "US20100223056A1",
        "US20100223131A1",
        "US20100222033A1",
        "US20100228549A1",
        "US20100227642A1",
        "US20100229082A1",
        "US20100229100A1",
        "US20100225809A1",
        "US20100225599A1",
        "US20100228691A1",
        "WO2010100937A1",
        "US7797265B2",
        "US7797331B2",
        "US7797269B2",
        "US7796980B1",
        "US7797629B2",
        "CN101833286A",
        "US20100235732A1",
        "US20100235780A1",
        "US20100235729A1",
        "JP2010205111A",
        "US20100235167A1",
        "US20100231474A1",
        "US7801721B2",
        "US7801729B2",
        "US7801728B2",
        "US20100241418A1",
        "US7805299B2",
        "US20100250599A1",
        "US20100250542A1",
        "US7809744B2",
        "US7809565B2",
        "US7809550B1",
        "JP2010224236A",
        "US20100257160A1",
        "US20100255858A1",
        "JP4563106B2",
        "US20100263015A1",
        "US20100262599A1",
        "US7818672B2",
        "US7818176B2",
        "US7818291B2",
        "US7818165B2",
        "US20100269040A1",
        "US20100268539A1",
        "US20100268537A1",
        "US7822608B2",
        "US7823123B2",
        "US20100274753A1",
        "US7826945B2",
        "US7827047B2",
        "US20100281034A1",
        "US20100277579A1",
        "US20100278320A1",
        "US20100278453A1",
        "US20100280983A1",
        "US7831432B2",
        "US7831423B2",
        "US7831246B1",
        "KR20100119519A",
        "US20100286984A1",
        "US20100287514A1",
        "US7836437B2",
        "US20100290632A1",
        "US20100293460A1",
        "US7840400B2",
        "US7840348B2",
        "US7840912B2",
        "US7840447B2",
        "US7840581B2",
        "CN101894547A",
        "US20100299138A1",
        "US20100295645A1",
        "US20100299133A1",
        "US7844394B2",
        "US20100304705A1",
        "US20100305807A1",
        "US20100304342A1",
        "US20100302056A1",
        "US20100305947A1",
        "US7848926B2",
        "US7848924B2",
        "US20100312566A1",
        "US20100312547A1",
        "US7853900B2",
        "US7853574B2",
        "US7853445B2",
        "US7853444B2",
        "US7853577B2",
        "US7853664B1",
        "US20100318366A1",
        "US20100318576A1",
        "US20100325588A1",
        "US20100324709A1",
        "US20100325573A1",
        "US20100324895A1",
        "US20100325131A1",
        "US20100325158A1",
        "US20100322438A1",
        "JP2010287063A",
        "CN101930789A",
        "US20100332235A1",
        "US20100332224A1",
        "US20100332428A1",
        "US20100332236A1",
        "US20100332220A1",
        "US20100333163A1",
        "US20100330908A1",
        "US20100332280A1",
        "US20100333030A1",
        "US7865817B2",
        "US20110004475A1",
        "US20110002487A1",
        "US7869998B1",
        "US7870118B2",
        "US7869999B2",
        "US7870133B2",
        "US20110010644A1",
        "US20110009107A1",
        "US20110010178A1",
        "US20110006876A1",
        "US7873654B2",
        "US7873149B2",
        "CN101951553A",
        "US20110015928A1",
        "US20110016421A1",
        "US20110016150A1",
        "US7877705B2",
        "US20110022292A1",
        "US20110021211A1",
        "US20110018695A1",
        "US20110021213A1",
        "US20110022472A1",
        "US20110022394A1",
        "US20110022388A1",
        "US20110022393A1",
        "US20110022952A1",
        "US7881283B2",
        "US7881936B2",
        "US7880730B2",
        "US20110030067A1",
        "US20110029616A1",
        "US7885844B1",
        "US7886233B2",
        "US7885390B2",
        "US20110033064A1",
        "US20110035434A1",
        "US20110034183A1",
        "US20110035144A1",
        "US7889185B2",
        "US7889184B2",
        "US7890330B2",
        "US7890652B2",
        "US20110040707A1",
        "US20110039584A1",
        "US20110038489A1",
        "JP2011033874A",
        "US7895531B2",
        "US7895039B2",
        "US20110047161A1",
        "US20110047266A1",
        "JP2011041026A",
        "US20110045841A1",
        "US20110047605A1",
        "US20110047072A1",
        "US20110047149A1",
        "US7899666B2",
        "US20110054647A1",
        "JP2011045005A",
        "US20110054901A1",
        "US20110055256A1",
        "US20110050592A1",
        "US20110050591A1",
        "US20110054894A1",
        "US7904297B2",
        "US20110060589A1",
        "US20110060587A1",
        "US20110060584A1",
        "US20110060807A1",
        "US7908287B1",
        "TW201110108A",
        "US20110066634A1",
        "US20110064387A1",
        "US20110065456A1",
        "US20110066436A1",
        "US20110066468A1",
        "US20110066366A1",
        "US7912828B2",
        "US7913185B1",
        "US7912289B2",
        "US7912699B1",
        "US7912720B1",
        "US20110072492A1",
        "US20110072033A1",
        "US7916979B2",
        "US7917497B2",
        "US20110076994A1",
        "US20110077943A1",
        "US7920857B2",
        "US7920682B2",
        "US20110081889A1",
        "US20110083079A1",
        "US20110080260A1",
        "US20110082688A1",
        "US7925610B2",
        "US7925525B2",
        "US20110087491A1",
        "US20110087685A1",
        "US7930197B2",
        "US7930183B2",
        "US7929805B2",
        "US7930168B2",
        "US20110090078A1",
        "US20110093265A1",
        "JP2011081541A",
        "US20110093272A1",
        "US20110093271A1",
        "US20110093261A1",
        "US20110092187A1",
        "US20110099000A1",
        "US7936861B2",
        "US7936863B2",
        "US7937075B2",
        "US7936339B2",
        "US20110103682A1",
        "US20110106892A1",
        "US20110105097A1",
        "US7941009B2",
        "US20110112837A1",
        "US20110112827A1",
        "US20110112838A1",
        "US20110111724A1",
        "US20110112825A1",
        "US20110110502A1",
        "US20110112921A1",
        "US7945470B1",
        "US20110119623A1",
        "US20110116610A1",
        "US20110119715A1",
        "US20110119051A1",
        "WO2011057346A1",
        "WO2011060106A1",
        "US20110119049A1",
        "US7949529B2",
        "US7949752B2",
        "US20110125498A1",
        "US20110125701A1",
        "US20110123004A1",
        "US20110125540A1",
        "US7953679B2",
        "US20110130958A1",
        "US20110131038A1",
        "US7958136B1",
        "EP2329348A1",
        "US20110137636A1",
        "US20110137664A1",
        "US7962179B2",
        "US20110144999A1",
        "US20110144857A1",
        "US20110145718A1",
        "US20110141141A1",
        "US20110143811A1",
        "US20110144973A1",
        "US20110144901A1",
        "US20110143726A1",
        "KR20110068490A",
        "US20110153329A1",
        "US20110153373A1",
        "US20110153322A1",
        "US20110153209A1",
        "US20110154193A1",
        "US20110153330A1",
        "US20110153324A1",
        "US20110151830A1",
        "US20110161852A1",
        "US20110161079A1",
        "US20110161072A1",
        "US20110161309A1",
        "US20110157029A1",
        "US20110161076A1",
        "US7975216B2",
        "US7974844B2",
        "US7974835B2",
        "US20110167350A1",
        "US20110166851A1",
        "US7983919B2",
        "US7983478B2",
        "US7983915B2",
        "US20110179372A1",
        "US20110175810A1",
        "WO2011088053A2",
        "US20110179002A1",
        "US7987244B1",
        "US7986431B2",
        "US7987151B2",
        "CN102137193A",
        "US20110184721A1",
        "KR20110086492A",
        "US20110183650A1",
        "US20110183627A1",
        "US20110185288A1",
        "US20110184737A1",
        "US20110184736A1",
        "US20110184768A1",
        "US7991614B2",
        "US7992085B2",
        "US20110191108A1",
        "US20110191271A1",
        "US20110191344A1",
        "WO2011093025A1",
        "US7996228B2",
        "US7996769B2",
        "US7996589B2",
        "US20110197128A1",
        "US20110195758A1",
        "US20110196670A1",
        "US20110199312A1",
        "US20110201387A1",
        "US20110202526A1",
        "US20110201385A1",
        "US8006180B2",
        "US8005679B2",
        "US8005664B2",
        "US20110209088A1",
        "US20110208524A1",
        "US20110208511A1",
        "US20110205149A1",
        "US20110212717A1",
        "US8015011B2",
        "US8014308B2",
        "US20110218855A1",
        "US20110219018A1",
        "US20110216093A1",
        "JP2011525045A",
        "US8018431B1",
        "US8019271B1",
        "US8019604B2",
        "US8020104B2",
        "US20110224972A1",
        "US20110223893A1",
        "US8024415B2",
        "US20110231474A1",
        "US20110228913A1",
        "US20110231184A1",
        "US20110231432A1",
        "WO2011116309A1",
        "US20110231218A1",
        "US8027836B2",
        "CN102201235A",
        "US20110239111A1",
        "US20110238407A1",
        "US20110238191A1",
        "US20110238408A1",
        "US20110238676A1",
        "US8032383B1",
        "US8031943B2",
        "US20110246471A1",
        "US20110242007A1",
        "US20110244888A1",
        "US8036901B2",
        "US8037034B2",
        "US20110249144A1",
        "US20110250570A1",
        "KR20110113414A",
        "US8041557B2",
        "US8042053B2",
        "KR20110115134A",
        "US20110258188A1",
        "US20110257966A1",
        "US8046363B2",
        "US8046374B1",
        "US20110260829A1",
        "US20110264999A1",
        "WO2011133543A1",
        "US8050500B1",
        "US8054180B1",
        "US8056070B2",
        "US8055502B2",
        "US8055708B2",
        "CN202035047U",
        "US20110276944A1",
        "US20110276595A1",
        "US20110276598A1",
        "US20110274303A1",
        "US8060824B2",
        "CN102246136A",
        "US20110279368A1",
        "US20110282663A1",
        "US20110282888A1",
        "US20110283189A1",
        "US20110282906A1",
        "US8065143B2",
        "US8065155B1",
        "US8064753B2",
        "JP2011238022A",
        "US20110288866A1",
        "US20110288852A1",
        "US20110288855A1",
        "US20110288861A1",
        "US20110288863A1",
        "US8068604B2",
        "US8069422B2",
        "US8073695B1",
        "US20110302645A1",
        "US20110302162A1",
        "WO2011150730A1",
        "JP2011250027A",
        "US20110301943A1",
        "US20110298585A1",
        "US8077153B2",
        "US20110307491A1",
        "US20110307254A1",
        "US20110307810A1",
        "US20110306426A1",
        "US20110307241A1",
        "US20110314032A1",
        "US20110314003A1",
        "US20110313803A1",
        "US20110314404A1",
        "US20110314539A1",
        "US20110313775A1",
        "CN202092650U",
        "EP2400373A1",
        "US20110320187A1",
        "WO2011163350A1",
        "US8090571B2",
        "US20120005602A1",
        "US20120002820A1",
        "US8095364B2",
        "US20120008754A1",
        "US20120010886A1",
        "US8099395B2",
        "US8099418B2",
        "US20120016658A1",
        "JP2012014394A",
        "US20120013609A1",
        "US20120015629A1",
        "US8103510B2",
        "US20120023088A1",
        "US20120022870A1",
        "US20120022874A1",
        "US20120022869A1",
        "US20120022860A1",
        "US20120022967A1",
        "US20120022876A1",
        "US20120019400A1",
        "US20120022872A1",
        "US20120023462A1",
        "US20120023095A1",
        "US8107401B2",
        "US20120029661A1",
        "US20120029910A1",
        "US20120035925A1",
        "US20120035907A1",
        "US20120035931A1",
        "US20120036556A1",
        "US20120035935A1",
        "US20120035926A1",
        "US20120035924A1",
        "US8117542B2",
        "US20120042014A1",
        "JP2012033997A",
        "WO2012019637A1",
        "US20120041752A1",
        "US20120039539A1",
        "US8122353B2",
        "US8122094B1",
        "US8121413B2",
        "US20120053829A1",
        "US20120053815A1",
        "US20120053945A1",
        "US8130929B2",
        "CN102368256A",
        "US20120059655A1",
        "US20120059813A1",
        "US20120056815A1",
        "US8135115B1",
        "US20120066212A1",
        "US20120062473A1",
        "US20120066581A1",
        "US8140330B2",
        "US8140567B2",
        "EP2431842A2",
        "US20120078627A1",
        "US20120077479A1",
        "US20120078747A1",
        "US20120078635A1",
        "US20120078611A1",
        "US20120078624A1",
        "US20120075054A1",
        "US8150700B2",
        "KR20120031722A",
        "US20120082317A1",
        "US20120084086A1",
        "US20120083286A1",
        "US20120084634A1",
        "US8155956B2",
        "US8156005B2",
        "US20120089331A1",
        "US20120088219A1",
        "US8160883B2",
        "US8160877B1",
        "US8166019B1",
        "US8166032B2",
        "US8165321B2",
        "US8165886B1",
        "US20120110456A1",
        "US20120108166A1",
        "US20120108221A1",
        "US8175876B2",
        "US20120117499A1",
        "US20120116770A1",
        "JP2012089020A",
        "US8179370B1",
        "US20120124126A1",
        "US20120128322A1",
        "US20120130709A1",
        "US8190359B2",
        "US20120136855A1",
        "US20120136649A1",
        "US20120136572A1",
        "US20120137367A1",
        "US20120136985A1",
        "US8200489B1",
        "US8200495B2",
        "CN102498457A",
        "US20120149342A1",
        "US20120150544A1",
        "US8204238B2",
        "US20120158399A1",
        "US20120158422A1",
        "US20120159380A1",
        "JP2012116442A",
        "US20120158293A1",
        "US8209183B1",
        "US8205788B1",
        "US20120163710A1",
        "US20120166959A1",
        "US20120166196A1",
        "TW201227715A",
        "US8213911B2",
        "US20120173222A1",
        "US20120174121A1",
        "US20120173464A1",
        "US20120173244A1",
        "US8219407B1",
        "US8219608B2",
        "US8219115B1",
        "US8219406B2",
        "US20120179457A1",
        "US8224757B2",
        "US8224649B2",
        "US20120185480A1",
        "US20120185781A1",
        "US20120185237A1",
        "US8228299B1",
        "US20120192096A1",
        "JP2012142744A",
        "US20120191461A1",
        "US20120197995A1",
        "JP2012147063A",
        "US20120197743A1",
        "US20120197998A1",
        "US8239206B1",
        "CN102629246A",
        "US20120201362A1",
        "US8244712B2",
        "US20120209874A1",
        "US20120209853A1",
        "US20120210266A1",
        "US20120209654A1",
        "US8250071B1",
        "US20120214141A1",
        "US20120215762A1",
        "US8255216B2",
        "US8254829B1",
        "KR101178310B1",
        "US20120221552A1",
        "US20120221339A1",
        "US8260617B2",
        "US8260247B2",
        "US20120223936A1",
        "US20120223889A1",
        "US20120232885A1",
        "US20120232886A1",
        "US20120233207A1",
        "US20120233266A1",
        "US8271287B1",
        "CN102682771A",
        "CN102685295A",
        "US20120239761A1",
        "US20120239661A1",
        "CN102693725A",
        "US20120246064A1",
        "US20120245719A1",
        "US20120245941A1",
        "US20120242482A1",
        "US20120252367A1",
        "US20120253791A1",
        "US20120252540A1",
        "US20120253785A1",
        "WO2012135157A2",
        "US20120250858A1",
        "US20120254290A1",
        "US20120254143A1",
        "US20120254152A1",
        "US8285546B2",
        "US20120259615A1",
        "US8290777B1",
        "US20120265535A1",
        "US20120265806A1",
        "US20120265528A1",
        "US20120262296A1",
        "US8296380B1",
        "US8296124B1",
        "US20120271640A1",
        "US20120271676A1",
        "US20120271635A1",
        "US20120271634A1",
        "US8300801B2",
        "US8300776B2",
        "US20120275377A1",
        "US20120284015A1",
        "US20120284027A1",
        "US8311189B2",
        "US8312017B2",
        "US8311838B2",
        "US8311835B2",
        "EP2523188A1",
        "WO2012155079A2",
        "US20120290291A1",
        "WO2012154317A1",
        "TW201245989A",
        "US20120296654A1",
        "US20120296638A1",
        "US20120295708A1",
        "US20120296649A1",
        "US20120297348A1",
        "US20120296891A1",
        "US8321786B2",
        "CN102801853A",
        "US20120304124A1",
        "US20120303371A1",
        "US20120303369A1",
        "US20120311584A1",
        "US20120310652A1",
        "US20120310649A1",
        "US20120310922A1",
        "US20120311478A1",
        "US8332205B2",
        "US8332748B1",
        "US8332218B2",
        "US20120317498A1",
        "US20120316862A1",
        "US20120317194A1",
        "US20120316875A1",
        "KR101193668B1",
        "US20120324391A1",
        "US20120321112A1",
        "US8340975B1",
        "KR20120139827A",
        "US20120330990A1",
        "US20120329529A1",
        "US20120327009A1",
        "US20120330660A1",
        "US8346563B1",
        "US20130002716A1",
        "US20130006633A1",
        "US20130007648A1",
        "US20130006637A1",
        "US20130005405A1",
        "US8352183B2",
        "US8352268B2",
        "CN102870065A",
        "US20130014026A1",
        "US20130013313A1",
        "US20130010575A1",
        "US20130013319A1",
        "US20130009858A1",
        "WO2013009578A2",
        "US8359234B2",
        "US20130024576A1",
        "EP2551784A1",
        "US20130030787A1",
        "US20130030955A1",
        "US20130031476A1",
        "US20130030913A1",
        "US20130031162A1",
        "US20130030804A1",
        "US20130030815A1",
        "US20130030789A1",
        "US20130027875A1",
        "US8370145B2",
        "EP2555536A1",
        "CN102917004A",
        "US20130035942A1",
        "US20130035961A1",
        "US20130035086A1",
        "US8374871B2",
        "US20130041661A1",
        "US20130041654A1",
        "US20130041647A1",
        "WO2013022135A1",
        "US8381135B2",
        "US8380504B1",
        "US8381107B2",
        "US20130046544A1",
        "US8386926B1",
        "US8386485B2",
        "US20130054609A1",
        "US20130054706A1",
        "US20130054613A1",
        "US20130055099A1",
        "US20130054675A1",
        "US20130050089A1",
        "US20130055147A1",
        "US20130054550A1",
        "US8391844B2",
        "US20130063611A1",
        "US20130067307A1",
        "US20130066832A1",
        "TW201312548A",
        "US8401163B1",
        "US20130073286A1",
        "US20130073346A1",
        "US8406745B1",
        "US20130080167A1",
        "US20130080162A1",
        "US20130080251A1",
        "US20130080177A1",
        "US20130080152A1",
        "EP2575128A2",
        "WO2013049358A1",
        "US20130085761A1",
        "WO2013048880A1",
        "US20130082967A1",
        "US20130090921A1",
        "US20130091090A1",
        "US20130096909A1",
        "JP2013513315A",
        "US20130096917A1",
        "US20130097566A1",
        "US20130097682A1",
        "US20130100268A1",
        "US20130103391A1",
        "US20130103405A1",
        "US8433778B1",
        "US20130111330A1",
        "US20130111581A1",
        "US20130106742A1",
        "US20130111365A1",
        "US20130110943A1",
        "CN103093334A",
        "US20130115927A1",
        "US8442821B1",
        "US20130124189A1",
        "US20130132089A1",
        "US20130132871A1",
        "US20130132084A1",
        "US8457959B2",
        "US8458115B2",
        "CN103135916A",
        "US20130141551A1",
        "US20130142345A1",
        "US20130144594A1",
        "US20130144616A1",
        "US20130142317A1",
        "US20130151339A1",
        "US20130152092A1",
        "US20130157629A1",
        "US20130158977A1",
        "US20130159847A1",
        "US20130154811A1",
        "US20130165232A1",
        "US20130166442A1",
        "US20130166303A1",
        "US8479122B2",
        "US20130173258A1",
        "US20130170738A1",
        "US20130172022A1",
        "US20130174034A1",
        "JP2013134430A",
        "US8484027B1",
        "US20130176244A1",
        "US20130176592A1",
        "US20130179172A1",
        "US20130179440A1",
        "CN103209369A",
        "US20130185059A1",
        "US20130183944A1",
        "US20130185336A1",
        "US20130187850A1",
        "US20130187857A1",
        "US20130191117A1",
        "US20130197911A1",
        "US20130204813A1",
        "US20130204897A1",
        "US20130207898A1",
        "JP2013156349A",
        "US8515750B1",
        "US20130218553A1",
        "US20130219333A1",
        "US20130218560A1",
        "US8521531B1",
        "EP2632129A1",
        "US20130225128A1",
        "US20130226935A1",
        "US20130222249A1",
        "US8527276B1",
        "US20130231917A1",
        "US20130235987A1",
        "US20130234947A1",
        "US20130238326A1",
        "US8537033B2",
        "US8539342B1",
        "US20130246050A1",
        "US20130246329A1",
        "US20130246048A1",
        "US20130244615A1",
        "US8543398B1",
        "US8543397B1",
        "US20130253911A1",
        "US20130253912A1",
        "JP2013200423A",
        "KR20130108563A",
        "JP2013205999A",
        "US20130268263A1",
        "US8560229B1",
        "US20130275875A1",
        "US20130275164A1",
        "US20130275117A1",
        "US20130275199A1",
        "US20130275138A1",
        "US20130275625A1",
        "US20130275899A1",
        "CN103365279A",
        "US20130282709A1",
        "US20130283168A1",
        "US8571851B1",
        "US20130285913A1",
        "US20130289991A1",
        "US20130289994A1",
        "US20130291015A1",
        "US20130289993A1",
        "US20130297348A1",
        "US20130297319A1",
        "US20130297317A1",
        "US8583511B2",
        "US20130300648A1",
        "US20130304758A1",
        "US20130304815A1",
        "US20130303106A1",
        "US20130304479A1",
        "US20130305119A1",
        "WO2013169842A2",
        "US20130300645A1",
        "US8589911B1",
        "US8589869B2",
        "US20130311184A1",
        "US20130308922A1",
        "US20130307997A1",
        "WO2013173504A1",
        "US20130307855A1",
        "WO2013173511A2",
        "US8595004B2",
        "US20130316746A1",
        "JP2013238936A",
        "WO2013176847A1",
        "KR101334342B1",
        "KR20130131252A",
        "US8600743B2",
        "US8600746B1",
        "EP2669889A2",
        "US20130325447A1",
        "US20130325979A1",
        "US20130322634A1",
        "US20130325448A1",
        "US20130325970A1",
        "US20130325436A1",
        "US20130325443A1",
        "US20130325967A1",
        "US8606576B1",
        "US8606568B1",
        "US8606090B2",
        "US20130332162A1",
        "US20130332400A1",
        "US20130332164A1",
        "US20130331127A1",
        "US20130332168A1",
        "US20130328809A1",
        "US20130329023A1",
        "US20130332159A1",
        "US20130332172A1",
        "US20130339256A1",
        "US20130346068A1",
        "US20130346347A1",
        "US20140006027A1",
        "US20140006025A1",
        "US20140006012A1",
        "US20140006153A1",
        "US20140006030A1",
        "WO2014003138A1",
        "US8626681B1",
        "EP2683175A1",
        "US20140012574A1",
        "US20140012580A1",
        "US20140012586A1",
        "US20140019116A1",
        "US20140019133A1",
        "US20140019460A1",
        "US8639516B2",
        "US8638363B2",
        "US20140028735A1",
        "US20140032453A1",
        "US8645138B1",
        "US8645137B2",
        "US20140039893A1",
        "US20140039888A1",
        "US20140039894A1",
        "US20140040748A1",
        "JP2014026629A",
        "US20140040274A1",
        "WO2014021967A1",
        "US20140040801A1",
        "US20140035823A1",
        "US20140040918A1",
        "US20140047001A1",
        "US20140046934A1",
        "US8655646B2",
        "US8654936B1",
        "US8655901B1",
        "US20140052791A1",
        "US20140053082A1",
        "US20140052680A1",
        "US20140053210A1",
        "WO2014028797A1",
        "US8660970B1",
        "US8660843B2",
        "US8661112B2",
        "US20140059030A1",
        "US20140057610A1",
        "WO2014031505A1",
        "US20140067361A1",
        "US20140067371A1",
        "US20140068751A1",
        "US20140074466A1",
        "US20140074470A1",
        "US20140074483A1",
        "US20140074454A1",
        "US20140074815A1",
        "US20140074472A1",
        "US8677377B2",
        "US8675084B2",
        "KR20140033574A",
        "US20140082501A1",
        "US20140078065A1",
        "US20140079195A1",
        "US20140081619A1",
        "US20140080428A1",
        "US20140081633A1",
        "US8681950B2",
        "US20140086458A1",
        "US20140088961A1",
        "US20140087711A1",
        "US8688453B1",
        "US8687777B1",
        "US20140095173A1",
        "US20140095171A1",
        "JP2014060600A",
        "US20140096209A1",
        "US20140095172A1",
        "US20140098247A1",
        "US8696364B2",
        "JP2014072586A",
        "CN103744761A",
        "US20140114554A1",
        "US8713418B2",
        "US20140122086A1",
        "US20140122153A1",
        "WO2014066352A1",
        "US20140122136A1",
        "US20140118155A1",
        "US20140122059A1",
        "JP2014077969A",
        "US8719039B1",
        "US8719006B2",
        "WO2014070872A2",
        "CN103795850A",
        "US20140136946A1",
        "US20140135036A1",
        "US20140136212A1",
        "US20140136187A1",
        "US20140136987A1",
        "US20140136195A1",
        "US20140134983A1",
        "US8731912B1",
        "US8731610B2",
        "EP2733598A2",
        "US20140143550A1",
        "US20140142923A1",
        "US20140143721A1",
        "US8739208B2",
        "US20140146200A1",
        "WO2014078965A1",
        "US8744852B1",
        "US20140156279A1",
        "US20140153709A1",
        "US20140156262A1",
        "US20140155031A1",
        "US20140152577A1",
        "US20140157422A1",
        "US20140164532A1",
        "US20140163953A1",
        "US20140164476A1",
        "US20140164533A1",
        "US20140163951A1",
        "US20140163981A1",
        "US20140163954A1",
        "US20140163977A1",
        "US20140163976A1",
        "US20140173460A1",
        "US20140172878A1",
        "US20140169795A1",
        "US8760537B2",
        "US8762145B2",
        "WO2014096506A1",
        "US20140180697A1",
        "US20140180689A1",
        "US20140181865A1",
        "US20140180499A1",
        "US8768693B2",
        "US20140188477A1",
        "JP2014124332A",
        "US8775931B2",
        "US20140195244A1",
        "US20140195230A1",
        "US20140195233A1",
        "US20140195252A1",
        "US20140195226A1",
        "US20140195251A1",
        "US8781841B1",
        "US20140198048A1",
        "US20140207468A1",
        "US20140207466A1",
        "US20140207582A1",
        "US20140203939A1",
        "US20140207439A1",
        "US20140207446A1",
        "US20140205076A1",
        "EP2760015A1",
        "US20140214429A1",
        "US20140214537A1",
        "US8798255B2",
        "US8798995B1",
        "US20140222678A1",
        "US20140218372A1",
        "US20140223377A1",
        "US20140223481A1",
        "US20140222436A1",
        "US8805690B1",
        "JP2014145842A",
        "US20140230055A1",
        "US8812302B2",
        "US20140236595A1",
        "US20140232656A1",
        "US20140236986A1",
        "US20140237042A1",
        "JP2014150323A",
        "US20140244266A1",
        "US20140244258A1",
        "US20140244268A1",
        "US20140244257A1",
        "US20140244254A1",
        "US20140245140A1",
        "US20140244248A1",
        "US20140244263A1",
        "US20140244712A1",
        "US20140244249A1",
        "US20140247383A1",
        "US20140250046A1",
        "US20140249817A1",
        "US20140247926A1",
        "CN104038621A",
        "US20140257815A1",
        "US20140257809A1",
        "US20140258857A1",
        "US20140257902A1",
        "WO2014138604A1",
        "WO2014137074A1",
        "US8838457B2",
        "US20140282045A1",
        "US20140274203A1",
        "US20140267022A1",
        "US20140282003A1",
        "US20140278391A1",
        "WO2014144579A1",
        "US20140274211A1",
        "US20140280450A1",
        "US20140278343A1",
        "US20140282201A1",
        "US20140280292A1",
        "US20140278436A1",
        "US20140282007A1",
        "US20140278349A1",
        "US20140282203A1",
        "US20140278443A1",
        "US20140274005A1",
        "US20140278379A1",
        "US20140278429A1",
        "US20140278406A1",
        "US20140280353A1",
        "WO2014143959A2",
        "US20140278435A1",
        "US20140282743A1",
        "US20140278413A1",
        "US20140267599A1",
        "US20140278513A1",
        "US20140272821A1",
        "US20140278390A1",
        "US20140282586A1",
        "US20140278394A1",
        "US20140280138A1",
        "US20140281983A1",
        "US20140289508A1",
        "US20140288990A1",
        "US20140297267A1",
        "WO2014159581A1",
        "US20140297288A1",
        "US20140297281A1",
        "US8855915B2",
        "CN104090652A",
        "US20140304605A1",
        "US8861925B1",
        "US8862252B2",
        "US20140309996A1",
        "US20140310002A1",
        "US8868409B1",
        "US20140317502A1",
        "US20140317030A1",
        "US20140316585A1",
        "US20140324884A1",
        "US8880405B2",
        "US20140330569A1",
        "US8886540B2",
        "EP2801972A1",
        "CN104144377A",
        "EP2801890A1",
        "US20140337438A1",
        "US20140337266A1",
        "US20140337371A1",
        "US20140337814A1",
        "US20140337751A1",
        "US8893023B2",
        "US20140342762A1",
        "US20140344687A1",
        "US20140344627A1",
        "US20140351760A1",
        "US20140351741A1",
        "US20140350933A1",
        "US20140350924A1",
        "US20140358519A1",
        "US20140358523A1",
        "US8909693B2",
        "US20140361973A1",
        "US20140365216A1",
        "US20140365895A1",
        "US20140365227A1",
        "US20140365209A1",
        "US20140365880A1",
        "WO2014197336A1",
        "US20140365922A1",
        "US20140365885A1",
        "US20140365214A1",
        "US20140372931A1",
        "US20140370841A1",
        "US20140372356A1",
        "US20140372112A1",
        "US20140370817A1",
        "WO2014204659A2",
        "US20140379334A1",
        "US20140379341A1",
        "US20140380285A1",
        "US20150003797A1",
        "US20150006184A1",
        "US20150006178A1",
        "US20150006199A1",
        "US20150006176A1",
        "US20150006148A1",
        "US20150006157A1",
        "US8930176B2",
        "US20150012271A1",
        "CN104284257A",
        "CN104281259A",
        "US20150019219A1",
        "JP2015008001A",
        "US20150019221A1",
        "US8938450B2",
        "US8938688B2",
        "US8938394B1",
        "US20150033219A1",
        "US20150033275A1",
        "US20150031416A1",
        "US20150039292A1",
        "US20150039299A1",
        "US20150039305A1",
        "US20150040012A1",
        "US20150046537A1",
        "US20150045003A1",
        "WO2015018440A1",
        "US20150045068A1",
        "US20150050633A1",
        "US20150053779A1",
        "US20150058785A1",
        "US20150058018A1",
        "US20150058013A1",
        "US8972240B2",
        "US8972432B2",
        "US20150066506A1",
        "US20150067822A1",
        "US20150065200A1",
        "WO2015029379A1",
        "US20150066516A1",
        "US20150066496A1",
        "US20150066494A1",
        "WO2015030796A1",
        "US20150067485A1",
        "US20150073804A1",
        "US20150074615A1",
        "US20150073788A1",
        "US20150071121A1",
        "US20150074524A1",
        "US8983383B1",
        "US20150082229A1",
        "US8990235B2",
        "US8989713B2",
        "CN104463552A",
        "WO2015041892A1",
        "US20150088514A1",
        "US20150088511A1",
        "US20150088523A1",
        "US8996639B1",
        "US8996350B1",
        "US8996381B2",
        "US20150095278A1",
        "US20150095031A1",
        "US20150100316A1",
        "US20150100537A1",
        "US20150100983A1",
        "US9009046B1",
        "CN104516522A",
        "US20150106093A1",
        "KR20150043512A",
        "US20150113407A1",
        "US9020804B2",
        "US20150120723A1",
        "US20150121216A1",
        "US20150127350A1",
        "US20150127348A1",
        "US9031834B2",
        "US20150133109A1",
        "US20150135123A1",
        "US20150134334A1",
        "US20150135085A1",
        "JP2015094848A",
        "US9037967B1",
        "US20150142447A1",
        "US20150142851A1",
        "US20150142420A1",
        "US20150142438A1",
        "US9043208B2",
        "US20150149182A1",
        "US20150149469A1",
        "US20150149354A1",
        "US20150148013A1",
        "US20150149177A1",
        "US9049295B1",
        "US20150154976A1",
        "US20150154185A1",
        "US20150161370A1",
        "US20150162001A1",
        "US20150160855A1",
        "US20150161521A1",
        "US20150161989A1",
        "US20150163558A1",
        "US20150169336A1",
        "US20150169284A1",
        "US20150170664A1",
        "US20150172463A1",
        "US9063979B2",
        "WO2015094369A1",
        "US20150179176A1",
        "WO2015094169A1",
        "US20150178388A1",
        "WO2015092943A1",
        "US9070366B1",
        "US20150186351A1",
        "US20150187355A1",
        "US20150186156A1",
        "US20150187369A1",
        "US20150185964A1",
        "US20150186110A1",
        "US20150186012A1",
        "US20150189362A1",
        "US9076450B1",
        "US20150195606A1",
        "US20150195379A1",
        "US20150193379A1",
        "US20150193392A1",
        "US20150194152A1",
        "US20150193391A1",
        "US9081482B1",
        "US20150199967A1",
        "AU2015203483A1",
        "US20150199965A1",
        "US20150201064A1",
        "US20150199960A1",
        "US20150199077A1",
        "US20150205858A1",
        "US20150208226A1",
        "US20150213796A1",
        "US20150212791A1",
        "US9098467B1",
        "WO2015116151A1",
        "US20150220507A1",
        "US9101279B2",
        "US20150230095A1",
        "US20150227505A1",
        "US20150228281A1",
        "US20150227633A1",
        "US20150234800A1",
        "US20150234636A1",
        "US20150245154A1",
        "US20150243278A1",
        "US20150242091A1",
        "US20150243283A1",
        "US9123338B1",
        "US20150248886A1",
        "US20150248651A1",
        "US20150254058A1",
        "US20150254333A1",
        "US20150255071A1",
        "US20150256873A1",
        "US20150254057A1",
        "US20150261850A1",
        "US20150261496A1",
        "US20150269139A1",
        "CN104951077A",
        "US20150277574A1",
        "US20150278370A1",
        "US20150279360A1",
        "US20150281380A1",
        "US20150279358A1",
        "US20150287409A1",
        "US20150287401A1",
        "US20150288629A1",
        "WO2015151133A1",
        "US20150286627A1",
        "EP2930715A1",
        "US20150294086A1",
        "US20150294516A1",
        "US20150294377A1",
        "US20150295915A1",
        "WO2015157013A1",
        "US20150302856A1",
        "US20150302855A1",
        "US9171546B1",
        "EP2938022A1",
        "US20150310858A1",
        "US20150310862A1",
        "US20150312182A1",
        "US20150310879A1",
        "EP2940556A1",
        "US20150317069A1",
        "US20150317310A1",
        "US20150324334A1",
        "US20150324041A1",
        "US20150331664A1",
        "US20150332667A1",
        "US20150331711A1",
        "CN105100356A",
        "US20150340033A1",
        "US20150341717A1",
        "US20150339049A1",
        "US20150340040A1",
        "US20150339391A1",
        "EP2950307A1",
        "US20150347385A1",
        "US20150347985A1",
        "US20150347733A1",
        "US20150347086A1",
        "WO2015183401A1",
        "US20150348551A1",
        "US20150347393A1",
        "US20150347382A1",
        "US20150347381A1",
        "US20150348549A1",
        "US20150348547A1",
        "US20150350031A1",
        "WO2015183699A1",
        "US9208153B1",
        "US20150352999A1",
        "US20150355879A1",
        "US20150364140A1",
        "US9218819B1",
        "US20150371665A1",
        "US20150370531A1",
        "US20150373183A1",
        "US20150371639A1",
        "US20150370780A1",
        "US20150382079A1",
        "US20150379993A1",
        "US20150382047A1",
        "US20160005320A1",
        "US20160004690A1",
        "CN105247511A",
        "US20160014476A1",
        "US20160012038A1",
        "US20160019886A1",
        "US20160018900A1",
        "US20160027431A1",
        "US20160028666A1",
        "US20160026258A1",
        "US20160029316A1",
        "US20160034042A1",
        "US20160034811A1",
        "US9258604B1",
        "US9255812B2",
        "US20160042735A1",
        "US20160042748A1",
        "US20160048666A1",
        "US20160055422A1",
        "WO2016028946A1",
        "WO2016027933A1",
        "US20160062605A1",
        "US20160063998A1",
        "US20160070581A1",
        "US20160071516A1",
        "US20160072940A1",
        "US9286910B1",
        "US20160077794A1",
        "US20160078860A1",
        "US20160080165A1",
        "US9292487B1",
        "US9292489B1",
        "US20160086116A1",
        "US9300718B2",
        "US20160092766A1",
        "US20160093304A1",
        "US20160092447A1",
        "US20160093291A1",
        "US20160093298A1",
        "US20160094700A1",
        "US20160091967A1",
        "US20160094979A1",
        "US20160093301A1",
        "CN105471705A",
        "WO2016054230A1",
        "US20160098991A1",
        "US9311912B1",
        "WO2016057268A1",
        "US20160104486A1",
        "US20160111091A1",
        "US9325809B1",
        "US20160117386A1",
        "US20160118048A1",
        "US20160125048A1",
        "US20160125071A1",
        "US20160132488A1",
        "US20160132484A1",
        "US20160133254A1",
        "US20160139662A1",
        "WO2016075081A1",
        "US20160140951A1",
        "US20160148610A1",
        "US20160147725A1",
        "US20160155443A1",
        "US20160155442A1",
        "US9361084B1",
        "US20160163312A1",
        "US20160162456A1",
        "US20160163311A1",
        "US9367541B1",
        "US20160173960A1",
        "US20160173578A1",
        "US20160170966A1",
        "EP3035329A1",
        "US20160182709A1",
        "US20160182410A1",
        "US20160179462A1",
        "WO2016100139A1",
        "US9380155B1",
        "US9378740B1",
        "US9377871B2",
        "JP2016119615A",
        "US20160188181A1",
        "US20160189717A1",
        "US9383827B1",
        "US20160198319A1",
        "US9390726B1",
        "WO2016111881A1",
        "US9396722B2",
        "US20160217784A1",
        "US9406224B1",
        "US20160224774A1",
        "US20160224540A1",
        "US20160225372A1",
        "JP2016151928A",
        "US9423266B2",
        "US9424840B1",
        "US20160247061A1",
        "US20160253312A1",
        "US9437186B1",
        "US9437189B2",
        "US9436918B2",
        "US20160260434A1",
        "US20160259623A1",
        "US20160260431A1",
        "US20160259779A1",
        "US20160260433A1",
        "US20160259656A1",
        "US20160260436A1",
        "US20160267904A1",
        "US20160266871A1",
        "US20160275941A1",
        "US20160275947A1",
        "US9454957B1",
        "US20160284199A1",
        "US20160286045A1",
        "US20160284005A1",
        "US20160282956A1",
        "US20160293168A1",
        "US20160299882A1",
        "US20160299883A1",
        "US20160299685A1",
        "US9471566B1",
        "US20160307566A1",
        "US20160314792A1",
        "US20160313906A1",
        "US9484021B1",
        "US20160321261A1",
        "US20160322045A1",
        "WO2016175354A1",
        "US20160322050A1",
        "US20160328205A1",
        "US20160328893A1",
        "US20160336007A1",
        "US20160336024A1",
        "US20160337301A1",
        "US20160337299A1",
        "US20160342685A1",
        "US20160342781A1",
        "US9508028B2",
        "US9510044B1",
        "US20160352567A1",
        "WO2016190950A1",
        "US20160360336A1",
        "US20160357728A1",
        "US20160357304A1",
        "US20160357861A1",
        "US20160357870A1",
        "US20160360382A1",
        "US20160358598A1",
        "US20160358600A1",
        "US20160359771A1",
        "US20160360039A1",
        "US20160358619A1",
        "US20160365101A1",
        "US9524355B2",
        "US20160371250A1",
        "US20160372112A1",
        "US20160379641A1",
        "US20160379091A1",
        "US20160379626A1",
        "US20160379633A1",
        "US20160378747A1",
        "US9536527B1",
        "US20170004824A1",
        "US20170011742A1",
        "US20170011303A1",
        "US20170018271A1",
        "US20170019987A1",
        "US20170025124A1",
        "US20170032791A1",
        "US20170032783A1",
        "US20170031576A1",
        "US20170040002A1",
        "US9569549B1",
        "US20170055895A1",
        "US20170068423A1",
        "US20170068670A1",
        "US20170068513A1",
        "US20170068550A1",
        "US20170076721A1",
        "WO2017044629A1",
        "US20170083285A1",
        "US9607612B2",
        "US20170092270A1",
        "US20170092278A1",
        "US20170091168A1",
        "US20170090569A1",
        "US20170105190A1",
        "US20170103749A1",
        "US20170102915A1",
        "US20170116177A1",
        "US20170116982A1",
        "DE202016008226U1",
        "US20170127124A9",
        "US20170125016A1",
        "US20170124190A1",
        "US20170132199A1",
        "US20170131778A1",
        "US9652453B2",
        "US20170140644A1",
        "US9658746B2",
        "US9665567B2",
        "US20170154055A1",
        "US20170154033A1",
        "US20170169819A1",
        "US20170169818A1",
        "US20170180499A1",
        "US9691378B1",
        "US20170185375A1",
        "US20170185581A1",
        "US9697827B1",
        "US20170193083A1",
        "US20170199874A1",
        "US20170200066A1",
        "US20170221486A1",
        "US20170227935A1",
        "US20170228382A1",
        "US9734839B1",
        "US9741343B1",
        "US20170242653A1",
        "US9747083B1",
        "US9755605B1",
        "US20170256256A1",
        "US20170264451A1",
        "US20170263248A1",
        "US20170263249A1",
        "US20170278514A1",
        "US20170286397A1",
        "US20170295446A1",
        "US20170316775A1",
        "EP3246916A1",
        "US20170345411A1",
        "US20170352346A1",
        "US20170352350A1",
        "US9842584B1",
        "US20170358303A1",
        "US20170358305A1",
        "US20170357716A1",
        "US20170357637A1",
        "US20170358301A1",
        "US20170357633A1",
        "US20170357632A1",
        "US20170358300A1",
        "US20170357640A1",
        "US20170358302A1",
        "US20170358304A1",
        "US20170357478A1",
        "US20170371885A1",
        "US20180007060A1",
        "US20180054505A1",
        "US20180063624A1",
        "US20180060312A1",
        "US20180061400A1",
        "US20180067914A1",
        "EP3300074A1",
        "US20180090143A1",
        "US9934785B1",
        "US9948728B2",
        "CN107919123A",
        "US20180107945A1",
        "US9967381B1",
        "US20180137857A1",
        "US20180137856A1",
        "US20180144748A1",
        "US9990176B1",
        "US20180190273A1",
        "US20180196683A1",
        "US20180213448A1",
        "EP2983065B1",
        "US20180232203A1",
        "US10096319B1",
        "US20180322112A1",
        "US20180330722A1",
        "US20180330731A1",
        "US20180330737A1",
        "US20180332118A1",
        "US20180330714A1",
        "US20180329982A1",
        "US20180329677A1",
        "US20180330730A1",
        "US20180329957A1",
        "US20180330723A1",
        "US20180336892A1",
        "US20180336894A1",
        "US20180336905A1"
    ],
    "citations_ftf": [],
    "citedby_own": [
        "US11069346B2",
        "US11164562B2",
        "US11194796B2",
        "US11238860B2",
        "US11262978B1",
        "US11270693B2",
        "US11295077B2",
        "US11455987B1",
        "US11741950B2",
        "US11776542B1"
    ],
    "citedby_ftf": [
        "US9318108B2",
        "US8977255B2",
        "US8676904B2",
        "US10706373B2",
        "US10417037B2",
        "WO2014124332A2",
        "US10652394B2",
        "US10748529B1",
        "US10176167B2",
        "AU2015266863B2",
        "US9715875B2",
        "US10170123B2",
        "US9338493B2",
        "US9886953B2",
        "US10200824B2",
        "US10747498B2",
        "US10671428B2",
        "US10691473B2",
        "US10586535B2",
        "DK201670540A1",
        "US10726832B2",
        "DK180048B1",
        "DK201770429A1",
        "DK179745B1",
        "DK179496B1",
        "US20180336892A1",
        "US10303715B2",
        "US10818288B2",
        "US10928918B2",
        "DK179822B1",
        "DK180639B1",
        "US10892996B2",
        "US11164093B1",
        "US11281683B1",
        "US11481378B1",
        "US11475003B1",
        "US11580105B2",
        "US11354324B1",
        "US11348573B2",
        "US11307752B2",
        "US11217251B2",
        "DK180129B1",
        "DK201970511A1",
        "US11468890B2",
        "CN111209396A",
        "US20210343277A1",
        "US20210342397A1",
        "US11183193B1",
        "US11755276B2",
        "US11438683B2",
        "US11651158B2",
        "US11521616B2",
        "WO2022081669A1",
        "CN112767924A",
        "US20220284049A1",
        "US20230138820A1"
    ]
}