{
    "patent_id": "US-11115777-B2",
    "title": "Location-based services ",
    "assignee": "Paypal, Inc.",
    "publication_date": "2021-09-07",
    "patent_link": "https://patents.google.com/patent/US11115777B2/en",
    "inventors": [
        "Alan Phillips",
        "Frank Schroth",
        "Geoffrey M. Palmer",
        "Stefan G. Zielinski",
        "Allen P. Smith",
        "Colin M. Cunningham, III"
    ],
    "classifications": [
        "H04W4/021",
        "G08B21/0236",
        "G08B21/0261",
        "G08B21/0269",
        "G08B21/0272",
        "G06Q10/06311",
        "H04W4/12",
        "H04W4/14",
        "H04W8/10",
        "H04W8/14",
        "H04W92/08"
    ],
    "abstract": "A method for providing incentives based on geolocation of mobile devices. The method includes storing, by a server, data including merchant information of merchants and points of interest, and associated incentive information. The method includes determining, based on communication with user's device of a user, a first location of the mobile device. The method includes determining, based on the first location, a first subset of merchants and associated first subset of incentives. The method includes communicating merchant data, including information on the first subsets of merchants and incentives, to the mobile device. The method includes communicating to the mobile device, in response to a determination that the mobile device is inside a geofence associated with at least one of the first subset of merchants, additional information on the at least one of the first subset of merchants, the additional information comprising one or more related incentives.",
    "claims": "\n1. A method for providing incentives based on geolocation of mobile devices, the method comprising:\nstoring, by a server, data comprising:\nmerchant information associated with a plurality of merchants and a plurality of points of interest, and\nincentive information associated with a plurality of incentives and the plurality of merchants;\ndetermining, based on first communication with a mobile device of a user, a first location of the mobile device;\ndetermining, based on the first location, a first subset of merchants of the plurality of merchants and a first subset of incentives of the plurality of incentives associated with the first subset of merchants;\ncommunicating merchant data to the mobile device, the merchant data comprising information describing at least the first subset of merchants and (ii) the first subset of incentives;\ndetermining that the mobile device is inside a first geofence associated with at least one of the first subset of merchants; and\ncommunicating, in response to the determination that the mobile device is inside the first geofence, additional information describing the at least one of the first subset of merchants to the mobile device, the additional information further comprising one or more incentives, of the plurality of incentives, related to the at least one of the first subset of merchants.\n2. The method of claim 1, wherein the determining the first subset of merchants is further performed based on characteristics associated with the user.\n3. The method of claim 1, wherein the determining the first subset of merchants is further performed based on characteristics associated with the mobile device.\n4. The method of claim 1, wherein the communicating the merchant data comprises providing one or more images for display on an interactive map interface of a web browser of the mobile device, the one or more images associated with the first subset of merchants.\n5. The method of claim 1, the additional information further comprising a plurality of images for display on an interactive map interface of a user interface of the mobile device, the plurality of images associated with the at least one of the first subset of merchants.\n6. The method of claim 1, further comprising:\ndetermining the first geofence based on an area proximate to the first location.\n7. The method of claim 1, wherein a plurality of geofences are associated with an area proximate to the first location, and the plurality of geofences comprises the first geofence.\n8. A method for providing location-based incentives to mobile devices, the method comprising:\nreceiving, at a server and from a mobile device, a first communication indicating a first location of the mobile device of a user;\nidentifying a first subset of merchants located in an area proximate to the first location, the first subset of merchants selected from a plurality of merchants based, at least in part, on the area, wherein the plurality of merchants is associated with a plurality of incentives;\ntransmitting, to the mobile device, merchant data indicating at least the first subset of merchants and information describing the first subset of merchants;\ndetermining, based on a second communication from the mobile device, that the mobile device has crossed a first geofence associated with at least one of the first subset of merchants; and\nresponsive to determining that the mobile device crossed the first geofence, transmitting additional information describing the at least one of the first subset of merchants to the mobile device, the additional information further comprising one or more incentives, of the plurality of incentives, related to the at least one of the first subset of merchants.\n9. The method of claim 8, wherein said transmitting the additional information comprises triggering a notification on the mobile device indicating that the mobile device is proximate to the at least one of the first subset of merchants.\n10. The method of claim 9, wherein said triggering the notification comprises effecting the mobile device to display, on a software user interface of the mobile device, a visual indication that the mobile device is proximate to the at least one of the first subset of merchants.\n11. The method of claim 9, wherein the notification comprises an alarm for displaying on a software user interface of the mobile device, the alarm indicating the one or more incentives related to the at least one of the first subset of merchants.\n12. The method of claim 8, further comprising;\naccessing location and incentive data indicating:\na respective location of each of the plurality of merchants, and\na respective incentive for each of the plurality of merchants, wherein said identifying the first subset of merchants is further based on the location and incentive data.\n13. The method of claim 8, further comprising:\ndetermining the first geofence based on the area proximate to the first location.\n14. The method of claim 8, wherein a plurality of geofences are associated with the area proximate to the first location, the plurality of geofences comprising the first geofence.\n15. The method of claim 8, further comprising:\naggregating data from the mobile device; and\ntransmitting the aggregated data to a third-party system for analysis, wherein the one or more incentives are received from the third-party system based on the analysis.\n16. The method of claim 8, wherein the additional information comprises one or more images for display on a user interface of the mobile device, the one or more images associated with the at least one of the first subset of merchants.\n17. The method of claim 8, wherein the merchant data comprises one or more images for display on a user interface of the mobile device, the one or more images associated with the first subset of merchants.\n18. The method of claim 8, further comprising:\nsending an email to an email address of the user, the email based on analysis of a behavior of the user, the email comprising at least a portion of the additional information describing the at least one of the first subset of merchants.\n19. A non-transitory machine-readable medium having instructions stored thereon, the instructions executable to cause performance of operations comprising:\nreceiving, at a server, a first communication from a mobile device of a user, the first communication indicating a first location of the mobile device;\ndetermining, at the server, first merchants proximate to the first location, the first merchants selected from a plurality of merchants based, at least in part, on the first location, wherein the plurality of merchants is associated with a plurality of incentives accessible by the server;\ncommunicating, to the mobile device, merchant data indicating at least the first merchants and first details describing the first merchants, the first details including first incentives of the plurality of incentives related to the first merchants;\ndetermining, based on a second communication from the mobile device, that the mobile device has crossed into a first geofence associated with at least one merchant of the first merchants; and\nresponsive to determining that the mobile device crossed into the first geofence, communicating, by the server and to the mobile device, additional merchant data including additional details describing the at least one merchant, the additional details comprising one or more second incentives, of the plurality of incentives, related to the at least one merchant.\n20. The non-transitory machine-readable medium of claim 19, wherein the operations further comprise:\nresponsive to determining that the mobile device crossed into the first geofence, triggering a notification on the mobile device indicating that the mobile device is proximate to the at least one merchant.\n21. The non-transitory machine-readable medium of claim 20, wherein the notification comprises an alarm for displaying on a software user interface of the mobile device, the alarm indicating the one or more second incentives related to the at least one merchant.\n22. The non-transitory machine-readable medium of claim 19, wherein the operations further comprise:\naccessing location and incentive data indicating:\na respective location of each of the plurality of merchants, and\na respective incentive for each of the plurality of merchants, wherein said determining the first merchants is further based on the location and incentive data.\n23. The non-transitory machine-readable medium of claim 19, wherein a plurality of geofences are associated with an area proximate to the first location.\n24. The non-transitory machine-readable medium of claim 19, wherein the additional merchant data comprises one or more images for display on a user interface of the mobile device, the one or more images associated with the at least one of the first merchants.\n25. A non-transitory machine-readable medium having instructions stored thereon, the instructions executable to cause performance of operations comprising:\nstoring, by a server, data indicating:\na plurality of merchants associated with a plurality of points of interest, and\na plurality of incentives associated with the plurality of merchants;\ndetermining, based on first communication from a mobile device of a user, a first location of the mobile device;\nidentifying, based on the first location, a first subset of merchants of the plurality of merchants and a first subset of incentives of the plurality of incentives associated with the first subset of merchants;\ntransmitting merchant data to the mobile device, the merchant data comprising information describing at least the first subset of merchants and (ii) the first subset of incentives; and\ntransmitting, in response to a determination that the mobile device is inside a first geofence associated with at least one of the first subset of merchants, additional details describing the at least one of the first subset of merchants to the mobile device, the additional details comprising one or more incentives of the first subset of incentives.\n26. The non-transitory machine-readable medium of claim 25, wherein the identifying the first subset of merchants is further performed based on characteristics associated with the user.\n27. The non-transitory machine-readable medium of claim 25, wherein the identifying the first subset of merchants is further performed based on characteristics associated with the mobile device.\n28. The non-transitory machine-readable medium of claim 25, wherein the operations further comprise providing a plurality of images for display on an interactive map interface of a web browser of the mobile device, the plurality of images associated with the first subset of merchants.\n29. The non-transitory machine-readable medium of claim 25, wherein the operations further comprise providing a plurality of images for display on an interactive map interface of a user interface of the mobile device, the plurality of images associated with the at least one of the first subset of merchants.\n30. The non-transitory machine-readable medium of claim 25, wherein the operations further comprise determining the first geofence based on an area proximate to the first location.",
    "status": "Active",
    "citations_own": [
        "US5559707A",
        "US5649114A",
        "US5724660A",
        "US5724521A",
        "US5732354A",
        "US5848373A",
        "US5890068A",
        "US5890995A",
        "US5905246A",
        "US5938721A",
        "US5946687A",
        "US5948040A",
        "US6014090A",
        "US6069570A",
        "US6091956A",
        "US6097958A",
        "US6108703A",
        "US6122520A",
        "US6154172A",
        "US6157841A",
        "US6167274A",
        "US6185598B1",
        "US6198927B1",
        "US6204812B1",
        "US6208857B1",
        "US6208297B1",
        "US6243588B1",
        "US6246861B1",
        "US6246882B1",
        "US6259923B1",
        "US6259381B1",
        "US6266014B1",
        "US20010009547A1",
        "US6269361B1",
        "US20010015965A1",
        "US6314365B1",
        "US6317684B1",
        "US6321158B1",
        "US6330452B1",
        "US20010055976A1",
        "US6341255B1",
        "US6347230B2",
        "US6357042B2",
        "US6356543B2",
        "US6360101B1",
        "US6374176B1",
        "US6374177B1",
        "US20020046259A1",
        "US20020055924A1",
        "US20020065689A1",
        "US20020067308A1",
        "US6404388B1",
        "US20020078444A1",
        "US20020082941A1",
        "US6424840B1",
        "US20020111154A1",
        "US20020115453A1",
        "US6442529B1",
        "US20020119819A1",
        "US6456852B2",
        "US20020143930A1",
        "US20020145984A1",
        "US20020155844A1",
        "US20020160766A1",
        "US6477363B1",
        "US6496857B1",
        "US20020198003A1",
        "US20030004802A1",
        "US20030007006A1",
        "US6519463B2",
        "US20030037041A1",
        "US20030040324A1",
        "US6529159B1",
        "US20030046158A1",
        "US20030055726A1",
        "US20030061110A1",
        "US20030063128A1",
        "US6553313B1",
        "US6552682B1",
        "US6563459B2",
        "US20030098892A1",
        "US6577946B2",
        "US6580914B1",
        "US20030126150A1",
        "US20030125043A1",
        "US6590529B2",
        "US20030130787A1",
        "US20030134645A1",
        "US20030139190A1",
        "US20030151501A1",
        "US6618593B1",
        "US6625457B1",
        "EP1348311A1",
        "US20030195044A1",
        "US20030197740A1",
        "US20030200272A1",
        "US20030208409A1",
        "US20030216960A1",
        "US20030220835A1",
        "US20030222820A1",
        "US6664922B1",
        "US20040002359A1",
        "US20040021567A1",
        "US20040023666A1",
        "US6690322B2",
        "US20040030598A1",
        "US20040039579A1",
        "US20040043773A1",
        "US20040048605A1",
        "US6714797B1",
        "US6718551B1",
        "US6732120B1",
        "US6732080B1",
        "US6741188B1",
        "US20040111332A1",
        "US6757544B2",
        "US20040139330A1",
        "US20040142750A1",
        "US20040192339A1",
        "US20040192349A1",
        "US20040203901A1",
        "US20040203931A1",
        "US20040203863A1",
        "US6807479B2",
        "US20040207513A1",
        "US6819919B1",
        "US20040229631A1",
        "US20040248569A1",
        "US20040266457A1",
        "US20050044032A1",
        "US20050064852A1",
        "US20050065916A1",
        "US20050090231A1",
        "US20050159883A1",
        "US20050156715A1",
        "US20050250516A1",
        "US20050278749A1",
        "US20060026170A1",
        "US20060035647A1",
        "US20060047825A1",
        "US7016855B2",
        "US20060064346A1",
        "US20060089792A1",
        "US20060099959A1",
        "US20060098028A1",
        "US20060148488A1",
        "US20060145837A1",
        "US7077749B1",
        "US7082365B2",
        "US7092702B2",
        "US7103368B2",
        "US20060211453A1",
        "US20060218114A1",
        "US20060224583A1",
        "US7119828B1",
        "US20060236257A1",
        "US20060238379A1",
        "US7130622B2",
        "US7138913B2",
        "US7142858B2",
        "US20060271501A1",
        "US20060271281A1",
        "US20060270421A1",
        "US20060277564A1",
        "US20070015517A1",
        "US20070024469A1",
        "US20070037582A1",
        "US7197719B2",
        "US7196639B2",
        "US7199815B2",
        "US7203598B1",
        "US20070083437A1",
        "US20070100802A1",
        "US7216109B1",
        "US20070118430A1",
        "US20070124229A1",
        "US7228287B1",
        "US7233913B2",
        "US20070143013A1",
        "US7246109B1",
        "US20070165050A1",
        "US7254388B2",
        "US7273172B2",
        "US20070222734A1",
        "US20070281716A1",
        "US20070281689A1",
        "US20070287477A1",
        "US20080035725A1",
        "US20080040216A1",
        "US20080045234A1",
        "US20080046415A1",
        "US20080070588A1",
        "US20080104542A1",
        "US20080102957A1",
        "US20080102947A1",
        "US20080126515A1",
        "US20080126251A1",
        "US7389919B2",
        "US20080162034A1",
        "US20080177749A1",
        "US20080195312A1",
        "US20080200251A1",
        "US20080248815A1",
        "US7435179B1",
        "US20080251580A1",
        "US20080290987A1",
        "US20080313078A1",
        "US20090005077A1",
        "US20090024476A1",
        "US20090037101A1",
        "US20090033633A1",
        "US20090061884A1",
        "US20090063229A1",
        "US7502133B2",
        "US20090076911A1",
        "US20090076925A1",
        "US20090100037A1",
        "US7532899B2",
        "US20090132961A1",
        "US20090156234A1",
        "US20090156182A1",
        "US20090197616A1",
        "US20090204672A1",
        "US20090234861A1",
        "US7593871B1",
        "US20090239552A1",
        "US20090276309A1",
        "US20090306886A1",
        "US7657436B2",
        "US7668931B2",
        "US20100049609A1",
        "US7669759B1",
        "US7706740B2",
        "US20100114683A1",
        "US7715981B2",
        "US7720436B2",
        "US7720844B2",
        "US7730485B2",
        "US7747259B2",
        "US7751971B2",
        "US7757544B2",
        "US7780522B2",
        "US7807479B1",
        "US7819919B2",
        "US20110047075A1",
        "US7909326B2",
        "US20110106605A1",
        "US8010279B2",
        "US20110212717A1",
        "US8041604B1",
        "US8045962B2",
        "US20120036015A1",
        "US20120143684A1",
        "US8249884B2",
        "US20120239483A1",
        "US8355948B2",
        "US8371502B1",
        "US20130080239A1",
        "US8423408B1",
        "US20130110624A1",
        "US8463295B1",
        "US20130173377A1",
        "US8549028B1",
        "US8566197B2",
        "US8732019B2"
    ],
    "citations_ftf": [
        "US20020143638A1",
        "US20040058705A1",
        "WO2003065262A1",
        "US6747898B2",
        "JP2004063317A",
        "US20040024856A1",
        "US8626130B2",
        "US20050216354A1",
        "US8086519B2",
        "US20060166644A1"
    ],
    "citedby_own": [],
    "citedby_ftf": [
        "US7548787B2",
        "US9813270B2",
        "US9307407B1",
        "US7260369B2",
        "US9373251B2",
        "US8073565B2",
        "US6505123B1",
        "US20020142844A1",
        "US10430492B1",
        "US9396487B1",
        "US8942995B1",
        "US9373116B1",
        "US9615347B1",
        "US9408032B1",
        "US8738024B1",
        "US9507494B1",
        "US9349128B1",
        "US9773020B2",
        "US7333820B2",
        "ES2355076T3",
        "US8918073B2",
        "US8290505B2",
        "US7565155B2",
        "US8666397B2",
        "WO2004074778A1",
        "AU2004302220A1",
        "US7818317B1",
        "US7330112B1",
        "US20080126535A1",
        "US10645562B2",
        "US8538393B1",
        "EP1794546A4",
        "WO2006110181A2",
        "US8369264B2",
        "US7564348B2",
        "US7881733B2",
        "JP4980247B2",
        "CA2600957C",
        "EP1866662A4",
        "ATE484759T1",
        "EP1872150B9",
        "US7848765B2",
        "US7467147B2",
        "JP4264955B2",
        "US10390212B2",
        "US7761400B2",
        "US10015630B2",
        "US10009956B1",
        "US7280810B2",
        "US8249590B2",
        "US8045954B2",
        "DE102005039807B4",
        "US7698061B2",
        "US20070069946A1",
        "JP4559946B2",
        "CA2626806A1",
        "US7610051B2",
        "WO2007055774A1",
        "US20070214180A1",
        "US7565157B1",
        "US8346903B2",
        "US7379015B2",
        "US20070165050A1",
        "US20070142059A1",
        "US20070140182A1",
        "US20070218900A1",
        "US9459622B2",
        "US8874489B2",
        "US7525425B2",
        "WO2007073470A2",
        "US8243897B2",
        "US8229467B2",
        "US20070288310A1",
        "US8036677B2",
        "US7471954B2",
        "US9037516B2",
        "US8965409B2",
        "US9064288B2",
        "US8738545B2",
        "US9071367B2",
        "US9070101B2",
        "US9373149B2",
        "US9098545B2",
        "US9002754B2",
        "US8732091B1",
        "EP1841255A1",
        "US7913192B2",
        "US7702456B2",
        "CA2650014A1",
        "US8208605B2",
        "US8331888B2",
        "US20070293271A1",
        "US8793066B2",
        "US7610151B2",
        "US20080004082A1",
        "US8694019B2",
        "US20080021714A1",
        "US8185129B2",
        "US20080026769A1",
        "US20080032703A1",
        "US20080032666A1",
        "US7602302B2",
        "US20080079539A1",
        "US8185133B2",
        "US7756895B1",
        "JP2008083918A",
        "US8863245B1",
        "US9125144B1",
        "US8050665B1",
        "US8126728B2",
        "US8126729B2",
        "US8126730B2",
        "US8126735B2",
        "US8126734B2",
        "US8126732B2",
        "US8126733B2",
        "US20080097914A1",
        "WO2008051939A2",
        "US8708227B1",
        "US7873200B1",
        "US20080109404A1",
        "KR100874109B1",
        "US20080242317A1",
        "US9406079B1",
        "US9501786B1",
        "JP5176311B2",
        "US8098811B2",
        "US8731610B2",
        "US8193978B2",
        "US8838481B2",
        "US8838477B2",
        "ES2324439A1",
        "JP4987459B2",
        "CN101647040A",
        "US8615426B2",
        "US9940627B2",
        "US20080163231A1",
        "US8195196B2",
        "US8554868B2",
        "US20080204556A1",
        "US8634814B2",
        "ES2612559T3",
        "US9646288B2",
        "US8229458B2",
        "US7734499B1",
        "US8270995B1",
        "US8175802B2",
        "US8311526B2",
        "US8332402B2",
        "US8385946B2",
        "US8290513B2",
        "US9109904B2",
        "US8180379B2",
        "US8204684B2",
        "US8108144B2",
        "US9066199B2",
        "US8774825B2",
        "US8762056B2",
        "US8275352B2",
        "US20090024476A1",
        "KR101504763B1",
        "US8315203B2",
        "US8200186B2",
        "US8285245B2",
        "US8428867B2",
        "US8612278B1",
        "US8751146B2",
        "US8145242B2",
        "US20090061902A1",
        "WO2009036497A1",
        "US8170527B2",
        "US9058512B1",
        "WO2009045262A2",
        "US8046168B2",
        "US9077863B2",
        "US8977294B2",
        "KR101430452B1",
        "KR101405944B1",
        "KR101405945B1",
        "US8099238B2",
        "US20090132961A1",
        "WO2009067766A1",
        "US8321525B2",
        "US8060297B2",
        "US8090532B2",
        "US8473198B2",
        "US20090157312A1",
        "US8428859B2",
        "US8161299B2",
        "WO2009081376A2",
        "US8355862B2",
        "TW200931348A",
        "US11159909B2",
        "US10380562B1",
        "US20090204672A1",
        "US7857212B1",
        "US8793065B2",
        "US20090210276A1",
        "US9495386B2",
        "EP2250623A4",
        "CN101246493A",
        "US8156901B2",
        "US9014658B2",
        "US8600341B2",
        "US8634796B2",
        "US8566839B2",
        "US8639267B2",
        "US20090240554A1",
        "US20090248548A1",
        "US20090248807A1",
        "US9826344B2",
        "US11706733B1",
        "US11729576B2",
        "US8688595B2",
        "US20110034179A1",
        "WO2009132106A2",
        "US8219558B1",
        "US20090276816A1",
        "US9715709B2",
        "US9250092B2",
        "US8126478B2",
        "US8644843B2",
        "US9171221B2",
        "US20090289843A1",
        "US20090292464A1",
        "US20090307067A1",
        "EP2624178A1",
        "US20090307263A1",
        "US7973707B2",
        "US8072954B2",
        "US20090315766A1",
        "US8700301B2",
        "US8467991B2",
        "TW201001131A",
        "US9542687B2",
        "US9374460B2",
        "US8369867B2",
        "US10095375B2",
        "US8140215B2",
        "JP2010033358A",
        "US20100029326A1",
        "US20100026816A1",
        "US8145424B2",
        "US20100042940A1",
        "US8471706B2",
        "US10504185B1",
        "US8116749B2",
        "US11482058B2",
        "EP2344991A4",
        "US8155672B2",
        "US8359643B2",
        "US10706402B2",
        "US8977567B2",
        "US9824355B2",
        "US8635012B2",
        "US8195384B1",
        "KR101570369B1",
        "US8892128B2",
        "US8750907B2",
        "US8550361B2",
        "US8170580B2",
        "US8295855B2",
        "US8260320B2",
        "US8244224B2",
        "US20100153292A1",
        "US8855665B2",
        "US8121599B2",
        "US8145417B1",
        "WO2010080938A2",
        "US8458177B2",
        "US8265658B2",
        "US8452689B1",
        "US8180369B1",
        "US9699600B1",
        "US8914039B1",
        "US8750906B2",
        "US10956728B1",
        "US20100228476A1",
        "US20100225498A1",
        "US9024976B2",
        "US8494215B2",
        "US20120064921A1",
        "TWI397673B",
        "US9141918B2",
        "US8145240B2",
        "US8073907B2",
        "US20120047087A1",
        "US20100271367A1",
        "US8849314B2",
        "US8626184B2",
        "US20100279713A1",
        "US9049543B2",
        "US8660530B2",
        "US8670748B2",
        "US8666367B2",
        "US8392957B2",
        "US8433296B2",
        "US8355948B2",
        "US8650072B2",
        "US8301495B2",
        "US20100287178A1",
        "US8412647B2",
        "US20100318588A1",
        "US8943420B2",
        "US8255392B2",
        "US8872767B2",
        "US9378511B2",
        "US8626344B2",
        "US20110022540A1",
        "WO2011011616A1",
        "US20110022312A1",
        "US9590733B2",
        "US9544379B2",
        "US10574614B2",
        "US8406785B2",
        "US9779392B1",
        "US20110046881A1",
        "US8514086B2",
        "WO2011032060A1",
        "WO2011032061A1",
        "WO2011037769A1",
        "US8775605B2",
        "WO2011041903A1",
        "US20110109742A1",
        "WO2011041904A1",
        "TW201115451A",
        "US20110106448A1",
        "US20110126132A1",
        "KR20120129888A",
        "US20110153143A1",
        "US9164577B2",
        "US20120063367A1",
        "US20110159845A1",
        "US20110173055A1",
        "US20110173072A1",
        "US20110178811A1",
        "US20110201351A1",
        "US8369841B2",
        "EP2545456A4",
        "US20110231092A1",
        "US20110230209A1",
        "US8244236B2",
        "US8670933B2",
        "US8606297B1",
        "US8619643B2",
        "WO2011123336A1",
        "US9541402B2",
        "US8504061B2",
        "US8285751B2",
        "US20140136366A1",
        "US10640357B2",
        "US9147003B2",
        "US9143739B2",
        "EP2572269A1",
        "US8723679B2",
        "TWI463423B",
        "US10721705B1",
        "US8559974B2",
        "EP2589232B1",
        "CA2748060A1",
        "CA2748059A1",
        "US8780162B2",
        "US8570914B2",
        "US20130210455A1",
        "US8606260B2",
        "US8972498B2",
        "US8699370B2",
        "US9234965B2",
        "US8606294B2",
        "US10102596B2",
        "US10109026B2",
        "US10169017B2",
        "US8725174B2",
        "US8396485B2",
        "US8504077B2",
        "US9870594B2",
        "US8928483B2",
        "US8494553B2",
        "US20120176235A1",
        "US8719188B2",
        "US20120185335A1",
        "US8804680B2",
        "US8552881B2",
        "GB2488349B",
        "US8682321B2",
        "US9973899B1",
        "US8903426B2",
        "US9848290B2",
        "US8868443B2",
        "US20120239584A1",
        "CA2829920C",
        "US8537753B2",
        "US8766793B2",
        "US8326338B1",
        "US9137734B2",
        "US9953468B2",
        "US9208626B2",
        "US8577391B2",
        "WO2012142158A2",
        "GB2490104B",
        "US8751589B2",
        "US9721262B2",
        "US9191352B2",
        "US8682349B2",
        "US8977287B1",
        "US8781495B1",
        "US9008685B1",
        "CN103548290B",
        "US9727910B1",
        "US8538827B1",
        "US8348752B2",
        "US8763153B2",
        "US10715380B2",
        "US8971924B2",
        "US8682300B2",
        "US8471701B2",
        "US20190116464A9",
        "US8750895B2",
        "US9019984B2",
        "US20120330188A1",
        "US20130085349A1",
        "US8333716B1",
        "US20120331561A1",
        "US20120330930A1",
        "US20130006663A1",
        "US20130012234A1",
        "BR112014000615B1",
        "US20130023289A1",
        "US8700709B2",
        "US8666432B2",
        "US10319010B2",
        "US8660786B2",
        "US8787944B2",
        "US8929920B2",
        "US8963956B2",
        "KR101800661B1",
        "US9541625B2",
        "US8983273B2",
        "US8670783B2",
        "EP2574952B1",
        "US8831556B2",
        "US20130091197A1",
        "US8868039B2",
        "US9255813B2",
        "US9467862B2",
        "US9449342B2",
        "US9111402B1",
        "US20130117327A1",
        "US20130117266A1",
        "DE202012100620U1",
        "US9342735B2",
        "US10169822B2",
        "US8510200B2",
        "US8644848B2",
        "US8463295B1",
        "US9313326B2",
        "US9779450B2",
        "KR101410209B1",
        "KR20130071958A",
        "US9754276B2",
        "US20130166998A1",
        "US8666373B2",
        "US9240059B2",
        "US10528966B2",
        "US10380565B1",
        "EP2801040B1",
        "US9423266B2",
        "US9633385B1",
        "US8831686B2",
        "US9171327B2",
        "US9547872B2",
        "US11037196B2",
        "US9928536B2",
        "US9933265B2",
        "US8972357B2",
        "US11734712B2",
        "US8768876B2",
        "US11062258B2",
        "US20130238645A1",
        "US9741045B1",
        "GB2514517A",
        "US9544260B2",
        "US9307372B2",
        "US10664861B1",
        "US10192243B1",
        "US10304091B1",
        "US9996859B1",
        "US10147130B2",
        "US10255620B1",
        "US10304093B2",
        "US10664876B1",
        "US9226110B2",
        "KR20130112555A",
        "WO2013152349A1",
        "US8855681B1",
        "US9781553B2",
        "US11386461B2",
        "US10691759B2",
        "US9451402B2",
        "US10204169B2",
        "US10157389B2",
        "US20150099545A1",
        "WO2013181247A1",
        "US8863307B2",
        "US10354004B2",
        "US20130332279A1",
        "US9332392B1",
        "US20150163626A1",
        "US8930139B2",
        "US10360760B2",
        "US10657768B2",
        "US9319834B2",
        "WO2013192538A2",
        "US9317996B2",
        "US9786176B2",
        "US9398404B2",
        "US10846766B2",
        "US20140006280A1",
        "US20140032295A1",
        "US20140032250A1",
        "US9539498B1",
        "US9225787B2",
        "CA2822217A1",
        "US20140045596A1",
        "US11184448B2",
        "US10419556B2",
        "WO2014028712A1",
        "US20140052613A1",
        "US9769604B2",
        "EP2888869B1",
        "US20140067564A1",
        "US9451403B2",
        "US20130262238A1",
        "CA2884380A1",
        "US10417701B2",
        "US20140089213A1",
        "JP5638047B2",
        "US9264874B2",
        "US9823332B2",
        "US9405011B2",
        "US9002641B2",
        "US11449854B1",
        "JP2016502179A",
        "US20140129237A1",
        "EP2915343B1",
        "US9247387B2",
        "US9648056B1",
        "US9142116B2",
        "EP2925404B1",
        "US9030963B2",
        "US9432806B2",
        "US10460354B2",
        "US10380636B2",
        "US8971930B2",
        "US9456301B2",
        "US9589435B2",
        "US8880101B2",
        "US8972168B2",
        "US9158864B2",
        "US9398423B2",
        "AU2013100243B4",
        "US9858571B2",
        "US10579228B2",
        "US20140207974A1",
        "US20140207524A1",
        "US9554244B2",
        "CA3053278C",
        "US9652791B1",
        "JP2014153990A",
        "US8923627B2",
        "US10158213B2",
        "US9712962B2",
        "US9466198B2",
        "US10034144B2",
        "AU2013100804B4",
        "US8712907B1",
        "US9499128B2",
        "US8996391B2",
        "US10909590B2",
        "US10956879B1",
        "US8983047B2",
        "EP2785078A1",
        "EP2875653B1",
        "US10043164B2",
        "US9432807B2",
        "US10304122B2",
        "US9307358B2",
        "US20140373074A1",
        "US9301094B2",
        "US9621659B1",
        "US9924322B2",
        "US9894635B2",
        "US10467580B1",
        "US9773018B2",
        "US9179257B2",
        "US9408034B2",
        "US9516104B2",
        "US10267643B2",
        "US20150087339A1",
        "US9894489B2",
        "US9894476B2",
        "US9479897B2",
        "US9286514B1",
        "US9247408B2",
        "US9572002B2",
        "US9077321B2",
        "US10319013B2",
        "US11803841B1",
        "US10445777B2",
        "US20150120362A1",
        "AU2014346992B2",
        "US10163148B1",
        "US10963951B2",
        "US20150141045A1",
        "US9805521B1",
        "US10510109B1",
        "US9443326B2",
        "US9640074B2",
        "CN106170995B",
        "US9628950B1",
        "US9647920B2",
        "US9439367B2",
        "US10083409B2",
        "US9661462B2",
        "US10163132B2",
        "WO2015131097A2",
        "US9402155B2",
        "US9330541B1",
        "US10043369B2",
        "US9654922B2",
        "US9647998B2",
        "US9680827B2",
        "US9577823B2",
        "US9531533B2",
        "US9686244B2",
        "US9788153B1",
        "US10318990B2",
        "US9288620B2",
        "US10670444B2",
        "US10324075B2",
        "US10078003B2",
        "US10072964B2",
        "US10591345B2",
        "US11012764B2",
        "US11099166B2",
        "WO2015155495A1",
        "US9457901B2",
        "US9313619B2",
        "US9004396B1",
        "WO2015168001A1",
        "US9022324B1",
        "US9911129B2",
        "US10026083B1",
        "US9256225B2",
        "US9310221B1",
        "US9396354B1",
        "US9990659B2",
        "US9516467B1",
        "US9078098B1",
        "EP2953085A1",
        "US9113301B1",
        "US9441981B2",
        "US9971985B2",
        "US9521519B2",
        "US9225897B1",
        "US9444929B2",
        "US9754492B2",
        "WO2016007972A1",
        "US9451020B2",
        "US10349631B2",
        "US10582333B2",
        "US9282430B1",
        "CN104181563A",
        "CN104181564A",
        "US9749458B2",
        "US20160042010A1",
        "US10503912B1",
        "US10410272B1",
        "US9417090B2",
        "US10423983B2",
        "USD839289S1",
        "USD810107S1",
        "USD810108S1",
        "USD840422S1",
        "US10824654B2",
        "USD813893S1",
        "USD863328S1",
        "USD810768S1",
        "USD812634S1",
        "US11216869B2",
        "WO2016053839A1",
        "US9275074B1",
        "US10188950B2",
        "US20160116274A1",
        "CN105528384B",
        "WO2016069566A1",
        "US9913090B2",
        "US9015285B1",
        "US10852151B2",
        "US10640208B2",
        "US9609477B2",
        "US10311916B2",
        "US20160183903A1",
        "US9385983B1",
        "US10430849B1",
        "US10127595B1",
        "US9389083B1",
        "US9589290B1",
        "US10366436B1",
        "KR102297389B1",
        "US10332141B2",
        "US9291700B1",
        "US9307360B1",
        "US10327094B2",
        "US9754355B2",
        "US10560894B2",
        "US10133705B1",
        "US9521515B2",
        "US10043146B2",
        "US10223397B1",
        "US9916742B2",
        "KR102217723B1",
        "US9692967B1",
        "US10014927B2",
        "CN107533699B",
        "US20160292752A1",
        "US9602467B2",
        "US10200808B2",
        "US9788155B1",
        "US10802469B2",
        "US9881094B2",
        "US10135949B1",
        "US10684890B2",
        "US20160334221A1",
        "US10185513B1",
        "US9974492B1",
        "US11329683B1",
        "US10560135B1",
        "US20160364819A1",
        "US10104505B2",
        "WO2016201376A1",
        "US9769103B2",
        "US20170013107A1",
        "US20170011312A1",
        "US10531226B1",
        "US10191024B2",
        "US10993069B2",
        "US10080104B2",
        "US20170026460A1",
        "CN105138589A",
        "CN105157722B",
        "US10817898B2",
        "US10231084B2",
        "US9774994B2",
        "US10437575B2",
        "US10648823B2",
        "CN105158772A",
        "CN107924618A",
        "US10108728B2",
        "US10388411B1",
        "US10416701B2",
        "US10162375B2",
        "CN105279624A",
        "US9761138B2",
        "US9646351B2",
        "US9678214B2",
        "US10397339B2",
        "US20200342421A1",
        "US10120948B2",
        "US11096068B1",
        "US10243752B2",
        "US10430895B2",
        "US9609479B1",
        "US9652896B1",
        "US9648581B1",
        "US20170148113A1",
        "US9984499B1",
        "US10474321B2",
        "US20170161853A1",
        "US20170169444A1",
        "WO2017100686A1",
        "CN105354982B",
        "US10354425B2",
        "US10506281B1",
        "US11227277B2",
        "US10750326B2",
        "WO2017116247A1",
        "CN107534837B",
        "CN106991576B",
        "WO2017128213A1",
        "US9830799B2",
        "US10393856B2",
        "US11023514B2",
        "US10285001B2",
        "US10679389B2",
        "US11282310B1",
        "JP6504085B2",
        "US10325420B1",
        "US9648580B1",
        "CN105761425B",
        "US9788156B1",
        "BR112018070242A2",
        "US10339365B2",
        "WO2017180518A1",
        "US9794755B1",
        "US10730626B2",
        "US9736311B1",
        "US10275529B1",
        "US9928749B2",
        "WO2017210449A1",
        "US10838582B2",
        "US10963860B2",
        "US10430838B1",
        "US9681265B1",
        "US10733255B1",
        "US10855632B2",
        "US10944534B2",
        "US9838843B1",
        "WO2018085848A1",
        "US11080756B2",
        "US11334889B2",
        "US11151534B2",
        "US10203855B2",
        "US9693536B1",
        "US10772147B2",
        "WO2018125785A1",
        "US11616745B2",
        "US10922720B2",
        "US10915911B2",
        "US10891606B2",
        "US11250075B1",
        "US10319149B1",
        "US10074381B1",
        "US10565795B2",
        "US10523625B1",
        "US10154406B2",
        "US10405137B2",
        "US10582277B2",
        "US10581782B2",
        "US10362470B2",
        "US10713613B2",
        "US11551498B2",
        "US11170393B1",
        "US10387730B1",
        "KR20220119185A",
        "US10212541B1",
        "US10467147B1",
        "US10515392B1",
        "US20180328776A1",
        "US10459450B2",
        "US10803120B1",
        "US10775792B2",
        "US10735904B2",
        "US11132636B2",
        "US11627195B2",
        "US10713643B2",
        "US10976173B2",
        "US11337456B2",
        "US11170408B2",
        "US10803422B2",
        "CA3073048A1",
        "US10489432B2",
        "US11475254B1",
        "US10740974B1",
        "CN107529142B",
        "EP3687285B1",
        "US10684037B2",
        "US10499191B1",
        "US10573043B2",
        "US11508272B2",
        "US11265273B1",
        "US11017173B1",
        "US10678818B2",
        "CN108124922B",
        "CN108257058B",
        "US11507614B1",
        "US10979752B1",
        "US10885136B1",
        "US10327096B1",
        "US11392988B1",
        "CN111886058A",
        "CN108696823B",
        "US11163941B1",
        "US10219111B1",
        "US11030752B1",
        "US10979857B2",
        "US11308950B2",
        "US11265332B1",
        "US10555113B2",
        "US10853748B2",
        "US11274955B2",
        "EP3811641A4",
        "US10679393B2",
        "US10997760B2",
        "US10887267B2",
        "US11044078B2",
        "US11303523B2",
        "US10698583B2",
        "WO2020091740A1",
        "US10778623B1",
        "US10990261B2",
        "CN109785351B",
        "US10567906B1",
        "US11199957B1",
        "US10939236B1",
        "US10939246B1",
        "US11294936B1",
        "US10838599B2",
        "US10964082B2",
        "US10852918B1",
        "US10618735B1",
        "US11343659B2",
        "US11249614B2",
        "US11763218B2",
        "US10810782B1",
        "US11246004B2",
        "US11210921B2",
        "US11313697B2",
        "WO2020215122A1",
        "CN110164086B",
        "US10477510B1",
        "US10560898B1",
        "US10582453B1",
        "US10893385B1",
        "WO2020252695A1",
        "WO2020255098A1",
        "US11307747B2",
        "US10810528B1",
        "US10963828B2",
        "US11044572B2",
        "CN110618971B",
        "US11622234B2",
        "US11589187B2",
        "US11538200B1",
        "US11004325B2",
        "US11288922B2",
        "US11218838B2",
        "US11496678B1",
        "US11734340B1",
        "US11436290B1",
        "US11128715B1",
        "US11429618B2",
        "US11343323B2",
        "US11699140B2",
        "US20220207565A1",
        "US11228551B1",
        "US11516167B2",
        "US11619501B2",
        "US10956743B1",
        "US11430091B2",
        "US11429176B2",
        "US11483267B2",
        "US11314776B2",
        "US11503432B2",
        "US11290851B2",
        "US11308327B2",
        "US20220198589A1",
        "US11606756B2",
        "US11645324B2",
        "US11632653B2",
        "US20230040141A1",
        "US11414111B1",
        "US11678150B2",
        "US11399513B1",
        "US11586270B1"
    ]
}