{
    "patent_id": "US-11645551-B2",
    "title": "Presenting inference models based on interrelationships ",
    "assignee": "Moshe Guttmann",
    "publication_date": "2023-05-09",
    "patent_link": "https://patents.google.com/patent/US11645551B2/en",
    "inventors": [
        "Moshe Guttmann"
    ],
    "classifications": [
        "G06N5/025",
        "G06F18/217",
        "G06F18/231",
        "G06F18/29",
        "G06F3/04845",
        "G06K9/6219",
        "G06K9/6262",
        "G06K9/6296",
        "G06N20/00",
        "G06N20/10",
        "G06N20/20",
        "G06N3/08",
        "G06N5/04",
        "G06N5/043",
        "G06N5/047",
        "G06V10/94",
        "G06V20/20",
        "G06V20/70",
        "G06V40/10",
        "G10L15/065",
        "G06N3/04",
        "G10L15/00",
        "G10L17/00"
    ],
    "abstract": "Systems and methods for presenting inference models based on interrelationships among inference models are provided. For example, information related to a group of at least three inference models may be obtained. Further, in some examples, a plurality of interrelationship records may be obtained, wherein each interrelationship record may correspond to one subgroup of the group of at least three inference models, and each subgroup may comprise at least two inference models. Further, in some examples, the plurality of interrelationship records may be used to determine information related to a first inference model of the group of at least three inference models. Further, in some examples, the determined information may be used to present the first inference model to a user.",
    "claims": "\n1. A method for presenting inference models based on interrelationships among inference models, the method comprising:\nobtaining information related to a group of at least three inference models, each inference model comprises an artificial neural network, each artificial neural network corresponds to a network graph;\nobtaining a plurality of interrelationship records, wherein each interrelationship record corresponds to one subgroup of the group of at least three inference models, each subgroup comprises at least two inference models, and each interrelationship record is generated by using an inexact graph matching algorithm to compare the network graphs of each artificial neural network of the at least two inference models included in the subgroup corresponding to the interrelationship record to determine a matching score between each artificial neural network of the at least two inference models;\nusing the plurality of interrelationship records to determine information related to a first inference model of the group of at least three inference models; and\nusing the determined information to present the first inference model to a user.\n2. The method of claim 1, further comprising:\nanalyzing a first subgroup of the group of at least three inference models to generate the interrelationship record corresponding to the first subgroup; and\nusing the generated interrelationship record corresponding to the first subgroup to determine the information related to the first inference model.\n3. The method of claim 1, wherein the determined information related to the first inference model is textual information describing the first inference model.\n4. The method of claim 1, further comprising:\nusing t-distributed stochastic neighbor embedding to analyze the plurality of interrelationship records to determine an embedding of the at least three inference models in a two dimensional space; and\nvisually presenting the embedding of the at least three inference models in the two dimensional space.\n5. The method of claim 1, further comprising:\nusing minor component analysis to analyze the plurality of interrelationship records to determine an embedding of the at least three inference models in a three dimensional space; and\nvisually presenting the embedding of the at least three inference models in the three dimensional space.\n6. The method of claim 1, further comprising:\nusing the plurality of interrelationship records to determine a hierarchical graph of the at least three inference models; and\nvisually presenting the hierarchical graph of the at least three inference models.\n7. The method of claim 1, further comprising using an interrelationship record corresponding to a subgroup of the group of at least three inference models, where the subgroup comprises exactly two inference models, to determine the information related to the first inference model.\n8. The method of claim 1, further comprising using an interrelationship record corresponding to a subgroup of the group of at least three inference models, where the subgroup comprises at least three inference models, to determine the information related to the first inference model.\n9. The method of claim 1, further comprising using interrelationship information based on commonality among at least two inference models to determine the information related to the first inference model.\n10. The method of claim 1, further comprising using interrelationship information related to a measure based on an interrelationship between a second inference model and a third inference model to determine the information related to the first inference model, wherein both the second inference model and the third inference model differ from the first inference model.\n11. The method of claim 1, further comprising using interrelationship information based on a number of layers associated with the first inference model and a number of layers associated with a second inference model to determine the information related to the first inference model.\n12. The method of claim 1, further comprising using interrelationship information based on a type of at least one layer of the first inference model and a type of at least one layer of a second inference model to determine the information related to the first inference model.\n13. The method of claim 1, further comprising using interrelationship information based on a number of artificial neurons associated with the first inference model and a number of artificial neurons associated with a second inference model to determine the information related to the first inference model.\n14. The method of claim 1, further comprising using interrelationship information based on a type of at least one activation function of the first inference model and a type of at least one activation function of a second inference model to determine the information related to the first inference model.\n15. The method of claim 1, further comprising using interrelationship information based on a measure of non-linearity associated with the first inference model and a measure of non-linearity associated with a second inference model to determine the information related to the first inference model.\n16. The method of claim 1, further comprising using interrelationship information based on a plurality of results produced using the first inference model and a plurality of results produced using a second inference model to determine the information related to the first inference model.\n17. The method of claim 1, further comprising using interrelationship information based on a plurality of confidence levels associated with results produced using the first inference model and a plurality of confidence levels associated with results produced using a second inference model to determine the information related to the first inference model.\n18. A system for presenting inference models based on interrelationships among inference models, the system comprising:\nat least one processor configured to:\nobtain information related to a group of at least three inference models, each inference model comprises an artificial neural network, each artificial neural network corresponds to a network graph;\nobtain a plurality of interrelationship records, wherein each interrelationship record corresponds to one subgroup of the group of at least three inference models, each subgroup comprises at least two inference models, and each interrelationship record is generated by using an inexact graph matching algorithm to compare the network graphs of each artificial neural network of the at least two inference models included in the subgroup corresponding to the interrelationship record to determine a matching score between each artificial neural network of the at least two inference models;\nuse the plurality of interrelationship records to determine information related to a first inference model of the group of at least three inference models; and\nuse the determined information to present the first inference model to a user.\n19. A non-transitory computer readable medium storing data and computer implementable instructions for carrying out a method for presenting inference models based on interrelationships among inference models, the method comprising:\nobtaining information related to a group of at least three inference models, each inference model comprises an artificial neural network, each artificial neural network corresponds to a network graph;\nobtaining a plurality of interrelationship records, wherein each interrelationship record corresponds to one subgroup of the group of at least three inference models, each subgroup comprises at least two inference models, and each interrelationship record is generated by using an inexact graph matching algorithm to compare the network graphs of each artificial neural network of the at least two inference models included in the subgroup corresponding to the interrelationship record to determine a matching score between each artificial neural network of the at least two inference models;\nusing the plurality of interrelationship records to determine information related to a first inference model of the group of at least three inference models; and\nusing the determined information to present the first inference model to a user.",
    "status": "Active",
    "citations_own": [
        "US9418337B1",
        "US20180089592A1",
        "US20180285685A1",
        "US20190138935A1",
        "US20190173918A1",
        "US10460235B1",
        "US20200193266A1",
        "US10810491B1"
    ],
    "citations_ftf": [
        "KR101753031B1",
        "JP6127877B2",
        "US10275719B2",
        "WO2016145516A1",
        "US9448704B1",
        "JP6555015B2",
        "US10157332B1"
    ],
    "citedby_own": [],
    "citedby_ftf": [
        "US9984314B2",
        "WO2018173121A1",
        "US11018885B2",
        "US10956310B2",
        "KR20200084695A",
        "US20200250580A1",
        "CA3130875A1",
        "US10915570B2",
        "US11140102B1",
        "US11507069B2",
        "US11544461B2",
        "JP7254649B2",
        "US20210019662A1",
        "US10909317B2",
        "KR20190096872A",
        "EP3772411A1",
        "JP2021086438A",
        "US11586889B1",
        "US11164044B2",
        "CN115053232A",
        "CN113270091A",
        "US11494703B2",
        "US11310119B2",
        "US11631019B2",
        "US11430240B2",
        "US11297030B2",
        "US11741698B2",
        "US11727221B2",
        "US11527329B2",
        "CN114115511B",
        "WO2022061784A1",
        "EP4206987A4",
        "US11637714B2",
        "US11711404B2",
        "US11776273B1",
        "US11748988B1",
        "CN116643954A",
        "KR102532282B1"
    ]
}