{
    "patent_id": "US-11666327-B2",
    "title": "Device and method for controlling compression of tissue ",
    "assignee": "Covidien Lp",
    "publication_date": "2023-06-06",
    "patent_link": "https://patents.google.com/patent/US11666327B2/en",
    "inventors": [
        "Michael P. Whitman",
        "Donald Malinouskas",
        "David Zeichner"
    ],
    "classifications": [
        "A61B17/068",
        "A61B17/1155",
        "A61B17/0686",
        "A61B17/072",
        "A61B17/07207",
        "A61B17/08",
        "A61B17/32093",
        "A61B17/1114",
        "A61B17/115",
        "A61B2017/00017",
        "A61B2017/00022",
        "A61B2017/00119",
        "A61B2017/00123",
        "A61B2017/00398",
        "A61B2017/07214",
        "A61B2017/2927",
        "A61B2017/2943",
        "A61B2090/032",
        "A61B2090/064",
        "A61B2090/0803",
        "A61B34/30",
        "A61B34/76"
    ],
    "abstract": "A method and device for controlling the compression of tissue include clamping tissue between a first clamping member and a second clamping member by driving at least one of the clamping members with an electric motor toward a predetermined tissue gap between the clamping members and, during the clamping, monitoring a parameter of the electric motor indicative of a clamping force exerted to the tissue by the clamping members. The method and device include, during the clamping, controlling the electric motor, based on the monitored parameter, to limit the clamping force to a predetermined maximum limit.",
    "claims": "\n1. A surgical device comprising:\na first clamping member;\na second clamping member;\na motor configured to move at least one of the first clamping member or the second clamping member relative to each other; and\na controller configured to:\nreceive each of a current drive signal, a velocity drive signal and a position drive signal;\nselect a smallest drive signal from the current drive, the velocity drive and the position drive; and\ncontrol the motor based on the selected drive signal.\n2. The surgical device according to claim 1, further comprising:\na plurality of sensors coupled to the motor, the plurality of sensors is configured to sense a plurality of operational properties of the motor.\n3. The surgical device according to the claim 2, wherein the controller is further configured to calculate the current drive, the velocity drive and the position drive based on the plurality of operational properties.\n4. The surgical device according to claim 3, wherein the controller is further configured to calculate the position drive signal based on a difference between a target position and the measured position.\n5. The surgical device according to claim 3, wherein the controller is further configured to calculate the velocity drive signal based on a difference between a target velocity and the measured velocity.\n6. The surgical device according to claim 2, wherein one sensor of the plurality of sensors is a current sensor configured to measure a current being drawn by the motor.\n7. The surgical device according to claim 2, wherein one sensor of the plurality of sensors is a position sensor configured to measure a position of the motor.\n8. The surgical device according to claim 2, wherein one sensor of the plurality of sensors is a velocity sensor configured to measure a velocity of the motor.\n9. The surgical device according to claim 2, wherein the controller is further configured to determine a current offset based on a current drawn by the motor corresponding to a frictional loss during clamping of the first and second clamping members with no tissue disposed therebetween.\n10. The surgical device according to claim 9, wherein the controller is further configured to subtract the current offset from the measured current to determine a calibrated current.\n11. The surgical device according to claim 10, wherein the controller is further configured to calculate the current drive signal based on a difference between a target current and the calibrated current.\n12. The surgical device according to claim 10, wherein the controller is further configured to calculate torque applied by the motor based on the calibrated current.\n13. The surgical device according to claim 12, wherein the controller is further configured to calculate mechanical energy applied to the tissue by the first and second clamping members based on the applied torque.",
    "status": "Active",
    "citations_own": [
        "US5098405A",
        "US5383880A",
        "US5391153A",
        "US5535937A",
        "US5810811A",
        "US6533157B1",
        "US6698643B2",
        "US6793652B1",
        "US20040236347A1",
        "US6981941B2",
        "US7023159B2",
        "DE202006017791U1",
        "US7246734B2",
        "DE202007006190U1",
        "JP2007527748A",
        "US7342983B2",
        "JP2008093437A",
        "US7416101B2",
        "EP1980215A2",
        "US7464847B2",
        "EP2027819A1",
        "EP2047809A1",
        "US7568603B2",
        "US7717312B2",
        "EP2245994A1",
        "JP2011104379A",
        "US7959050B2",
        "US7963433B2",
        "JP2014171879A",
        "US9408606B2",
        "EP3064151A2",
        "US9451958B2",
        "US9522029B2",
        "US9629623B2",
        "US9724094B2",
        "US9895148B2",
        "US9913642B2",
        "US9993248B2",
        "US10180463B2",
        "US10278698B2"
    ],
    "citations_ftf": [
        "US2027819A",
        "JPH0654835A",
        "JPH0655473A",
        "US6565554B1",
        "JP2002178281A",
        "US20090090763A1",
        "JP2005342848A",
        "JP2006239279A"
    ],
    "citedby_own": [],
    "citedby_ftf": [
        "US5865361A",
        "US10285694B2",
        "US7464847B2",
        "US20070084897A1",
        "US9060770B2",
        "US10022123B2",
        "US10105140B2",
        "US11311291B2",
        "US8215531B2",
        "WO2006015319A2",
        "US11291443B2",
        "US9662116B2",
        "US7959050B2",
        "US8627995B2",
        "US8627993B2",
        "US8038046B2",
        "US10314583B2",
        "US11751873B2",
        "US9554803B2",
        "EP2799014B1",
        "US20070194079A1",
        "US11246590B2",
        "US7934630B2",
        "US9237891B2",
        "US7669746B2",
        "US10159482B2",
        "US11484312B2",
        "US20070106317A1",
        "US11793518B2",
        "US20120292367A1",
        "US7845537B2",
        "US7753904B2",
        "US20110290856A1",
        "US11278279B2",
        "US20110024477A1",
        "US8186555B2",
        "US8708213B2",
        "US20110006101A1",
        "US11224427B2",
        "US8820603B2",
        "US9861359B2",
        "US20070225562A1",
        "US8992422B2",
        "JP5148598B2",
        "EP2018248B1",
        "US8322455B2",
        "US10568652B2",
        "US10130359B2",
        "US8360297B2",
        "US7637410B2",
        "US8652120B2",
        "US8684253B2",
        "US11291441B2",
        "US20080169333A1",
        "US11039836B2",
        "US20090001130A1",
        "US8893946B2",
        "US8931682B2",
        "US11564682B2",
        "US8308040B2",
        "US7753245B2",
        "US8061576B2",
        "US10498269B2",
        "US10779818B2",
        "US10271844B2",
        "US8012170B2",
        "US8517241B2",
        "US8561870B2",
        "US8657174B2",
        "US7866527B2",
        "BRPI0901282A2",
        "US9179912B2",
        "US8758391B2",
        "US8573465B2",
        "US7819298B2",
        "US8636736B2",
        "US9615826B2",
        "US20090206131A1",
        "US11272927B2",
        "US7832612B2",
        "US8628544B2",
        "US9386983B2",
        "US7896214B2",
        "US9005230B2",
        "US7988028B2",
        "US8210411B2",
        "US11648005B2",
        "US8608045B2",
        "US8517239B2",
        "US8444036B2",
        "EP2393430A1",
        "US8292154B2",
        "US8220688B2",
        "US8851354B2",
        "US8608046B2",
        "BR112012016806A2",
        "US8783543B2",
        "US8632525B2",
        "US9289212B2",
        "US9566061B2",
        "US9307989B2",
        "US9364233B2",
        "US9314246B2",
        "US9055941B2",
        "US9629814B2",
        "US11298125B2",
        "JP5902180B2",
        "US9386988B2",
        "US9113865B2",
        "US9332974B2",
        "US10945731B2",
        "US20190290267A1",
        "US9277919B2",
        "US9220501B2",
        "US9211120B2",
        "US9204880B2",
        "US9517063B2",
        "US8695866B2",
        "US8899461B2",
        "US8292150B2",
        "US9393017B2",
        "CN107007355B",
        "US20120211542A1",
        "AU2012250197B2",
        "US9072535B2",
        "US11207064B2",
        "US9289209B2",
        "US9451959B2",
        "US9271728B2",
        "US8763876B2",
        "US20130012958A1",
        "US9539007B2",
        "US9724095B2",
        "US9155537B2",
        "US9050084B2",
        "US9480492B2",
        "US9492146B2",
        "US11207089B2",
        "US9016539B2",
        "EP2770937B1",
        "US9364231B2",
        "AU2015201050B2",
        "US8740036B2",
        "US10299815B2",
        "US8864010B2",
        "US9044230B2",
        "US8979827B2",
        "MX353040B",
        "BR112014024102B1",
        "JP6105041B2",
        "US9526497B2",
        "DE102012208902A1",
        "US10080563B2",
        "US9868198B2",
        "US9597104B2",
        "US9101358B2",
        "US9364220B2",
        "JP6290201B2",
        "US20140001234A1",
        "US9289256B2",
        "US20140001231A1",
        "US11202631B2",
        "US9282974B2",
        "BR112014032776B1",
        "US20140005718A1",
        "US9232944B2",
        "US9839480B2",
        "US10492814B2",
        "US9402604B2",
        "US9700310B2",
        "US9364217B2",
        "US9421014B2",
        "US9522003B2",
        "US9675354B2",
        "US9782187B2",
        "US9345480B2",
        "US10918364B2",
        "US9421003B2",
        "US9216013B2",
        "US9326767B2",
        "BR112015021082B1",
        "RU2672520C2",
        "US10561432B2",
        "AU2014200501B2",
        "US20140263552A1",
        "US9492189B2",
        "US9629628B2",
        "US9717498B2",
        "US9668728B2",
        "US9814463B2",
        "US9872683B2",
        "US9629629B2",
        "US9351727B2",
        "ES2863993T3",
        "ES2705050T3",
        "US9510827B2",
        "US9572577B2",
        "US9795384B2",
        "US9332984B2",
        "US9775610B2",
        "US9700318B2",
        "US10136887B2",
        "BR112015026109B1",
        "US9574644B2",
        "US9801646B2",
        "US9445810B2",
        "US10117654B2",
        "US9797486B2",
        "CN104224254B",
        "RU2678363C2",
        "US9662108B2",
        "US9955966B2",
        "US9962157B2",
        "US9974540B2",
        "CN105682570B",
        "CA2926748A1",
        "WO2015065487A1",
        "US9295522B2",
        "US10485545B2",
        "US10236616B2",
        "ES2755485T3",
        "US10561417B2",
        "US9937626B2",
        "US9867613B2",
        "US9642620B2",
        "US9968354B2",
        "US9724092B2",
        "US20150173756A1",
        "US9839428B2",
        "US9681870B2",
        "US9839424B2",
        "US9962161B2",
        "US9848874B2",
        "CN106232029B",
        "US20140166726A1",
        "BR112016021943B1",
        "US10004497B2",
        "BR112016021800B1",
        "US9913642B2",
        "US9743929B2",
        "US9804618B2",
        "US9757126B2",
        "US10420577B2",
        "US20150297223A1",
        "BR112016023825B1",
        "US11185330B2",
        "US10206677B2",
        "JP6636452B2",
        "US10080552B2",
        "US9668733B2",
        "US10133248B2",
        "US9861366B2",
        "US9913643B2",
        "US10512461B2",
        "US9713466B2",
        "EP3566662B1",
        "US10045781B2",
        "BR112017004361B1",
        "US11311294B2",
        "US9724094B2",
        "JP6686004B2",
        "US10105142B2",
        "US11523821B2",
        "MX2017003960A",
        "US10076325B2",
        "US9924944B2",
        "US10517594B2",
        "US11141153B2",
        "US11504192B2",
        "US9844376B2",
        "US10736636B2",
        "US9844374B2",
        "US10004501B2",
        "US9844375B2",
        "US10188385B2",
        "US10117649B2",
        "US9987000B2",
        "BR112017012996B1",
        "US10085748B2",
        "US10039545B2",
        "US10085749B2",
        "US10285698B2",
        "US10180463B2",
        "US11154301B2",
        "US10159483B2",
        "US10226250B2",
        "US10617412B2",
        "US9901342B2",
        "US9895148B2",
        "US10052044B2",
        "US10687806B2",
        "US10441279B2",
        "US9924961B2",
        "US10245033B2",
        "US10045776B2",
        "US9808246B2",
        "US9993248B2",
        "JP2018507727A",
        "US9918717B2",
        "US10213201B2",
        "US11432902B2",
        "US10463368B2",
        "US10299789B2",
        "US10117650B2",
        "US10039532B2",
        "JP6420501B6",
        "US10159471B2",
        "EP3692940A1",
        "US10349941B2",
        "US10172615B2",
        "US10959788B2",
        "US10507068B2",
        "US10154841B2",
        "CN107820412B",
        "US10548599B2",
        "US9987012B2",
        "US10064622B2",
        "US10045782B2",
        "AU2016304601B2",
        "US11058425B2",
        "BR112018003693B1",
        "US10390829B2",
        "US10251648B2",
        "MX2022006191A",
        "US10085751B2",
        "US10238386B2",
        "US10076326B2",
        "US10105139B2",
        "US10327769B2",
        "US10363036B2",
        "JP6755305B2",
        "US10299878B2",
        "US10478188B2",
        "US20220061843A1",
        "US10271849B2",
        "US10980539B2",
        "US10213204B2",
        "US10265073B2",
        "US11141159B2",
        "US10226251B2",
        "US10499917B2",
        "US10265069B2",
        "US10952730B2",
        "US10342535B2",
        "US10912449B2",
        "US10772632B2",
        "WO2017087439A1",
        "US10595864B2",
        "US10111660B2",
        "US10368865B2",
        "US10292704B2",
        "US10265068B2",
        "US10966717B2",
        "US10660623B2",
        "JP6914942B2",
        "US11213293B2",
        "JP6911054B2",
        "US10433837B2",
        "US10349937B2",
        "US10420559B2",
        "US11224426B2",
        "US10258331B2",
        "US10448948B2",
        "US10617413B2",
        "US10285705B2",
        "WO2017173524A1",
        "ES2878152T3",
        "KR20230016027A",
        "AU2017250264B2",
        "US10405859B2",
        "US11607239B2",
        "US10492783B2",
        "US10426467B2",
        "US11179150B2",
        "US10335145B2",
        "US10357247B2",
        "US10828028B2",
        "US10456137B2",
        "US10363037B2",
        "US20170296173A1",
        "US11317917B2",
        "US10561419B2",
        "US11065022B2",
        "WO2017205313A1",
        "CN109152614B",
        "CN107735040B",
        "US11553984B2",
        "EP3463162A4",
        "WO2017210074A1",
        "USD826405S1",
        "CN109310431B",
        "USD850617S1",
        "US10675024B2",
        "USD847989S1",
        "USD822206S1",
        "US10631857B2",
        "US11642126B2",
        "US10492784B2",
        "US11116594B2",
        "US10463371B2",
        "US11090048B2",
        "US10426471B2",
        "US10758229B2",
        "US20180168648A1",
        "US10667811B2",
        "US10624635B2",
        "US10980536B2",
        "US10856868B2",
        "JP6983893B2",
        "JP7010956B2",
        "US10993715B2",
        "JP2020501779A",
        "US10945727B2",
        "US11419606B2",
        "US11134942B2",
        "US10687810B2",
        "US11684367B2",
        "US20180168575A1",
        "US10639035B2",
        "US20180168615A1",
        "US10667809B2",
        "US10758230B2",
        "US11191539B2",
        "US10898186B2",
        "US10709901B2",
        "US10952767B2",
        "US11690691B2",
        "US10849621B2",
        "US11350915B2",
        "US10299790B2",
        "US10660641B2",
        "US10603035B2",
        "US11324502B2",
        "AU2018202813A1",
        "US10524784B2",
        "US10390826B2",
        "AU2018202629A1",
        "US11311295B2",
        "CN110650705B",
        "US11553974B2",
        "CN110621255B",
        "US10420551B2",
        "US10478185B2",
        "US10881399B2",
        "US10624633B2",
        "US10779820B2",
        "US11517325B2",
        "US10390841B2",
        "US10980537B2",
        "US10646220B2",
        "US11382638B2",
        "US10881396B2",
        "USD890784S1",
        "US10307170B2",
        "USD879809S1",
        "US11653914B2",
        "US11090046B2",
        "US10813639B2",
        "USD879808S1",
        "US10368864B2",
        "US10888321B2",
        "US10327767B2",
        "US11071554B2",
        "US10993716B2",
        "US11324503B2",
        "US10856869B2",
        "US11266405B2",
        "US10772629B2",
        "US11141154B2",
        "US10211586B2",
        "US20190000461A1",
        "USD854151S1",
        "USD869655S1",
        "US10716614B2",
        "USD906355S1",
        "US10779824B2",
        "US10765427B2",
        "US11259805B2",
        "US11564686B2",
        "USD851762S1",
        "US10903685B2",
        "US11246592B2",
        "US10398434B2",
        "US10932772B2",
        "US11007022B2",
        "US10898183B2",
        "US10258418B2",
        "US11471155B2",
        "US11304695B2",
        "US10695073B2",
        "US10624636B2",
        "US10806452B2",
        "US10925682B2",
        "US10912581B2",
        "US11013528B2",
        "CN111093537A",
        "US10898219B2",
        "US10966720B2",
        "US10695060B2",
        "US11331099B2",
        "AU2018328098A1",
        "EP3678573A4",
        "US10729501B2",
        "US10743872B2",
        "USD907648S1",
        "US11399829B2",
        "US10796471B2",
        "USD917500S1",
        "USD907647S1",
        "US10765429B2",
        "US11801098B2",
        "US11129634B2",
        "US20190125338A1",
        "US11564756B2",
        "US10952708B2",
        "US11317919B2",
        "US11090075B2",
        "US11026687B2",
        "US11229436B2",
        "US10932804B2",
        "US11510741B2",
        "US11291510B2",
        "US11134944B2",
        "US11311342B2",
        "US10779903B2",
        "US10842490B2",
        "US10925603B2",
        "US10863987B2",
        "US11033267B2",
        "US10966718B2",
        "US10779826B2",
        "US10687813B2",
        "US11006955B2",
        "US10779825B2",
        "US10869666B2",
        "US10743875B2",
        "US11197670B2",
        "US10743874B2",
        "US10828033B2",
        "US11071543B2",
        "US10835330B2",
        "US10729509B2",
        "US11045270B2",
        "US11020112B2",
        "USD910847S1",
        "US10716565B2",
        "US11129680B2",
        "US11311290B2",
        "US11369368B2",
        "US11076853B2",
        "US11179175B2",
        "BR112020012781A2",
        "US11076921B2",
        "US11659023B2",
        "US20190201039A1",
        "US11045591B2",
        "US11284936B2",
        "US11419630B2",
        "US10849697B2",
        "US11464559B2",
        "US11540855B2",
        "US11278281B2",
        "US20190200981A1",
        "CN111512388A",
        "US11291495B2",
        "US11273001B2",
        "US11324557B2",
        "US11253315B2",
        "US11559308B2",
        "US11132462B2",
        "US11304745B2",
        "US11786251B2",
        "US11423007B2",
        "US11304763B2",
        "US20190200980A1",
        "US11056244B2",
        "US11109866B2",
        "US10932872B2",
        "US11432885B2",
        "US11266468B2",
        "US11304699B2",
        "US11160605B2",
        "US11376002B2",
        "US11304720B2",
        "US11571234B2",
        "US11100631B2",
        "US11559307B2",
        "US11257589B2",
        "US11234756B2",
        "JP7263367B2",
        "BR112020013095A2",
        "US11589888B2",
        "US20190204201A1",
        "US11424027B2",
        "US11364075B2",
        "JP7225249B2",
        "US11666331B2",
        "US11744604B2",
        "US20190201146A1",
        "US20190200987A1",
        "US20190201142A1",
        "US11166772B2",
        "US11308075B2",
        "US11179208B2",
        "US11633237B2",
        "US10758310B2",
        "US11602393B2",
        "US10892899B2",
        "BR112020012951A2",
        "US10943454B2",
        "US11311306B2",
        "US11389164B2",
        "US10944728B2",
        "US11051876B2",
        "US11069012B2",
        "US11096693B2",
        "US11576677B2",
        "US11446052B2",
        "US11786245B2",
        "US10695081B2",
        "US11529187B2",
        "US20190201139A1",
        "US10987178B2",
        "US11410259B2",
        "US11672605B2",
        "US10755813B2",
        "US10966791B2",
        "US11419667B2",
        "US11678881B2",
        "US11147607B2",
        "US11317937B2",
        "US11202570B2",
        "US10892995B2",
        "US11464535B2",
        "EP3735199A4",
        "JP7005773B2",
        "US10945732B2",
        "KR20200126409A",
        "US11369371B2",
        "US11189379B2",
        "US11678927B2",
        "US11259830B2",
        "WO2019173056A1",
        "US20190274752A1",
        "US10973520B2",
        "US11096688B2",
        "US11219453B2",
        "US11207067B2",
        "US11090047B2",
        "EP3545862A3",
        "US11589865B2",
        "US11471156B2",
        "US11166716B2",
        "US11278280B2",
        "CA3094709A1",
        "WO2019186500A2",
        "CN111989065A",
        "US11399839B2",
        "US11534172B2",
        "US10849622B2",
        "CN112105312A",
        "US11497490B2",
        "US11241233B2",
        "US10736631B2",
        "US11596496B2",
        "US10779821B2",
        "USD914878S1",
        "US10912559B2",
        "US10856870B2",
        "US11039834B2",
        "US11083458B2",
        "US11207065B2",
        "US11291440B2",
        "US11045192B2",
        "US10842492B2",
        "US11324501B2",
        "US11253256B2",
        "CN112584780A",
        "US10849620B2",
        "US11510669B2",
        "US11109746B2",
        "US11090051B2",
        "US11717276B2",
        "US11197673B2",
        "US11586106B2",
        "US10912563B2",
        "US11717355B2",
        "US11576733B2",
        "US11484372B2",
        "US11357503B2",
        "US11464511B2",
        "US11291444B2",
        "US11369377B2",
        "US11317915B2",
        "JP2022522421A",
        "US11344297B2",
        "US11259808B2",
        "US11172929B2",
        "US11696761B2",
        "US11147553B2",
        "US11147551B2",
        "KR20210145248A",
        "US11284892B2",
        "US11284893B2",
        "US11241228B2",
        "US11369378B2",
        "US11452528B2",
        "US11426251B2",
        "US11253254B2",
        "US20200345359A1",
        "US11471157B2",
        "US20200345357A1",
        "US11648009B2",
        "US20200345356A1",
        "US11432816B2",
        "USD964564S1",
        "USD952144S1",
        "USD950728S1",
        "US11376098B2",
        "US11553971B2",
        "US11660163B2",
        "US11219455B2",
        "US11497492B2",
        "US11051807B2",
        "US11241235B2",
        "US11298132B2",
        "US11399837B2",
        "US11246678B2",
        "US11426167B2",
        "US11298127B2",
        "US11684434B2",
        "US11627959B2",
        "US11464601B2",
        "US11523822B2",
        "US11259803B2",
        "US11638587B2",
        "US11771419B2",
        "US11478241B2",
        "US11224497B2",
        "US11291451B2",
        "WO2021016006A1",
        "US11224424B2",
        "US11406385B2",
        "US11123068B2",
        "US11534163B2",
        "US11076850B2",
        "US11707274B2",
        "US11109862B2",
        "US11737747B2",
        "US11291446B2",
        "US11559304B2",
        "US11607219B2",
        "US11529139B2",
        "US11701111B2",
        "US11529137B2",
        "US11234698B2",
        "US11304696B2",
        "US11446029B2",
        "US11291447B2",
        "US11504122B2",
        "US11576672B2",
        "US11464512B2",
        "US11583275B2",
        "US11730481B2",
        "US20210212693A1",
        "US11523828B2",
        "US11452524B2",
        "US11278282B2",
        "US11622767B2",
        "US11779343B2",
        "US11344301B2",
        "US11344302B2",
        "US11246593B2",
        "US11707278B2",
        "US11357505B2",
        "US11317911B2",
        "US11406383B2",
        "EP3885304A1",
        "US11331098B2",
        "US11426159B2",
        "US11504117B2",
        "US11406387B2",
        "US11191537B1",
        "US11690694B2",
        "US11653925B2",
        "US11547405B2",
        "US11534167B2",
        "USD966512S1",
        "USD975851S1",
        "USD975850S1",
        "USD967421S1",
        "USD975278S1",
        "USD974560S1",
        "USD976401S1",
        "US11191538B1",
        "US11324500B2",
        "US11517305B2",
        "US11446028B2",
        "USD963851S1",
        "US11553921B2",
        "US11660090B2",
        "US11266402B2",
        "US11439392B2",
        "US11395654B2",
        "US11627966B2",
        "US11602342B2",
        "US11660091B2",
        "US11678878B2",
        "US11801054B2",
        "US11571192B2",
        "US11660092B2",
        "US11712509B2",
        "US11406384B2",
        "US11576674B2",
        "WO2022094227A1",
        "US11779330B2",
        "US11730475B2",
        "US20220133300A1",
        "US11534259B2",
        "US11517390B2",
        "US11717289B2",
        "US20220133303A1",
        "USD980425S1",
        "US20220133299A1",
        "US11452526B2",
        "US20220133302A1",
        "US11617577B2",
        "US11627967B2",
        "US11678882B2",
        "US11627960B2",
        "US11653920B2",
        "US11653915B2",
        "US11744581B2",
        "US11737751B2",
        "US11737774B2",
        "US11553914B2",
        "US11759206B2",
        "US11744582B2",
        "US11517313B2",
        "US11759207B2",
        "US11786241B2",
        "US11701113B2",
        "US11696757B2",
        "US11730473B2",
        "US11751869B2",
        "US11723657B2",
        "US11793514B2",
        "US11749877B2",
        "US11744583B2",
        "US11717300B2",
        "US11717291B2",
        "US11723658B2",
        "US11737749B2",
        "US11759202B2",
        "US11786243B2",
        "US11744603B2",
        "US11786239B2",
        "US11793516B2",
        "US11497495B2",
        "US11666330B2",
        "US11553920B2",
        "US20220346777A1",
        "US11576670B2",
        "US11490894B1",
        "US11642131B2",
        "US11696755B2",
        "US11612400B2",
        "US11771423B2",
        "US11510673B1",
        "US11701119B2",
        "WO2022249088A1",
        "WO2022249094A1",
        "WO2022249091A1",
        "EP4181797A1",
        "US20220378427A1",
        "WO2022249099A1",
        "WO2022249086A1",
        "US11576675B2",
        "US11707275B2",
        "US11617579B2",
        "US11602344B2",
        "US11786248B2",
        "US11737759B2",
        "US20230038322A1",
        "US11540831B1",
        "US11779334B2",
        "US11707277B2",
        "US11576671B1",
        "CN113520503B",
        "US11653922B2",
        "US11660094B2",
        "US11717299B2"
    ]
}