{
    "patent_id": "US-11240311-B2",
    "title": "System and method for server based control ",
    "assignee": "May Patents Ltd.",
    "publication_date": "2022-02-01",
    "patent_link": "https://patents.google.com/patent/US11240311B2/en",
    "inventors": [
        "Yehuda Binder",
        "Benjamin Maytal"
    ],
    "classifications": [
        "H04L67/12",
        "G07C3/02",
        "B60K31/00",
        "B60K31/18",
        "B60Y2200/11",
        "B60Y2200/12",
        "B60Y2200/126",
        "B60Y2200/13",
        "B60Y2200/30",
        "B60Y2200/40",
        "B60Y2200/50",
        "B60Y2200/90",
        "G01C21/00",
        "G06Q2240/00",
        "G07C5/008",
        "G08G1/00",
        "Y04S40/18"
    ],
    "abstract": "A system and method in a building or vehicle for an actuator operation in response to a sensor according to a control logic, the system comprising a router or a gateway communicating with a device associated with the sensor and a device associated with the actuator over in-building or in-vehicle networks, and an external Internet-connected control server associated with the control logic implementing a PID closed linear control loop and communicating with the router over external network for controlling the in-building or in-vehicle phenomenon. The sensor may be a microphone or a camera, and the system may include voice or image processing as part of the control logic. A redundancy is used by using multiple sensors or actuators, or by using multiple data paths over the building or vehicle internal or external communication. The networks may be wired or wireless, and may be BAN, PAN, LAN, WAN, or home networks.",
    "claims": "\n1. A device for use with a network that uses a single wire pair, the wire pair concurrently carrying Direct Current (DC) power and bi-directional digital data signals that is carried over a frequency band above and distinct from the DC power using Frequency Division Multiplexing (FDM), the device comprising:\na software and a processor for executing the software;\na connector for connecting to the wire pair;\na transceiver coupled between the processor and the connector for transmitting digital data to, and receiving digital data from, the wire pair via the connector;\na sensor for sensing a first phenomenon, the sensor having an output coupled for transmitting to the processor a value responsive to the first phenomenon;\nan actuator for affecting a second phenomenon in response to an actuator command from the processor; and\na single enclosure mountable for housing the connector, the processor, the actuator, and the transceiver,\nwherein the transceiver, the actuator, and the processor are coupled for being powered from the DC power via the connector,\nwherein the device configured to transmit the value to the wire pair via the connector, and\nwherein the device is addressable in the network using a digital address.\n2. The device according to claim 1, wherein the single enclosure further comprises the sensor.\n3. The device according to claim 1, wherein the sensor is external to the single enclosure, or wherein the sensor is mountable in a vehicle.\n4. The device according to claim 1, wherein the sensor outputs an analog signal, and the device further comprising an Analog to Digital (A/D) converter coupled between the sensor and the processor for converting the analog signal to a digital data.\n5. The device according to claim 1, further comprising in the single enclosure a splitter having first, second and third ports, wherein the digital data signal is passed only between the first and second ports, and the DC power signal is passed only between the first and third ports,\nwherein the first port is connected to the connector,\nwherein the second port is connected to the transceiver for passing digital data between the transceiver and the wire pair, and\nwherein the third port is connected to power the transceiver, the actuator, and the processor from the DC power over the wire pair.\n6. The device according to claim 5, wherein the splitter comprises a High Pass Filter (HPF) between the first and second ports and a Low Pass Filter (LPF) between the first and third ports.\n7. The device according to claim 5, wherein the HPF comprises two capacitors.\n8. The device according to claim 5, wherein the LPF or the HPF comprises an inductor or two coupled inductors.\n9. The device according to claim 8, wherein the two coupled inductors form a transformer.\n10. The device according to claim 5, wherein the splitter comprising a transformer and a capacitor connected to the transformer windings.\n11. The device according to claim 1, wherein the DC power and digital data signals are carried substantially according to IEEE 802.3af-2003 or IEEE 802.3at-2009 standards.\n12. The device according to claim 1, wherein the DC power signal level is at least 44 Volts.\n13. The device according to claim 1, wherein data rate over the wire pair is above 100 Mb/s or 1 Gb/s.\n14. The device according to claim 1, for use in a vehicle, wherein the vehicle is configured for travelling on land.\n15. The device according to claim 1, for use in a vehicle, wherein the vehicle is configured for travelling on water, or is airborne.\n16. The device according to claim 1, for use in a vehicle, wherein the vehicle comprises one out of a bicycle, a car, a motorcycle, a train, a ship, an aircraft, a boat, a spacecraft, a boat, a submarine, a dirigible, an electric scooter, a subway, a train, a trolleybus, a tram, a sailboat, a yacht, and an airplane.\n17. A vehicle comprising the device according to claim 1.\n18. An Electronic Control Unit (ECU) in a vehicle comprising the device according to claim 1.\n19. The device according to claim 1, for use in a vehicle, wherein the vehicle comprises an automobile, and wherein the device further comprises an Electronic Control Unit (ECU), an Engine Control Unit (ECU), a Transmission Control Unit (TCU), an Anti-Lock Braking Device (ABS), or Body Control Modules (BCM).\n20. The device according to claim 1, for use in a vehicle, further for use with parking help, cruise control, lane keeping, road sign recognition, surveillance, speed limit warning, restricted entries, and pull-over commands, travel information, cooperative adaptive cruise control, cooperative forward collision warning, intersection collision avoidance, approaching emergency vehicle warning, vehicle safety inspection, transit or emergency vehicle signal priority, electronic parking payments, commercial vehicle clearance and safety inspections, in-vehicle signing, rollover warning, probe data collection, highway-rail intersection warning, or electronic toll collection, the device is further integrated with, or being part of, a vehicular communication device used for improved safety, traffic flow control, traffic reporting, or traffic management.\n21. The device according to claim 1, wherein the communication over the single wire pair is according to, or based on, Control Area Network (CAN) or Local Interconnect Network (LIN).\n22. The device according to claim 1, wherein the sensor comprises a piezoelectric sensor that includes single crystal material or a piezoelectric ceramics and uses a transverse, longitudinal, or shear effect mode of the piezoelectric effect.\n23. The device according to claim 1, further comprising multiple sensors arranged as a directional sensor array operative to estimate number, magnitude, frequency, Direction-Of-Arrival (DOA), distance, or speed of the phenomenon impinging the sensor array.\n24. The device according to claim 1, wherein the sensor comprises a thermoelectric sensor that responds to a temperature or to a temperature gradient of an object using conduction, convection, or radiation, and wherein the thermoelectric sensor consists of, or comprises, a Positive Temperature Coefficient (PTC) thermistor, a Negative Temperature Coefficient (NTC) thermistor, a thermocouple, a quartz crystal, or a Resistance Temperature Detector (RTD).\n25. The device according to claim 1, wherein the sensor consists of, or comprises, a nanosensor, a crystal, or a semiconductor, or wherein: the sensor comprises an ultrasonic based, the sensor comprises an eddy-current sensor, the sensor comprises a proximity sensor, the sensor comprises a bulk or surface acoustic sensor, or the sensor comprises an atmospheric or an environmental sensor.\n26. The device according to claim 1, wherein the sensor comprises a radiation sensor that responds to radioactivity, nuclear radiation, alpha particles, beta particles, or gamma rays, and is based on gas ionization.\n27. The device according to claim 1, wherein the sensor comprises a photoelectric sensor that responds to a visible or an invisible light, the invisible light is infrared, ultraviolet, X-rays, or gamma rays, and wherein the photoelectric sensor is based on the photoelectric or photovoltaic effect, and consists of, or comprises, a semiconductor component that consists of, or comprises, a photodiode, a phototransistor, or a solar cell.\n28. The device according to claim 27, wherein the photoelectric sensor is based on Charge-Coupled Device (CCD) or a Complementary Metal-Oxide Semiconductor (CMOS) element.\n29. The device according to claim 1, wherein the sensor comprises a photosensitive image sensor array comprising multiple photoelectric sensors, for capturing an image and producing electronic image information representing the image, and the device further comprising one or more optical lens for focusing the received light and to guide the image, and wherein the image sensor is disposed approximately at an image focal point plane of the one or more optical lens for properly capturing the image.\n30. The device according to claim 1, wherein the sensor comprises an electrochemical sensor that responds to an object chemical structure, properties, composition, or reactions.\n31. The device according to claim 30, wherein the electrochemical sensor comprises a pH meter or a gas sensor responding to a presence of radon, hydrogen, oxygen, or Carbon-Monoxide (CO), or wherein the electrochemical sensor is based on optical detection or on ionization and is a smoke, a flame, or a fire detector, or is responsive to combustible, flammable, or toxic gas.\n32. The device according to claim 1, wherein the sensor is an electroacoustic sensor that responds to an audible or inaudible sound.\n33. The device according to claim 32, wherein the electroacoustic sensor comprises an omnidirectional, unidirectional, or bidirectional microphone that is based on the sensing the incident sound-based motion of a diaphragm or a ribbon, and the microphone comprises a condenser, an electret, a dynamic, a ribbon, a carbon, or a piezoelectric microphone.\n34. The device according to claim 1, wherein the digital address uniquely identifies the device in the network.\n35. The device according to claim 34, wherein the digital address is a Media Access Control (MAC) layer address that is MAC-48, Extended Unique Identifier (EUI) EUI-48, or EUI-64 address type.\n36. The device according to claim 34, wherein the digital address is a layer 3 address and is static or dynamic Internet Protocol (IP) address that is IPv4 or IPv6 type address.\n37. The device according to claim 34, wherein the digital address is autonomously assigned or is assigned by another device via a communication interface using Dynamic Host Configuration Protocol (DHCP).\n38. The device according to claim 34, wherein the network is a frame-based network, and wherein the wire pair consists of, or comprises, an Unshielded Twisted wire Pair (UTP).\n39. The device according to claim 38, wherein the frame-based network is according to, based on, or compatible with, Ethernet or IEEE 802.3-2008 standard.\n40. The device according to claim 39, wherein the frame-based network is according to, based on, or compatible with, 10Base-T, 100Base-T, 100Base-TX, 100Base-T2, 100Base-T4, 1000Base-T, 1000Base-TX, 10GBase-CX4, or 10GBase-T.\n41. The device according to claim 1, wherein the communication over the wire pair is full duplex.\n42. The device according to claim 1, wherein the actuator command is responsive to the sensor output value.\n43. The device according to claim 1, for use in a vehicle, wherein the actuator is mountable in the vehicle.\n44. The device according to claim 1, for use in a vehicle, wherein the actuator is operative to affect the second phenomenon inside the vehicle.\n45. The device according to claim 1, for use in a vehicle, wherein the actuator is operative to affect the second phenomenon external to the vehicle, or associated with surroundings around the vehicle.\n46. The device according to claim 1, wherein the second phenomenon is the same as the first phenomenon.\n47. The device according to claim 46, further operative for affecting a control loop for controlling the phenomenon, and wherein the control loop is a closed linear control loop where the sensor value serves as a feedback to command the actuator based of the loop deviation from a setpoint or a reference value.\n48. The device according to claim 47, wherein the closed control loop is a proportional-based, an integral-based, a derivative-based, or a Proportional, Integral, and Derivative (PID) based control loop, wherein the control loop uses feed-forward, Bistable, Bang-Bang, Hysteretic, or fuzzy logic based control.\n49. The device according to claim 47, wherein the control loop involves randomness based on random numbers; and the device further comprises a random number generator for generating random numbers, and wherein the random number generator is hardware-based using thermal noise, shot noise, nuclear decaying radiation, photoelectric effect, or quantum phenomena, or wherein the random number generator is software-based and executes an algorithm for generating pseudo-random numbers.\n50. The device according to claim 47, wherein the setpoint is fixed, set by a user, or is time dependent.\n51. The device according to claim 47, further comprising an additional sensor responsive to a phenomenon distinct from the first phenomenon, and wherein the setpoint is dependent upon the output of the additional sensor.\n52. The device according to claim 1, further comprising an electrically actuated switch coupled for switching power to the actuator from the DC power, and wherein the electrically actuated switch coupled to the processor and is actuated in response to the actuator command.\n53. The device according to claim 52, wherein the electrically actuated switch is \u2018normally open\u2019 type, \u2018normally closed\u2019 type, or a changeover switch, wherein the electrically actuated switch is \u2018make-before-break\u2019 or \u2018break-before-make\u2019 type, or wherein the electrically actuated switch have two or more poles or two or more throws, and the contacts of the first electrically actuated switch are arranged as a Single-Pole-Double-Throw (SPDT), Double-Pole-Double-Throw (DPDT), Double-Pole-Single-Throw (DPST), or Single-Pole-Changeover (SPCO).\n54. The device according to claim 52, wherein the electrically actuated switch is a latching or non-latching type relay, and the relay is a solenoid-based electromagnetic relay that is a reed relay, wherein the relay is solid-state or semiconductor based, or wherein the relay comprises a Solid State Relay (SSR).\n55. The device according to claim 41, wherein the actuator comprises a light source that emits visible or non-visible light for illumination or indication, the non-visible light is infrared, ultraviolet, X-rays, or gamma rays, and wherein the light source comprises an electric light source that converts electrical energy into light.\n56. The device according to claim 55, wherein the electric light source consists of, or comprises, a lamp, an incandescent lamp, a gas discharge lamp, a fluorescent lamp, a Solid-State Lighting (SSL), a Light Emitting Diode (LED), an Organic LED (OLED), a polymer LED (PLED), or a laser diode.\n57. The device according to claim 1, wherein the actuator comprises a compressor or a pump that is configured to move, force, or compress liquid, gas or slurry, and the actuator.\n58. The device according to claim 1, wherein the actuator comprises a sounder for converting an electrical energy to omnidirectional, unidirectional, or bidirectional pattern emitted, audible or inaudible, sound waves.\n59. The device according to claim 1, wherein the actuator comprises a motion actuator that causes linear or rotary motion, and the device further comprising a conversion mechanism for respectfully converting to rotary or linear motion based on a screw, a wheel and axle, or a cam.\n60. The device according to claim 59, wherein the motion actuator comprises an electrical motor.\n61. The device according to claim 60, wherein the electrical motor comprises a brushed, a brushless, or an uncommutated DC motor, or wherein the DC motor comprises a stepper motor that comprises a Permanent Magnet (PM) motor, a Variable reluctance (VR) motor, or a hybrid synchronous stepper.\n62. The device according to claim 60, wherein the electrical motor comprises an AC motor that is an induction motor, a synchronous motor, or an eddy current motor, and wherein the AC motor comprises a single-phase AC induction motor, a two-phase AC servo motor, or a three-phase AC synchronous motor, and the AC motor comprises a split-phase motor, a capacitor-start motor, or a Permanent-Split Capacitor (PSC) motor.\n63. The device according to claim 59, wherein the motion actuator comprises a linear hydraulic actuator, a linear pneumatic actuator, a linear induction electric motor (LIM), or a Linear Synchronous electric Motor (LSM).\n64. The device according to claim 59, wherein the motion actuator is based on a piezoelectric motor, a Surface Acoustic Wave (SAW) motor, a Squiggle motor, an ultrasonic motor, a micro- or nanometer comb-drive capacitive actuator, a Dielectric or Ionic based Electroactive Polymers (EAPs) actuator, a solenoid, a thermal bimorph, or a piezoelectric unimorph actuator.\n65. The device according to claim 1, wherein the actuator comprises an electric thermoelectric actuator that comprises a heater or a cooler, operative for affecting the temperature of a solid, a liquid, or a gas object, and is configured for conduction, convection, force convention, thermal radiation, or the transfer of energy by phase changes to the object.\n66. The device according to claim 65, wherein the thermoelectric actuator comprises a cooler based on a heat pump driving a refrigeration cycle using a compressor-based electric motor, or wherein the thermoelectric actuator comprises an electric heater that comprises a resistance heater or a dielectric heater.",
    "status": "Active",
    "citations_own": [
        "US3184842A",
        "US3213010A",
        "US3433981A",
        "US3436630A",
        "US3820110A",
        "US4019073A",
        "US4047187A",
        "US4210837A",
        "US4243631A",
        "US4248123A",
        "US4317991A",
        "US4351192A",
        "US4367027A",
        "US4414537A",
        "US4434451A",
        "US4472656A",
        "US4496149A",
        "US4516260A",
        "US4594898A",
        "US4638364A",
        "US4759220A",
        "US4796891A",
        "US4840602A",
        "US4853884A",
        "US4857273A",
        "US4873481A",
        "US4905176A",
        "US4968255A",
        "US5001453A",
        "US5010399A",
        "US5046022A",
        "US5047952A",
        "US5077512A",
        "US5105087A",
        "US5134887A",
        "US5138459A",
        "US5274631A",
        "US5291234A",
        "US5349129A",
        "US5386103A",
        "US5402170A",
        "US5454043A",
        "US5488429A",
        "US5510765A",
        "US5511547A",
        "US5552654A",
        "US5555498A",
        "US5578755A",
        "US5578877A",
        "US5604595A",
        "US5621455A",
        "US5638136A",
        "US5642431A",
        "US5652849A",
        "US5666159A",
        "US5696879A",
        "US5710833A",
        "US5724456A",
        "US5781650A",
        "US5812193A",
        "US5818975A",
        "US5817943A",
        "US5835616A",
        "US5844146A",
        "US5870138A",
        "US5896443A",
        "US5930201A",
        "US5948965A",
        "US5962786A",
        "US5965968A",
        "US5978519A",
        "US5987154A",
        "US5991456A",
        "US6069899A",
        "US6097470A",
        "US6101271A",
        "US6108331A",
        "US6128397A",
        "US6132281A",
        "US6148092A",
        "US6151073A",
        "US6186777B1",
        "US6192149B1",
        "US6216160B1",
        "US6243571B1",
        "US6249315B1",
        "US6263113B1",
        "US6268939B1",
        "US6282317B1",
        "US6285761B1",
        "US20010025349A1",
        "US20010024163A1",
        "US6301370B1",
        "US20010041982A1",
        "US6329160B1",
        "US20020019966A1",
        "US20020039388A1",
        "US6393148B1",
        "US20020060617A1",
        "US6404900B1",
        "US6407777B1",
        "US6421468B1",
        "US6437578B1",
        "US6438264B1",
        "US20020112726A1",
        "US6452499B1",
        "US6456732B1",
        "US6459436B1",
        "US6473199B1",
        "US6473609B1",
        "US6473608B1",
        "US6474138B1",
        "US6476372B2",
        "US20020166124A1",
        "US20020194383A1",
        "US20020198626A1",
        "US6501857B1",
        "US6504951B1",
        "US6504942B1",
        "US20030009271A1",
        "US6516154B1",
        "US6526161B1",
        "US6527611B2",
        "US6535243B1",
        "US20030062990A1",
        "US6546297B1",
        "US6549234B1",
        "US6549616B1",
        "US6552743B1",
        "US20030093199A1",
        "US20030099228A1",
        "US20030105389A1",
        "US20030112965A1",
        "US20030130774A1",
        "US20030139151A1",
        "US6606911B2",
        "US6670212B2",
        "US6694316B1",
        "US20040032902A1",
        "US6714021B2",
        "US6747258B2",
        "US20040151305A1",
        "US6788332B1",
        "US20040182167A1",
        "US6806722B2",
        "US6813221B1",
        "US20040217857A1",
        "US6820225B1",
        "US20040267385A1",
        "US6840103B2",
        "US20050010954A1",
        "US6844897B1",
        "US20050044119A1",
        "US6862353B2",
        "US6865953B2",
        "US6895803B2",
        "US20050125083A1",
        "US20050146458A1",
        "US20050154494A1",
        "US6931596B2",
        "US20050180561A1",
        "US6934426B2",
        "US6940545B1",
        "US20050216302A1",
        "US20050216121A1",
        "US20050226201A1",
        "US6957133B1",
        "US20050247573A1",
        "US20050273505A1",
        "US20060025897A1",
        "US7010050B2",
        "US7019646B1",
        "US7027418B2",
        "US7047826B2",
        "US20060111825A1",
        "US7103460B1",
        "US20060206155A1",
        "US7110575B2",
        "US20060212194A1",
        "US20060220830A1",
        "US7124157B2",
        "US7136482B2",
        "US20060265195A1",
        "US7145933B1",
        "US20070004449A1",
        "US20070021847A1",
        "US20070038461A1",
        "US20070069947A1",
        "US7213061B1",
        "US20070096565A1",
        "US20070112939A1",
        "US7219536B2",
        "US20070132725A1",
        "US7239577B2",
        "US20070164865A1",
        "US20070169080A1",
        "US20070176740A1",
        "US7256466B2",
        "US20070198144A1",
        "US20070208390A1",
        "US20070214095A1",
        "US20070210580A1",
        "US20070220907A1",
        "US20070249063A1",
        "US7289645B2",
        "US20070256337A1",
        "US20070262847A1",
        "US20070264623A1",
        "US20070283005A1",
        "US7315630B2",
        "US7317815B2",
        "US7326866B2",
        "US7327385B2",
        "US20080031139A1",
        "US7334001B2",
        "US7342212B2",
        "US20080100428A1",
        "US20080122288A1",
        "US20080129475A1",
        "US20080130520A1",
        "US20080136670A1",
        "US7414186B2",
        "US20080215391A1",
        "US20080215336A1",
        "US20080221715A1",
        "US7432952B2",
        "US20080263117A1",
        "US20080258913A1",
        "US20080257050A1",
        "US20080291036A1",
        "US20080307075A1",
        "US7466866B2",
        "US7466844B2",
        "US20090005720A1",
        "US20090024759A1",
        "US7482732B2",
        "US20090033522A1",
        "US20090042533A1",
        "US20090046715A1",
        "US20090051551A1",
        "US20090055019A1",
        "US7499239B2",
        "US20090076827A1",
        "US7508961B2",
        "US7512645B2",
        "US20090089065A1",
        "US20090105605A1",
        "US20090138136A1",
        "US7557689B2",
        "US20090183729A1",
        "US20090189981A1",
        "US20090198380A1",
        "US20090224906A1",
        "US7598942B2",
        "US20090271002A1",
        "US20090272193A1",
        "US7614305B2",
        "US7617729B2",
        "US7653573B2",
        "US20100023198A1",
        "US20100030421A1",
        "US20100039253A1",
        "US20100071053A1",
        "US7688036B2",
        "US7692320B2",
        "US7702130B2",
        "US20100100327A1",
        "US20100100004A1",
        "US7716985B2",
        "US20100162815A1",
        "US20100187832A1",
        "US20100195601A1",
        "US7774155B2",
        "US20100201531A1",
        "US20100211918A1",
        "US20100211359A1",
        "US20100211258A1",
        "US20100207754A1",
        "US20100242611A1",
        "US7821541B2",
        "US20100281884A1",
        "US20100298957A1",
        "US20100295782A1",
        "US7843336B2",
        "US20100305807A1",
        "US7847421B2",
        "US20110034912A1",
        "US7892876B2",
        "US20110041604A1",
        "US20110045523A1",
        "US20110047874A1",
        "US20110050216A1",
        "US7904219B1",
        "US20110061460A1",
        "US20110082599A1",
        "WO2011051022A1",
        "US20110148651A1",
        "US20110153149A1",
        "US20110170377A1",
        "US8016205B2",
        "US20110222726A1",
        "US20110219873A1",
        "US20110251807A1",
        "US20110265572A1",
        "US20110275544A1",
        "US20110282168A1",
        "US20110298301A1",
        "US20120034904A1",
        "US8115646B2",
        "US20120079149A1",
        "US20120093132A1",
        "US20120112970A1",
        "US8180492B2",
        "US20120130203A1",
        "US8214070B2",
        "US20120179067A1",
        "US20120190292A1",
        "US8244405B2",
        "US20120228952A1",
        "US20120229283A1",
        "US20120236748A1",
        "US20120265026A1",
        "US20120268373A1",
        "US20120303150A1",
        "US20120325197A1",
        "US20130048319A1",
        "US20130091279A1",
        "US20130121239A1",
        "US20130139440A1",
        "US20130151200A1",
        "US20130211858A1",
        "US8615374B1",
        "US20140170275A1",
        "US20140215491A1",
        "US20150138333A1",
        "US20150222852A1",
        "US20150226439A1",
        "US9165320B1",
        "US20150324706A1",
        "US20150362954A1",
        "US20160062330A1",
        "US20160218884A1",
        "US20160344745A1",
        "US20170272316A1",
        "US9821344B2",
        "US20180137462A1",
        "US10026116B2",
        "US20180242859A1"
    ],
    "citations_ftf": [
        "US3183842A",
        "JP2655615B2",
        "US5001463A",
        "JPH0694978A",
        "US6188777B1",
        "US6445978B1",
        "US6832251B1",
        "US6826607B1",
        "US6859831B1",
        "US7020701B1",
        "US6735630B1",
        "US6998962B2",
        "US6621465B2",
        "US6777856B2",
        "US8768286B2",
        "US6844397B2",
        "US20060176823A1",
        "JP4728020B2",
        "JP2006263192A",
        "EP1736739A3",
        "DE102005019142A1",
        "US9318108B2",
        "JP2008072414A",
        "US8447843B2",
        "US20090236538A1",
        "US20100188251A1",
        "US20100265800A1",
        "US9270420B2",
        "US20100328023A1",
        "US20110084651A1",
        "US20110121656A1",
        "JP5406072B2",
        "FR2963478B1",
        "WO2013003804A2",
        "US8751614B2",
        "US9143879B2",
        "US20130201316A1",
        "US10084668B2",
        "US20170111157A1"
    ],
    "citedby_own": [
        "US11381270B2",
        "US11682535B2",
        "US11688568B2"
    ],
    "citedby_ftf": [
        "US7495558B2",
        "US9104650B2",
        "US9100124B2",
        "US11265082B2",
        "US9414458B2",
        "US9455783B2",
        "US20090003832A1",
        "US10997531B2",
        "JP5058057B2",
        "US8179133B1",
        "US9509436B2",
        "US8890773B1",
        "US8135912B2",
        "US9496620B2",
        "US8836601B2",
        "US8560604B2",
        "US8970217B1",
        "DE102010022522B4",
        "US8401600B1",
        "KR20120040958A",
        "US8849469B2",
        "US11064910B2",
        "IL210169A0",
        "EP2673716B1",
        "US9857868B2",
        "US8840466B2",
        "US8971210B1",
        "GB2491896A",
        "KR20130050788A",
        "TWI480730B",
        "US20130201316A1",
        "US8854433B1",
        "DE102012202037A1",
        "US9054892B2",
        "KR101645524B1",
        "US10110307B2",
        "US9250636B2",
        "CN104204569B",
        "US9521787B2",
        "US9825671B2",
        "JP5904540B2",
        "US9606522B2",
        "FR2992079A1",
        "US9230064B2",
        "US10133849B2",
        "US10102345B2",
        "US9098739B2",
        "US9111135B2",
        "US10536361B2",
        "US10312715B2",
        "US11502551B2",
        "TW201406159A",
        "US9032071B2",
        "US9468162B2",
        "RU2660454C2",
        "US9350665B2",
        "US8836768B1",
        "TWI488030B",
        "US10083548B2",
        "US9155162B2",
        "WO2014045123A2",
        "US8487765B1",
        "JP6098114B2",
        "EP2730159B1",
        "US9740187B2",
        "GB2508355B",
        "TWI467958B",
        "US9521449B2",
        "WO2014109776A1",
        "US9092665B2",
        "US9306830B2",
        "US9129155B2",
        "TWI537176B",
        "US9543635B2",
        "US9397820B2",
        "US9373885B2",
        "US9923621B2",
        "US9231672B2",
        "US9088313B2",
        "US9288102B2",
        "US9373245B2",
        "WO2014130121A1",
        "JP6081817B2",
        "US8952747B1",
        "US9349365B2",
        "US9772919B2",
        "US20140280865A1",
        "US9031702B2",
        "US8731977B1",
        "CA2901443A1",
        "US10140828B2",
        "US8715314B1",
        "US9412254B1",
        "US20160037131A1",
        "US9240625B2",
        "US9646121B2",
        "JP5818272B2",
        "US9298266B2",
        "SE538511C2",
        "US9229476B2",
        "KR102044002B1",
        "CN110380958A",
        "EP2997723A4",
        "US20140340093A1",
        "EP3005629A4",
        "US9148849B2",
        "DK3011444T3",
        "US9191209B2",
        "US9531704B2",
        "US9137566B2",
        "WO2014207624A2",
        "DE102013011141A1",
        "US9262064B2",
        "US9830136B2",
        "JP2015022017A",
        "JP5447723B1",
        "JP6259601B2",
        "FR3009152B1",
        "US11764990B2",
        "US11651665B2",
        "US20180343141A1",
        "GB201313444D0",
        "US9798388B1",
        "JP6206757B2",
        "US20150046646A1",
        "US10084550B2",
        "US9436569B2",
        "US9241044B2",
        "TWI526121B",
        "US9316400B2",
        "US9389295B2",
        "US9929851B2",
        "US20150081313A1",
        "US9509371B2",
        "US9544534B2",
        "US9270919B2",
        "US20160239002A1",
        "US9759703B2",
        "WO2015054567A1",
        "US9403545B2",
        "JP5467553B1",
        "US9570643B2",
        "KR102067765B1",
        "US9494429B2",
        "US10248886B2",
        "JP6183168B2",
        "TWI510927B",
        "DE102013113053B4",
        "US9451434B2",
        "US9234757B2",
        "US9499139B2",
        "US20150172426A1",
        "US9520730B2",
        "US9696740B2",
        "US9828011B2",
        "US10147441B1",
        "US10641627B2",
        "US9608904B2",
        "US9507417B2",
        "DE102014200226A1",
        "KR102138075B1",
        "US20150198941A1",
        "US9767868B2",
        "KR20150088621A",
        "US20150213265A1",
        "US11245285B2",
        "US10361585B2",
        "US10211004B2",
        "US9619105B1",
        "US9584730B2",
        "WO2015118132A1",
        "FR3017454B1",
        "TWI531197B",
        "WO2015127207A1",
        "AU2015227341B2",
        "US9446678B2",
        "US9533597B2",
        "US10574474B2",
        "PL3114884T3",
        "WO2015134755A2",
        "JP2017507341A",
        "DE102014204577B4",
        "US10637681B2",
        "CN103889115A",
        "WO2015142723A1",
        "US9100339B1",
        "US9941570B2",
        "US9847291B2",
        "DE102014105075A1",
        "US9592742B1",
        "US20150297121A1",
        "US10124246B2",
        "US10372092B2",
        "EP3134850B1",
        "US9841210B2",
        "US10455048B2",
        "CN105100004A",
        "US10149141B1",
        "US10833893B2",
        "US10687231B1",
        "US9756511B1",
        "US10652767B1",
        "US9876653B1",
        "US11150114B1",
        "US10453023B2",
        "ES2552604B1",
        "US9696360B2",
        "US10670293B2",
        "US11323367B2",
        "JP2016012795A",
        "CN105993183B",
        "US20160006272A1",
        "US10203267B2",
        "WO2016000244A1",
        "US10234835B2",
        "US9933804B2",
        "US20160011617A1",
        "US10200203B2",
        "US20160352204A1",
        "CN106797406B",
        "JP6408832B2",
        "CN105874839B",
        "US9732977B2",
        "US10291292B2",
        "JP6336864B2",
        "RU2572455C1",
        "US9590701B2",
        "US10628186B2",
        "US10740746B2",
        "EP2995818B1",
        "CN104302016A",
        "TW201613334A",
        "US10106106B2",
        "US11428724B2",
        "US9196432B1",
        "US10356649B2",
        "US9420620B2",
        "JP2016074248A",
        "US9942229B2",
        "US9853863B1",
        "CN105573151A",
        "US20160109322A1",
        "US10057079B2",
        "JP6457778B2",
        "US10362391B2",
        "KR102330380B1",
        "JP6452386B2",
        "GB2531787A",
        "US10512195B2",
        "US11437204B2",
        "US10001293B2",
        "US9826338B2",
        "EP3221717A4",
        "US9243440B1",
        "CN104378448B",
        "US9704266B2",
        "US10062411B2",
        "US10116474B2",
        "GB2533137A",
        "EP3242729A4",
        "US20180332687A1",
        "US10560894B2",
        "SG11201705436QA",
        "US10613046B2",
        "US20160245686A1",
        "US10599982B2",
        "US10481195B2",
        "US20160245279A1",
        "US20160313216A1",
        "US10648735B2",
        "US10638295B2",
        "CN104684212B",
        "US10009965B2",
        "US11064570B2",
        "US9958948B2",
        "US10204505B2",
        "US11238397B2",
        "US9680324B2",
        "US10742938B2",
        "DE102015003219A1",
        "US20200082679A1",
        "US10416143B2",
        "US10295390B2",
        "US10838882B2",
        "US9747236B2",
        "US9787400B2",
        "US9632554B2",
        "US10270660B2",
        "US9856869B2",
        "US10317099B2",
        "US9522687B2",
        "US10580265B2",
        "JP2016206484A",
        "US9954363B2",
        "EP3289430B1",
        "US11582047B2",
        "US10028498B2",
        "US9756116B2",
        "US9924245B2",
        "US10489055B2",
        "CA2984106C",
        "US11641452B2",
        "US10067490B2",
        "US11057446B2",
        "US20160342800A1",
        "CN104808370B",
        "US9823289B2",
        "US20160364967A1",
        "US9694766B2",
        "US10690641B2",
        "US10131362B1",
        "US11080628B2",
        "US9893975B2",
        "US20160381532A1",
        "US20220385791A1",
        "US11457182B1",
        "US10268781B2",
        "KR102362654B1",
        "US10305744B2",
        "US10191024B2",
        "US10057388B2",
        "US20180220237A1",
        "DE102015112431B4",
        "US10262473B2",
        "US10074184B2",
        "US20170048953A1",
        "US10107675B2",
        "US10163350B1",
        "US10172136B1",
        "US11710321B2",
        "US10070661B2",
        "US10598648B2",
        "US11243190B2",
        "US9541537B1",
        "US10969316B2",
        "US10107785B2",
        "WO2017053956A1",
        "US20180263495A1",
        "US10002471B2",
        "US10902524B2",
        "US11436911B2",
        "KR102380322B1",
        "US20170091867A1",
        "US11151654B2",
        "KR101717967B1",
        "US10461951B2",
        "CN108141648B",
        "KR101644918B1",
        "FR3042888A1",
        "US9615149B1",
        "US11190577B2",
        "US20200396098A1",
        "US20190158724A1",
        "US9883411B2",
        "US10187402B2",
        "US9979478B2",
        "US10366183B2",
        "SE541941C2",
        "DE102015015697A1",
        "JP6500765B2",
        "US10183552B2",
        "AU2016371209A1",
        "SG11201805215UA",
        "TW201724915A",
        "US9848035B2",
        "KR101607221B1",
        "US20170194807A1",
        "CN105677034A",
        "US20170202059A1",
        "US11720085B2",
        "US20170211285A1",
        "KR101803806B1",
        "US9797725B2",
        "CN108697423A",
        "WO2017141759A1",
        "US10609567B2",
        "US10929327B1",
        "WO2017147612A1",
        "US10069319B2",
        "JP6957496B2",
        "US9645577B1",
        "US10118696B1",
        "US9779627B1",
        "US20170284690A1",
        "US10298540B2",
        "US10885763B2",
        "US10725279B2",
        "US20170293311A1",
        "MY181922A",
        "ITUA20162704A1",
        "CA3021862A1",
        "US10279825B2",
        "US9918232B2",
        "US11162702B2",
        "JP6226021B2",
        "US10295972B2",
        "US10552914B2",
        "TWM526712U",
        "JP6792959B2",
        "TWI660878B",
        "US11087249B2",
        "US9803412B1",
        "US10810676B2",
        "US10352578B2",
        "US20170356870A1",
        "US10607147B2",
        "US10558228B1",
        "US20180308045A1",
        "US10044595B1",
        "US10162733B2",
        "US11570098B2",
        "US10841222B2",
        "US10132553B2",
        "US11665009B2",
        "WO2018011639A1",
        "US10205787B2",
        "US10599511B2",
        "US10609878B2",
        "US10585011B2",
        "DE102016113214A1",
        "CN106255169B",
        "SE542673C2",
        "WO2018022882A1",
        "US10250418B2",
        "US20180052437A1",
        "GB2553108B",
        "CN106355140B",
        "US10798780B2",
        "US10771361B2",
        "WO2018041346A1",
        "CN106405881B",
        "WO2018044988A1",
        "US10003396B2",
        "US10650621B1",
        "DE102016217637A1",
        "US11260749B2",
        "JP6448878B2",
        "CN106656826A",
        "US10704800B2",
        "US10499457B2",
        "US9858817B1",
        "US10447050B2",
        "TWI699639B",
        "DE102016220554A1",
        "US10040464B2",
        "TWI604744B",
        "US10474112B2",
        "CN108665933B",
        "US10481563B2",
        "US20180122161A1",
        "WO2018089800A1",
        "US10379435B2",
        "CN106790349A",
        "CN107040522B",
        "US10735838B2",
        "US10726640B2",
        "KR102466737B1",
        "US10033516B2",
        "US10129758B2",
        "US10573291B2",
        "CN108616148A",
        "US10051435B2",
        "US10634111B2",
        "FR3060890B1",
        "US10496566B2",
        "KR101838143B1",
        "US10094138B2",
        "US10139834B2",
        "WO2018142257A1",
        "BR112019016310A2",
        "EP3361232A1",
        "CN106879049A",
        "US10163084B2",
        "US10087572B2",
        "US10147326B2",
        "US10645080B2",
        "CN110419024A",
        "US10086953B1",
        "CN108621813A",
        "DE102017205033A1",
        "WO2018173295A1",
        "DE102017106777A1",
        "WO2018183870A1",
        "US10756924B2",
        "US11462949B2",
        "US10502642B2",
        "US10557758B2",
        "CN107197537A",
        "CN107040465B",
        "US10240723B2",
        "US10426675B1",
        "US10359771B2",
        "FR3067535B1",
        "US10796585B2",
        "PL3416337T3",
        "KR102355092B1",
        "JP6779835B2",
        "EP3415137A1",
        "US11239823B1",
        "US11101786B1",
        "JP6888437B2",
        "US10826357B2",
        "DE102017115517A1",
        "DE102017115887A1",
        "US11082408B2",
        "CN107566344B",
        "US11757664B2",
        "JP6834842B2",
        "US11375351B2",
        "CN107798334B",
        "US10462225B2",
        "US20190065973A1",
        "US11190374B2",
        "EP3767494B1",
        "CN108575020A",
        "US20200294401A1",
        "KR101793209B1",
        "US10351260B2",
        "US10684037B2",
        "WO2019077649A1",
        "DE102017219056A1",
        "US10686623B2",
        "US20190045361A1",
        "CN107864469B",
        "US10925222B2",
        "US11380749B2",
        "US11510097B2",
        "US10616121B2",
        "CN107701483A",
        "US10966073B2",
        "US10776239B2",
        "EP3718073A4",
        "FR3074632B1",
        "US10592309B2",
        "EP3721653A4",
        "US10433194B2",
        "US10647329B2",
        "US10296269B1",
        "US10747487B2",
        "CA3028218A1",
        "US10921792B2",
        "CN108281970B",
        "US10692343B2",
        "GB201800028D0",
        "US10306428B1",
        "US11022971B2",
        "US11477663B2",
        "USD847864S1",
        "WO2019144255A1",
        "CN107976914A",
        "US10944669B1",
        "US10921360B2",
        "US10698992B2",
        "US10713935B2",
        "TWI669677B",
        "JP7130393B2",
        "US11514371B2",
        "DE102018203969A1",
        "US11712637B1",
        "US10868991B2",
        "DE112019001033T5",
        "JP2019184452A",
        "US11716558B2",
        "JP2021513182A",
        "DE102018110101A1",
        "US11115141B2",
        "US11108842B2",
        "DE102018206934A1",
        "US10819276B1",
        "CN108536170B",
        "EP3756343A4",
        "DE102019113017B4",
        "US11326812B2",
        "DE102018210201A1",
        "US10756926B2",
        "US10710741B2",
        "US10764113B2",
        "CN108882108B",
        "WO2020012241A1",
        "US10705511B2",
        "US10925805B2",
        "WO2020023019A1",
        "JP7157018B2",
        "ES2948813T3",
        "US11032111B2",
        "US11054875B2",
        "CN112673577B",
        "CN109085201B",
        "EP3853736A4",
        "CN109218674B",
        "CN110958125A",
        "US11463757B2",
        "US11423551B1",
        "EP3867136A4",
        "US10990261B2",
        "CN109362066B",
        "DE102018218927A1",
        "US20200153926A1",
        "US11032370B2",
        "JP7081452B2",
        "EP3884612A4",
        "KR102090620B1",
        "CN109309594B",
        "EP3891066A4",
        "EP3891067A4",
        "CN109490864B",
        "WO2020132332A1",
        "JP6887577B2",
        "CN109818779A",
        "CN109905192A",
        "US10862578B2",
        "US10931325B2",
        "WO2020147917A1",
        "CN109682375B",
        "CN109819216A",
        "US11018779B2",
        "US11376981B2",
        "EP3888346A4",
        "WO2020174460A2",
        "US10934729B2",
        "CA3128973A1",
        "FR3093879B1",
        "US10985951B2",
        "JP2020154540A",
        "US11563420B1",
        "CN109962828B",
        "US11411922B2",
        "US11182800B2",
        "CN110009910B",
        "US11230384B2",
        "JP2022530619A",
        "CN110138844A",
        "EP3959127A4",
        "US11748297B2",
        "CN110085263B",
        "CN110109347A",
        "US11323435B2",
        "US11082454B1",
        "CN114900463A",
        "CN110126946A",
        "JP2020188951A",
        "JP2020195168A",
        "CN110067197B",
        "US11240061B2",
        "DE102019208098B3",
        "US10818169B1",
        "CN110289925B",
        "WO2020250171A1",
        "JP7116015B2",
        "CN114041305A",
        "US11082457B1",
        "US11374779B2",
        "RU2726595C1",
        "DE102019210223A1",
        "CN110365319B",
        "CN110365318B",
        "US11183052B2",
        "US11499545B2",
        "US11182222B2",
        "WO2021024146A1",
        "US11263884B2",
        "US11349264B2",
        "CN110366240B",
        "CN110659586B",
        "CN112805645B",
        "US11082270B1",
        "CN110428630B",
        "CN110578770B",
        "US11611446B2",
        "DE102020211900A1",
        "CN112379726A",
        "CN110686368B",
        "CN110602017B",
        "CN110649939B",
        "US10931115B1",
        "US11449403B2",
        "US11425102B2",
        "CN110740486B",
        "CN110798514B",
        "JP2021068781A",
        "GB2603397A",
        "FR3103560B1",
        "CN112860820A",
        "US11448521B2",
        "US10848567B1",
        "TWI713324B",
        "US11320462B2",
        "CN111021284B",
        "US11573303B2",
        "DE102019220465A1",
        "CN111142442B",
        "KR20210089292A",
        "CN111257872B",
        "US11316745B2",
        "US11012147B1",
        "DK180604B1",
        "US11470687B2",
        "US11373317B1",
        "TWI736142B",
        "ES2922322T3",
        "US11682280B2",
        "US11361601B2",
        "US20210306423A1",
        "US11399069B2",
        "WO2021207191A1",
        "CN111490829B",
        "US11651628B2",
        "RU199565U1",
        "JP2021176061A",
        "US11344020B1",
        "CN113691978B",
        "US11770155B2",
        "US11222186B2",
        "US11463491B2",
        "WO2021248116A1",
        "US11318902B2",
        "US11282213B1",
        "US11467034B2",
        "CN112449011B",
        "CN111739616B",
        "US11736838B2",
        "US11771406B2",
        "US11636870B2",
        "US11760170B2",
        "US11760169B2",
        "CN112087262A",
        "WO2022061211A1",
        "US11628734B2",
        "US11322182B1",
        "CN112288772B",
        "US20220123552A1",
        "CN112530198B",
        "CN112393866B",
        "CN112444365B",
        "WO2022133500A1",
        "US11604439B2",
        "KR20220095354A",
        "CN112650630B",
        "CN112634176B",
        "WO2022157658A2",
        "KR20230143609A",
        "US11363676B1",
        "KR102268085B1",
        "FI129858B",
        "CN113207210A",
        "US20220322994A1",
        "WO2022241563A1",
        "JP2023004267A",
        "US11277687B1",
        "WO2023007477A2",
        "CN113485274B",
        "CN215990972U",
        "CN113687097B",
        "CN113743808B",
        "TWI786829B",
        "CN113556119B",
        "CN113904996B",
        "TWI798864B",
        "US11758637B2",
        "US20230146275A1",
        "US11768728B2",
        "DE102022203392A1",
        "US11743552B1",
        "CN115131042B",
        "DE102022207686A1",
        "CN115263154B",
        "CN115051961B",
        "CN115309247B",
        "US11792895B1"
    ]
}