{
    "patent_id": "US-11010236-B2",
    "title": "Predicting system behavior using machine data ",
    "assignee": "Splunk Inc.",
    "publication_date": "2021-05-18",
    "patent_link": "https://patents.google.com/patent/US11010236B2/en",
    "inventors": [
        "Cary Glen Noel",
        "Kirubakaran Pakkirisamy",
        "Alex Raitz",
        "Pierre Tsai"
    ],
    "classifications": [
        "G06F11/079",
        "G06F11/0751",
        "G06F11/0709",
        "G06F11/0712",
        "G06F11/0721",
        "G06F11/0769",
        "G06F11/0787",
        "G06F9/542",
        "G06N5/022",
        "G06N5/048"
    ],
    "abstract": "Embodiments are directed towards the visualization of machine data received from computing clusters. Embodiments may enable improved analysis of computing cluster performance, error detection, troubleshooting, error prediction, or the like. Individual cluster nodes may generate machine data that includes information and data regarding the operation and status of the cluster node. The machine data is received from each cluster node for indexing by one or more indexing applications. The indexed machine data including the complete data set may be stored in one or more index stores. A visualization application enables a user to select one or more analysis lenses that may be used to generate visualizations of the machine data. The visualization application employs the analysis lens to produce visualizations of the computing cluster machine data.",
    "claims": "\n1. A method comprising:\nreceiving, by a computer system, machine data from one or more data sources;\nanalyzing, by the computer system, the machine data to identify a number of occurrences of a particular error condition in the machine data;\nidentifying, by the computer system, a first event pattern based upon the identification of the number of occurrences of the particular error condition;\nregistering, by the computer system, the first event pattern in response to identifying the first event pattern, to produce a registered event pattern;\ngenerating, by the computer system, a visualization representing one or more information technology systems that generated machine data associated with a second event pattern, based upon a determination that the second event pattern is the same as or similar to the registered event pattern;\ngenerating, by the computer system, a control tool within the visualization, wherein user interaction with the control tool triggers:\nretrieving events by searching for events surrounding the second event pattern; and replaying the retrieved events; and\ngenerating within the visualization a representation of the replaying of the retrieved events surrounding the second event pattern, wherein the control tool controls a time window for replaying the retrieved events;\npredicting a future occurrence of the registered event pattern or an event pattern similar to the registered event pattern based on an analysis of the registered event pattern; and\ndistributing an alert notification of the predicted future occurrence to one or more users.\n2. The method of claim 1, wherein the registered event pattern is specified by a user.\n3. The method of claim 1, wherein the analyzing the machine data uses scripts to analyze occurrences of the particular error condition.\n4. The method of claim 1, wherein the analyzing the machine data uses regular expressions to analyze occurrences of the particular error condition.\n5. The method of claim 1, further comprising:\nparsing the machine data to determine event boundaries within the machine data to generate a plurality of time stamped events.\n6. The method of claim 1, wherein the machine data includes log files.\n7. The method of claim 1, wherein the registered event pattern is represented in a heat map, and wherein the heat map indicates a metric for each data source of the one or more data sources.\n8. The method of claim 1, wherein the alert notification includes any of: an email, a text message, an audio user-interface alarm, or a visual user-interface alarm.\n9. One or more non-transitory computer-readable storage media, storing one or more sequences of instructions, execution of which by one or more processors causes performance of:\nreceiving machine data from one or more data sources;\nanalyzing the machine data to identify a number of occurrences of a particular error condition in the machine data;\nidentifying a first event pattern based upon the identification of the number of occurrences of the particular error condition;\nregistering the first event pattern in response to identifying the first event pattern, to produce a registered event pattern;\ngenerating a visualization representing one or more information technology systems that generated machine data associated with a second event pattern, based upon a determination that the second event pattern is the same as or similar to the registered event pattern;\ngenerating a control tool within the visualization, wherein user interaction with the control tool triggers:\nretrieving events by searching for events surrounding the second event pattern; and replaying the retrieved events; and\ngenerating within the visualization a representation of the replaying of the retrieved events surrounding the second event pattern, wherein the control tool controls a time window for replaying the retrieved events;\npredicting, by the computer system, a future occurrence of the registered event pattern or an event pattern similar to the registered event pattern based on an analysis of the registered event pattern; and\ndistributing, by the computer system, an alert notification of the predicted future occurrence to one or more users.\n10. The one or more non-transitory computer-readable storage claim 9, wherein the machine data includes log files.\n11. The one or more non-transitory computer-readable storage claim 9, wherein the alert notification includes any of: an email, a text message, an audio user-interface alarm, or a visual user-interface alarm.\n12. An apparatus comprising:\none or more processors; and\na memory storing instructions, execution of which by the one or more processors, causes the one or more processors to:\nreceiving machine data from one or more data sources;\nanalyzing the machine data to identify a number of occurrences of a particular error condition in the machine data;\nidentifying a first event pattern based upon the identification of the number of occurrences of the particular error condition;\nregistering the first event pattern in response to identifying the first event pattern, to produce a registered event pattern;\ngenerating a visualization representing one or more information technology systems that generated machine data associated with a second event pattern, based upon a determination that the second event pattern is the same as or similar to the registered event pattern;\ngenerating a control tool within the visualization, wherein user interaction with the control tool triggers:\nretrieving events by searching for events surrounding the second event pattern; and replaying the retrieved events; and\ngenerating within the visualization a representation of the replaying of the retrieved events surrounding the second event pattern, wherein the control tool controls a time window for replaying the retrieved events;\npredicting a future occurrence of the registered event pattern or an event pattern similar to the registered event pattern based on an analysis of the registered event pattern; and\ndistributing an alert notification of the predicted future occurrence to one or more users.\n13. The apparatus of claim 12, wherein the machine data includes log files.\n14. The apparatus of claim 12, wherein the alert notification includes any of: an email, a text message, an audio user-interface alarm, or a visual user-interface alarm.",
    "status": "Active",
    "citations_own": [
        "US20040220945A1",
        "US20050015624A1",
        "US20050235356A1",
        "US20070061611A1",
        "US20070250373A1",
        "US20080215546A1",
        "US20090193298A1",
        "US7784008B1",
        "US20120072578A1",
        "US20120131185A1",
        "US20120173477A1",
        "US20130169666A1",
        "US8527814B1",
        "US20130232151A1",
        "US8621287B1",
        "US20140074850A1",
        "US8799269B2",
        "US9154365B1"
    ],
    "citations_ftf": [
        "US20120137367A1"
    ],
    "citedby_own": [],
    "citedby_ftf": [
        "US9736065B2",
        "US9467494B1",
        "US8908698B2",
        "US11416325B2",
        "US10740692B2",
        "US10600002B2",
        "US9047181B2",
        "US20140122546A1",
        "US20140208214A1",
        "US9959190B2",
        "US9043439B2",
        "US8937619B2",
        "US8917274B2",
        "US10282426B1",
        "US9876730B1",
        "KR20150033453A",
        "US10491663B1",
        "KR101539619B1",
        "US11630585B1",
        "US10367827B2",
        "US9910860B2",
        "US11720599B1",
        "US9483162B2",
        "JP6474829B2",
        "US9857958B2",
        "US20150309908A1",
        "US9672165B1",
        "US10122605B2",
        "US10438701B2",
        "US9825878B2",
        "US10050862B2",
        "US10708342B2",
        "US10325212B1",
        "WO2016159957A1",
        "WO2016157822A1",
        "US9672125B2",
        "US10832224B2",
        "US10476982B2",
        "US9716755B2",
        "US11102298B1",
        "US9594678B1",
        "US9300660B1",
        "US11503031B1",
        "US9444822B1",
        "US10021170B2",
        "US9588691B2",
        "US9594512B1",
        "US10310740B2",
        "US10296236B2",
        "US10034201B2",
        "US9892071B2",
        "US9851762B1",
        "US10198194B2",
        "US11625181B1",
        "US11294588B1",
        "US11005682B2",
        "US10462136B2",
        "DE102015117949A1",
        "US11360844B1",
        "US10514978B1",
        "US9384082B1",
        "US10284232B2",
        "US10560483B2",
        "US9740414B2",
        "US10374868B2",
        "US10353777B2",
        "US10523657B2",
        "US10205677B2",
        "US10127128B2",
        "US11762764B1",
        "US9760479B2",
        "US10084703B2",
        "US10326836B2",
        "US10140328B2",
        "US11616834B2",
        "US10162835B2",
        "US11347697B1",
        "US10346043B2",
        "US9823818B1",
        "US10367914B2",
        "US9989960B2",
        "US9886314B2",
        "US10572460B2",
        "US9760297B2",
        "US10607150B2",
        "US9959043B2",
        "US10693705B2",
        "US10599646B2",
        "US11112990B1",
        "US9841921B2",
        "US9811264B1",
        "US10679142B2",
        "US10303390B1",
        "US20170315855A1",
        "US11231858B2",
        "US9507532B1",
        "US10129177B2",
        "US10187286B2",
        "US10917284B2",
        "US10691567B2",
        "US10067815B2",
        "US10659283B2",
        "US10432532B2",
        "US10452310B1",
        "US11706895B2",
        "US10263898B2",
        "US10382597B2",
        "US10459652B2",
        "US10474363B1",
        "US10789119B2",
        "US10963634B2",
        "US10567344B2",
        "US10331588B2",
        "US10671439B1",
        "US11531577B1",
        "US10146585B2",
        "US10908966B1",
        "US11481261B1",
        "US10235229B1",
        "US11269939B1",
        "US11294941B1",
        "US11567993B1",
        "US11250056B1",
        "US11562023B1",
        "US11550847B1",
        "US11620336B1",
        "US11222066B1",
        "US11106734B1",
        "US10042739B2",
        "US10523592B2",
        "US10007459B2",
        "US11379132B1",
        "US11620075B2",
        "US10162566B2",
        "US11044162B2",
        "US10198205B1",
        "US11461273B1",
        "US10326817B2",
        "US10489307B2",
        "US11307998B2",
        "US10334029B2",
        "US11340800B1",
        "US10503700B1",
        "US10552191B2",
        "US11163624B2",
        "US10320683B2",
        "US10671571B2",
        "US11105689B2",
        "US11442825B2",
        "US11803453B1",
        "US10503427B2",
        "US10521344B1",
        "US11675520B2",
        "US10454810B1",
        "US11169727B1",
        "US11089105B1",
        "US11005731B2",
        "US10459664B1",
        "US9910618B1",
        "US11592991B2",
        "US10613791B2",
        "US11340939B1",
        "US10552090B2",
        "US11016824B1",
        "US11609718B1",
        "US10417092B2",
        "US10789020B2",
        "US11422731B1",
        "US10884636B1",
        "US11210133B1",
        "US10853148B1",
        "US10382274B2",
        "US10439877B2",
        "US11561714B1",
        "US20190028909A1",
        "US10892940B2",
        "US10425288B2",
        "US10601693B2",
        "US10541866B2",
        "US11477280B1",
        "DE112018002626T5",
        "US10860618B2",
        "US11068121B2",
        "US10635565B2",
        "US10452444B1",
        "US10671434B1",
        "US11455168B1",
        "US11494692B1",
        "US10360214B2",
        "US10671494B1",
        "US10467107B1",
        "US10817392B1",
        "US10484174B1",
        "US10509581B1",
        "US11481362B2",
        "US10929226B1",
        "US10936238B2",
        "US10990282B1",
        "US11210158B2",
        "US10795598B1",
        "CN108182053A",
        "US11036677B1",
        "US10705882B2",
        "US11074272B1",
        "US10929031B2",
        "US10938696B2",
        "US11595474B2",
        "US10742486B2",
        "US10992533B1",
        "US10997180B2",
        "US10942650B1",
        "US10521151B1",
        "US11150834B1",
        "US10296258B1",
        "US10924548B1",
        "US10976962B2",
        "US11210009B1",
        "US10917471B1",
        "US11442669B1",
        "US11288138B1",
        "US11048590B1",
        "US11095706B1",
        "US11171950B1",
        "US10838833B1",
        "US10511534B2",
        "US11436344B1",
        "US11392553B1",
        "US10992598B2",
        "US11675503B1",
        "US11455409B2",
        "US10871922B2",
        "US10931611B2",
        "US10728361B2",
        "US10904322B2",
        "US10764266B2",
        "US11019083B2",
        "US10819571B2",
        "US11403000B1",
        "US11416298B1",
        "US11632360B1",
        "US11146564B1",
        "US10904342B2",
        "US11263544B2",
        "US11178018B2",
        "US10775976B1",
        "US10776441B1",
        "US10761813B1",
        "US10671302B1",
        "US10936585B1",
        "US10938641B1",
        "US11526405B1",
        "US11023179B2",
        "US11340837B1",
        "US10963189B1",
        "CN109657123B",
        "US11650749B1",
        "US11003369B1",
        "US10880166B2",
        "US11042452B1",
        "US11221778B1",
        "US11068162B1",
        "US11715051B1",
        "US11126364B2",
        "US11392555B2",
        "US11327676B1",
        "US11178245B2",
        "US11487715B1",
        "US11093139B1",
        "US11526408B2",
        "US11550514B2",
        "CN110472690B",
        "US11086553B1",
        "US11693713B1",
        "US11526391B2",
        "US11625416B1",
        "US11797569B2",
        "US11573864B1",
        "US11669386B1",
        "US11531487B1",
        "US11709636B1",
        "US11733901B1",
        "US11720497B1",
        "WO2021154320A1",
        "US11637896B1",
        "US11436072B2",
        "US11586983B2",
        "US11321006B1",
        "US11301152B1",
        "US11630598B1",
        "US11494267B2",
        "US11614923B2",
        "US11431488B1",
        "US11349917B2",
        "US11442652B1",
        "US11057275B1",
        "US11397545B1",
        "US11650995B2",
        "US11687487B1",
        "US11321781B1",
        "US11663219B1",
        "US20220365827A1",
        "US11714723B2",
        "US20230214302A1",
        "US11797166B2"
    ]
}