{
    "patent_id": "US-11568285-B2",
    "title": "Systems and methods for identification and management of compliance-related information associated with enterprise it networks ",
    "assignee": "Canopy Software Inc.",
    "publication_date": "2023-01-31",
    "patent_link": "https://patents.google.com/patent/US11568285B2/en",
    "inventors": [
        "Oran SEARS",
        "Ralph NICKL"
    ],
    "classifications": [
        "H04L63/1425",
        "G06N5/04",
        "G06F16/908",
        "G06F21/552",
        "G06F40/216",
        "G06F40/295",
        "G06F40/30",
        "G06N20/00",
        "H04L63/14",
        "H04W12/02",
        "G06F21/6245",
        "G06N3/045"
    ],
    "abstract": "Various examples are provided related to identification of protected information elements associated with unique entities in data files present in data file collections associated with enterprise IT networks. The unique entities can be associated with one or more entity identifications in one or more data files. Computer-generated identification of entity identifications and protected information elements can be conducted, in part, by at least some human review. Information generated accordingly to the disclosed methodology can be used to generate plans for a time and number of human reviewers needed to review data files. Information generated from the processes herein can be configured as user notifications, reports, dashboards, machine learning for subsequent data file analyses, and notifications of unique entities having protected information elements present in one or more data files.",
    "claims": "\n1. A method of identifying protected information elements associated with unique entities in data file collections comprising:\na. receiving, by a computer, a first data file collection comprising a plurality of data files stored on or associated with an enterprise IT network, wherein;\ni. the first data file collection includes the plurality of data files comprising structured, unstructured, and semi-structured file types; and\nii. at least a portion of the plurality of data files comprises one or more protected information elements associated with one or more unique entities having one or more entity identifications;\nb. analyzing, by the computer, the plurality of data files to identify a presence of protected information elements;\nc. generating, by the computer, information about the first data file collection comprising:\ni. a count of data files;\nii. a listing of data file types;\niii. a listing of protected information element types in the plurality of data files;\niv. a count of protected information element types;\nv. a count of protected information elements in the plurality of data files;\nvi. a count of protected information elements in each data file;\nvii. a count of protected information elements per each data file type;\nviii. a count of data files including at least one protected information element; and\nix. an entity count, wherein the entity count includes more than one entity identification associated with some unique entities; and\nd. configuring, by the computer, the generated information about the first data file collection for use in machine learning information for use in evaluating additional data file collections;\ne. generating, by the computer, a second data file collection comprising each first collection data file identified by the computer as including one or more protected information elements;\nf. configuring, by the computer, a plurality of identified data files in the second data file collection for display and selection on a user device;\ng. displaying, by the computer, one or more of the plurality of identified data files on the user device;\nh. analyzing, by a human reviewer, the one or more displayed data files to confirm computer identification of the one or more protected information elements in each of the one or more displayed data files, wherein:\ni. if the human reviewer confirms that the one or more protected information elements are not present in the displayed data file, the method further comprises:\n1. electing, by the human reviewer, that displayed data file for removal from the second data file collection; and\n2. removing, by the computer, that displayed data file from the second data file collection; or\nii. if the human reviewer confirms that the one or more protected information elements are present in the displayed data file, the method further comprises:\n1. selecting, by the human reviewer, that displayed data file to remain in the second data file collection; and\n2. linking, by either or both the human reviewer or the computer, each of the one or more protected information elements with a unique entity having one or more entity identifications; and\ni. recording, by the computer, information associated with the human reviewer's actions; and\nj. incorporating, by the computer, information derived from the human reviewer's actions into the machine learning information for use in subsequent data file analyses.\n1. electing, by the human reviewer, that displayed data file for removal from the second data file collection; and\n2. removing, by the computer, that displayed data file from the second data file collection; or\n1. selecting, by the human reviewer, that displayed data file to remain in the second data file collection; and\n2. linking, by either or both the human reviewer or the computer, each of the one or more protected information elements with a unique entity having one or more entity identifications; and\n2. The method of claim 1 further comprising generating a data file review plan associated with human review of at least a portion of the plurality of data files in the first data file collection for identification, by one or more human reviewers, of protected information element types associated with the one or more unique entities having one or more entity identifications.\n3. The method of claim 1, wherein the generated information about the first data file collection is configured for use in a dashboard, and wherein the dashboard is configured for display of at least the following generated information on a user device:\na. the count of data files;\nb. the listing of data file types;\nc. the listing of protected information element types in the plurality of data files;\nd. the count of protected information element types;\ne. the count of protected information elements;\nf. the count of protected information elements in each data file;\ng. the count of protected information elements per each data file type;\nh. the count of data files including at least one protected information element; and\ni. the entity count.\n4. The method of claim 1, further comprising:\na. identifying, by the computer, additional data files in either or both of the first and second data file collections having a presence of:\ni. one or more protected information elements associated with one or more unique entities having one or more entity identifications; or\nii. one or more entity identifications associated with a unique entity;\nb. determining, by the computer or by the human reviewer, whether one or more identified protected information elements or one or more entity identifications are associated with a unique entity;\nc. generating, by the computer, data file linkage information for each protected information element determined to be associated with a unique entity; and\nd. configuring, by the computer, the data file linkage information for use in one or more of:\ni. a user notification;\nii. a report;\niii. a dashboard; or\niv. the machine learning information for use in subsequent data file analyses.\n5. The method of claim 1, wherein the first and second data file collections include data files comprising tabular data associated with a plurality of unique entities having one or more entity identifications, and the method further comprises:\na. identifying, by the computer, a first data file comprising tabular data having one or more rows or columns including either or both of one or more protected information elements and one or more entity identifications associated with a unique entity;\nb. configuring, by the computer, the first data file for display and selection on the user device;\nc. displaying, by the computer, the first data file on the user device;\nd. identifying, by the human reviewer, one or more columns or rows on the displayed first data file as corresponding to a protected information element type or an entity identification;\ne. generating, by the computer, linkage information for the protected information element type and a corresponding entity identification;\nf. recording, by the computer, information derived from the human reviewer's actions in:\ni. identifying the protected information element type;\nii. identifying the entity identification; and\niii. generating the linkage information; and\ng. incorporating, by the computer, the recorded information into the machine learning information for use in subsequent data file analyses.\n6. The method of claim 1, wherein a plurality of entity identifications for a unique entity are present in at least a portion of the data files of the first and second data file collections and the method further comprises performing, by the computer, an entity resolution step, thereby generating resolved unique entity identifications for at least a portion of the unique entities in the first and second data file collections.\n7. The method of claim 6, wherein each resolved unique entity identification is linked to one or more protected information elements, and wherein linkage information for the resolved unique entity identification and the one or more protected information elements is configured for use in one or more of:\na. a user notification;\nb. a report;\nc. a dashboard;\nd. the machine learning information for use in subsequent data file analyses; or\ne. a notification to a unique entity having one or more protected information elements present in one or more data files in the first or second data file collections.\n8. The method of claim 1, wherein the generated information about the first data file collection is derived from analysis, by the computer, of the enterprise IT network after receipt of a notification of a data breach event.\n9. The method of claim 1, wherein at least a portion of the one or more protected information elements is associated with one or more compliance-related activities defined by one or more of laws, regulations, policies, procedures, and contractual obligations associated with the protected information elements.\n10. A method of analyzing a collection of data files in data file collections for the presence of protected information elements associated with unique entities comprising:\na. receiving, by a computer, a first data file collection comprising a plurality of data files stored on or associated with an enterprise IT network, wherein:\ni. the first data file collection includes the plurality of data files comprising structured, unstructured, and semi-structured file types; and\nii at least a portion of the plurality of data files comprise one or more protected information elements associated with one or more unique entities having one or more entity identifications;\nb. analyzing, by the computer, the plurality of data files in the first data file collection for a presence of protected information elements;\nc. generating, by the computer, information about the first data file collection comprising:\ni. a count of data files;\nii. a listing of data file types;\niii. a listing of protected information element types in the plurality of data files;\niv. a count of protected information element types;\nv. a count of protected information elements in the plurality of data files;\nvi a count of protected information elements in each data file;\nvii a count of protected information elements per each data file type;\nviii a count of data files including at least one protected information element; and\nix. an entity count, wherein the entity count includes more than one entity identification associated with some unique entities; and\nd. generating, by the computer, a data file review plan associated with human review of at least a portion of the plurality of data files in the first data file collection for identification, by one or more human reviewers, of a presence of one or more protected information element types associated with the one or more unique entities having one or more entity identifications; and\ne. configuring, by the computer, the data file review plan for use in one or more of:\ni. a user notification;\nii. a report;\niii. a dashboard; or\niv. machine learning information for use in data file analysis,\n1. selecting, by the human reviewer, that displayed data file for removal from the second data file collection; and\n2. removing, by the computer, that displayed data file from the second data file collection; or\n1. selecting, by the human reviewer, that displayed data file to remain in the second data file collection; and\n2. linking, by either or both the human reviewer or the computer, each of the one or more protected information elements with a unique entity having one or more entity identifications; and\n11. The method of claim 10 wherein the one or more displayed data files are derived from the plurality of determined data files by a filtering process in which a data file comprising a larger number of protected information elements is selected for display prior to a data file comprising a fewer number of protected information elements.\n12. The method of claim 10 wherein the one or more displayed data files are derived from the plurality of determined data files by a filtering step in which a data file is selected for display according to a generated probability that the computer's determination about the presence of the one or more protected information elements is a correct identification of the presence of the one or more protected information elements.\n13. The method of claim 10 wherein linkage information for the linked protected information and unique entity is generated by the human reviewer and the method further comprises:\na. analyzing, by the computer, each of the first and second data file collections to determine the presence of additional data files including one or more protected information elements associated with the unique entity; and\nb. when a determination is made that an additional data file includes one or more protected information elements associated with the unique entity, linking, by the computer or the human reviewer, the one or more protected information elements in that data file with the unique entity.\n14. The method of claim 10, wherein a plurality of entity identifications for a unique entity are present in at least a portion of the data files of the first and second data file collections and the method further comprises performing, by the computer, an entity resolution step, wherein the entity resolution step comprises combining a plurality of entity identifications with a unique entity, thereby generating resolved entity identifications for at least a portion of the unique entities in the data files.\n15. The method of claim 14 further comprising:\na. generating, by the computer, a confidence level that a resolved entity identification for a unique entity correctly resolves the plurality of entity identifications to that unique entity and, if the generated confidence level is below a threshold level, configuring one or more resolved data files linked with the unique entity for display and selection on the user device;\nb. displaying, by the computer, at least a portion of the resolved data files on the user device;\nc. confirming, by the human reviewer, that the computer-generated entity resolution correctly assigned each of the plurality of entity identifications to the unique entity, wherein:\ni. if the human reviewer confirms that the computer-generated entity resolution correctly assigned each of the plurality of entity identifications to the unique entity, maintaining the previously generated resolved entity identification; and\nii. if the human reviewer does not confirm that the computer-generated entity resolution correctly assigned each of the plurality of entity identifications to the unique entity, removing each incorrect resolved entity identification; and\nd. recording, by the computer, information associated with the human reviewer's entity resolution confirmation actions for use in subsequent data file analyses.\n16. The method of claim 14, wherein each resolved entity identification is linked to one or more protected information elements, and wherein linkage information for the resolved entity identification and one or more protected information elements is configured for use in one or more of:\na. the user notification;\nb. the report;\nc. the dashboard;\nd. the machine learning information for use in subsequent data file analyses; or\ne. a notification to a unique entity having one or more protected information elements present in one or more data files in the first or second data file collections.\n17. The method of claim 10, wherein the first and second data file collections include data files comprising tabular data associated with a plurality of unique entities having one or more entity identifications, and the method further comprises:\na. identifying, by the computer, a first data file comprising tabular data having one or more rows or columns including either or both of one or more protected information elements and one or more entity identifications associated with a unique entity;\nb. configuring, by the computer, the first data file for display and selection on the user device;\nc. displaying, by the computer, the first data file on the user device;\nd. identifying, by the human reviewer, one or more columns or rows on the displayed first data file as corresponding to a protected information element type or an entity identification;\ne. generating, by the computer, linkage information for the protected information element type and a corresponding entity identification;\nf. recording, by the computer, information derived from the human reviewer's actions in:\ni. identifying the protected information element type;\nii. identifying the entity identification; and\niii. generating the generated linkage information; and\ng. incorporating, by the computer, the recorded information into the machine learning information for use in subsequent data file analyses.\n18. The method of claim 10, wherein the first data file collection is derived from analysis of the enterprise IT network after receipt of a notification of a data breach event.\n19. The method of claim 10, wherein at least a portion of the one or more protected information elements is associated with one or more compliance-related activities defined by one or more of laws, regulations, policies, procedures, and contractual obligations associated with the protected information elements.\n20. The method of claim 10, wherein the subsequent data file analyses of a data file collection of interest comprises analysis of one or more of:\na. the first data file collection derived from the enterprise IT network;\nb. the second data file collection;\nc. a third data file collection derived from a bulk data file collection stored on or associated with the enterprise IT network; or\nd. a fourth data file collection derived from a bulk data file collection stored on or associated with a second enterprise IT network that is different from the enterprise IT network.",
    "status": "Active",
    "citations_own": [
        "JP2006023865A",
        "JP2006209649A",
        "US20090015877A1",
        "US7885944B1",
        "US20110093471A1",
        "US20140089039A1",
        "US20140142988A1",
        "US20140165137A1",
        "US20140258294A1",
        "US20140298470A1",
        "US20140320888A1",
        "US8953189B1",
        "US9158785B1",
        "US20160110352A1",
        "US20160224904A1",
        "US20160224582A1",
        "US9569528B2",
        "TW201723916A",
        "US20170193249A1",
        "US20170206376A1",
        "US20170337379A1",
        "US20180067932A1",
        "US20180232528A1",
        "KR101910592B1",
        "US20190044978A1",
        "CN109582861A",
        "US20190108594A1",
        "US20190213354A1",
        "US20190332784A1",
        "US20190370494A1",
        "US10706843B1",
        "US20200226182A1",
        "US10861116B1",
        "US20210065046A1",
        "US11144669B1",
        "US20210377423A1",
        "US11297024B1"
    ],
    "citations_ftf": [],
    "citedby_own": [
        "US20220391925A1"
    ],
    "citedby_ftf": [
        "US11244367B2",
        "US20220164840A1",
        "US11544667B2",
        "US10606916B2",
        "US11222142B2",
        "US11336697B2",
        "US11354435B2",
        "US11200341B2",
        "US11294939B2",
        "US11210420B2",
        "US11416589B2",
        "US11651104B2",
        "US11651106B2",
        "US10909265B2",
        "US11138299B2",
        "US10783256B2",
        "US11341447B2",
        "US10839102B2",
        "US10318761B2",
        "US10282559B2",
        "US10169609B1",
        "US11461500B2",
        "US11392720B2",
        "US10607028B2",
        "US10284604B2",
        "US11403377B2",
        "US10944725B2",
        "US11625502B2",
        "US10909488B2",
        "US11144622B2",
        "US11222309B2",
        "US11416109B2",
        "US11277448B2",
        "US11328092B2",
        "US11727141B2",
        "US10949565B2",
        "US11222139B2",
        "US11675929B2",
        "US11562097B2",
        "US11354434B2",
        "US11227247B2",
        "US11151233B2",
        "US10592648B2",
        "US11520928B2",
        "US10878127B2",
        "US11366909B2",
        "US11134086B2",
        "US11188615B2",
        "US11418492B2",
        "US11343284B2",
        "US11416590B2",
        "US11146566B2",
        "US11157600B2",
        "US11366786B2",
        "US10896394B2",
        "US11481710B2",
        "US11138242B2",
        "US10510031B2",
        "US11238390B2",
        "US10846433B2",
        "US11586700B2",
        "US11416798B2",
        "US11295316B2",
        "US10685140B2",
        "US11188862B2",
        "US10678945B2",
        "US10740487B2",
        "US11636171B2",
        "US11410106B2",
        "US10467432B2",
        "US11301796B2",
        "US11438386B2",
        "US11228620B2",
        "US11475136B2",
        "US10013577B1",
        "US11144675B2",
        "US10803202B2",
        "US11544409B2",
        "US11468385B2",
        "US11575677B2",
        "US11537602B2",
        "WO2022011142A1",
        "US11444976B2",
        "US20230289376A1",
        "US11436373B2",
        "US20230334158A1",
        "WO2022099023A1",
        "US20220188413A1",
        "WO2022159901A1",
        "US11442906B2",
        "WO2022170254A1",
        "US11601464B2",
        "WO2022178089A1",
        "US11546661B2",
        "WO2022192269A1",
        "US11562078B2",
        "US11620142B1"
    ]
}