{
    "patent_id": "US-11357502-B2",
    "title": "Surgical stapling device with independent tip rotation ",
    "assignee": "Covidien Lp",
    "publication_date": "2022-06-14",
    "patent_link": "https://patents.google.com/patent/US11357502B2/en",
    "inventors": [
        "David C. Racenet",
        "Ralph A. Stearns",
        "Philip C. Roy",
        "John W. Beardsley",
        "Lee A. Olson"
    ],
    "classifications": [
        "A61B17/068",
        "A61B17/07207",
        "A61B2017/07214",
        "A61B2017/07285",
        "A61B2017/2922",
        "A61B2017/2923",
        "A61B2017/2925",
        "A61B2017/2927",
        "A61B2017/2932",
        "A61B2017/2937",
        "A61B2017/2946"
    ],
    "abstract": "A surgical stapling device is disclosed which includes a handle assembly, an endoscopic body portion and a tool assembly. The tool assembly is rotatably and pivotally supported on a distal end of the endoscopic body portion. A tool assembly rotation mechanism is provided which includes a rotation knob, a substantially rigid tube and a flexible member interconnecting the rigid tube to the tool assembly. The substantially rigid tube translates rotation of the rotation knob to rotation of the flexible member and provides a channel for passage of other components of the surgical stapling device.",
    "claims": "\n1. A surgical device comprising:\nan elongate body portion having a proximal portion and a distal portion, the elongate body defining a first longitudinal axis;\na tool assembly supported on the distal portion of the elongate body portion and defining a second longitudinal axis, the tool assembly rotatable about the second longitudinal axis;\nan actuation member associated with the tool assembly;\na tool assembly rotation mechanism including a rigid tube and a flexible member, the rigid tube positioned within the body portion and having a proximal portion and a distal portion, the distal portion of the rigid tube operably connected to the tool assembly via the flexible member; and\na flexible firing cable operably connected to the actuation member, the flexible firing cable extending through the rigid tube and the flexible member of the tool assembly rotation mechanism.\n2. The surgical device of claim 1, further including a flexible retraction cable coupled to the actuation member, wherein the flexible firing cable is movable to move the actuation member in one direction along the second longitudinal axis and the flexible firing cable is movable to move the actuation member in a second opposite direction along the second longitudinal axis.\n3. The surgical device of claim 2, wherein the flexible retraction cable and the flexible firing cable both operate in tension.\n4. The surgical device of claim 3, further including a handle assembly having a stationary handle portion and an operating trigger, the operating trigger operably connected to the actuation member by the flexible retraction cable and the flexible firing cable.\n5. The surgical device of claim 4, wherein the elongate body portion is rotatable in relation to the handle assembly about the first longitudinal axis.\n6. The surgical device of claim 1, wherein the tool assembly is pivotally supported on the distal portion of the elongate body portion about an axis transverse to the first longitudinal axis.\n7. The surgical device of claim 1, wherein the flexible member includes a hollow bellows.\n8. The surgical device of claim 1, wherein the flexible member includes a coil spring.\n9. The surgical device of claim 1, wherein the tool assembly includes a cartridge assembly and an anvil assembly, the cartridge assembly including a plurality of staples, the anvil assembly movable in relation to the cartridge assembly between spaced and approximated positions.\n10. The surgical device according to claim 9, wherein the plurality of staples of the cartridge assembly are arranged in a plurality of linear rows.\n11. The surgical device according to claim 1, wherein the tool assembly rotation mechanism includes a first gear fixedly secured to the rigid tube.\n12. The surgical device of claim 11, wherein the tool assembly rotation mechanism includes a spacer tube and a second gear, the spacer tube positioned about the rigid tube and the second gear rotatably supported on the spacer tube in engagement with the first gear.\n13. The spacer device of claim 12, further comprising a rotation knob having an inner surface, the inner surface of the rotation knob having rotation knob gear teeth, the rotation knob gear teeth engaging with the second gear such that rotation of the rotation knob effects rotation of the second gear which in turn effects rotation of the rigid tube.\n14. A surgical device comprising:\na handle assembly;\nan elongate body portion having a proximal portion and a distal portion and defining a first longitudinal axis, the proximal portion of the elongate body portion coupled to the handle assembly such that the elongate body portion is rotatable in relation to the handle assembly about the first longitudinal axis;\na tool assembly defining a second longitudinal axis, the tool assembly rotatably and pivotally supported on the distal portion of the elongate body portion, the tool assembly being pivotal about a pivot axis that is substantially transverse to the first longitudinal axis of the body portion and rotatable about the second longitudinal axis;\nan actuation member operatively connected to the handle assembly and movable to actuate the tool assembly; and\na control mechanism coupled to the tool assembly and operable to effect rotation of the tool assembly in relation to the elongate body portion, the control mechanism including a hollow tube positioned within the body portion and a hollow bellows coupling the hollow tube to the tool assembly; and\na flexible firing cable operably connected to the actuation member, the flexible firing cable extending through the hollow tube and the hollow bellows of the tool assembly rotation mechanism.\n15. The surgical device of claim 14, wherein the tool assembly includes a cartridge assembly and an anvil, the cartridge assembly having a plurality of staples, the anvil assembly movable in relation to the cartridge assembly between spaced and approximated positions.\n16. The surgical device of claim 15, wherein the plurality of staples of the cartridge assembly is arranged in a plurality of linear rows.\n17. The surgical device of claim 16, further including a drive sled positioned adjacent to the actuation member, and a knife blade supported by the actuation member.",
    "status": "Active",
    "citations_own": [
        "US3079606A",
        "US3490675A",
        "GB1352554A",
        "DE2300307A1",
        "GB1452185A",
        "DE2744824A1",
        "SU659146A1",
        "GB1555455A",
        "SU728848A1",
        "DE2903159A1",
        "GB2048685A",
        "GB2070499A",
        "EP0041022A1",
        "DE3114135A1",
        "SU980703A1",
        "SU990220A1",
        "WO1983002247A1",
        "US4429695A",
        "FR2542188A1",
        "GB2141066A",
        "US4505414A",
        "EP0136950A2",
        "EP0140552A2",
        "EP0156774A2",
        "US4580712A",
        "GB2165559A",
        "US4589413A",
        "US4602634A",
        "US4608981A",
        "US4633874A",
        "US4633861A",
        "EP0213817A1",
        "EP0216532A1",
        "EP0220029A1",
        "US4671445A",
        "US4703887A",
        "US4784137A",
        "EP0324635A1",
        "EP0324637A1",
        "EP0324638A1",
        "EP0324166A2",
        "US4863088A",
        "WO1989010094A1",
        "US4892244A",
        "EP0365153A1",
        "EP0369324A1",
        "EP0380025A2",
        "EP0399701A1",
        "EP0449394A2",
        "FR2660851A1",
        "US5065929A",
        "US5074454A",
        "US5083695A",
        "US5111987A",
        "EP0484677A1",
        "EP0489436A1",
        "WO1992010976A1",
        "US5129570A",
        "US5141144A",
        "EP0503662A1",
        "DE4213426A1",
        "EP0514139A2",
        "US5170925A",
        "FR2681775A1",
        "EP0536903A2",
        "EP0537572A2",
        "EP0539762A1",
        "WO1993008754A1",
        "EP0545029A1",
        "EP0552050A2",
        "EP0552423A2",
        "WO1993014706A1",
        "EP0579038A1",
        "EP0589306A2",
        "EP0592244A2",
        "EP0592243A2",
        "EP0591946A1",
        "EP0593920A1",
        "US5307976A",
        "US5312023A",
        "EP0598202A1",
        "EP0598579A1",
        "US5318221A",
        "US5326013A",
        "US5332142A",
        "EP0621006A1",
        "EP0621009A1",
        "US5364002A",
        "US5364003A",
        "EP0625335A1",
        "US5376095A",
        "US5395033A",
        "US5397324A",
        "US5407293A",
        "US5415334A",
        "US5415335A",
        "EP0656188A2",
        "US5431323A",
        "US5433721A",
        "EP0666057A2",
        "US5447265A",
        "US5452837A",
        "US5464300A",
        "US5465895A",
        "US5467911A",
        "US5470007A",
        "US5470010A",
        "US5474566A",
        "US5478003A",
        "US5484451A",
        "US5487500A",
        "US5489058A",
        "EP0705570A1",
        "EP0705571A1",
        "US5529235A",
        "US5531744A",
        "US5549637A",
        "US5551622A",
        "US5553765A",
        "US5562682A",
        "US5564615A",
        "US5597107A",
        "US5624452A",
        "US5626587A",
        "US5628446A",
        "US5630540A",
        "US5632432A",
        "US5651491A",
        "US5653374A",
        "US5653721A",
        "US5657921A",
        "US5658300A",
        "US5662666A",
        "US5662662A",
        "US5673842A",
        "US5676674A",
        "US5690269A",
        "US5697542A",
        "US5704534A",
        "US5711472A",
        "US5713505A",
        "US5725536A",
        "US5735848A",
        "US5743456A",
        "US5749893A",
        "US5752644A",
        "US5762256A",
        "US5762255A",
        "US5782396A",
        "US5782397A",
        "US5797538A",
        "US5797537A",
        "US5810855A",
        "US5810811A",
        "US5820009A",
        "US5823066A",
        "US5833695A",
        "US5836147A",
        "US5862972A",
        "US5865361A",
        "US5901895A",
        "US6004335A",
        "US6010054A",
        "US6032849A",
        "US6109500A",
        "US6197017B1",
        "US6202914B1",
        "US6250532B1",
        "US6264087B1",
        "US6264086B1",
        "US6269977B1",
        "US6315183B1",
        "US6315184B1",
        "US6325810B1",
        "US6439446B1",
        "US6443973B1",
        "US6488196B1",
        "US6503257B2",
        "US6544274B2",
        "US6554844B2",
        "US6565554B1",
        "US6587750B2",
        "US6594552B1",
        "US6592597B2",
        "US6602252B2",
        "WO2004032762A1",
        "US20050006429A1",
        "US8424739B2"
    ],
    "citations_ftf": [
        "US5318023A",
        "US5254130A",
        "FR2696462B1",
        "DE4300307C2",
        "FR2742543B1",
        "FR2795301B1"
    ],
    "citedby_own": [],
    "citedby_ftf": [
        "US5782396A",
        "US5865361A",
        "US8241322B2",
        "US11229472B2",
        "US11134978B2",
        "US10285694B2",
        "US7464847B2",
        "EP2238917B1",
        "JP4448449B2",
        "ES2378036T3",
        "US20070084897A1",
        "US9060770B2",
        "EP1635713B1",
        "US10105140B2",
        "US8806973B2",
        "US10041822B2",
        "US8968276B2",
        "US11311291B2",
        "US10022123B2",
        "US9055943B2",
        "EP1677684B1",
        "US8182501B2",
        "US8905977B2",
        "US8215531B2",
        "WO2006015319A2",
        "US7925658B2",
        "US20060079877A1",
        "US9138226B2",
        "US7780055B2",
        "US11291443B2",
        "EP2799014B1",
        "US11246590B2",
        "US9237891B2",
        "US11484312B2",
        "US8800838B2",
        "US20070194079A1",
        "US10159482B2",
        "US7500979B2",
        "US7934630B2",
        "US7669746B2",
        "CA2563147C",
        "US20070191713A1",
        "US7673783B2",
        "US20070106317A1",
        "US7799039B2",
        "US7673780B2",
        "US7621930B2",
        "US8708213B2",
        "US8820603B2",
        "US20120292367A1",
        "US8161977B2",
        "US11793518B2",
        "US7845537B2",
        "US20110290856A1",
        "US11224427B2",
        "US7568603B2",
        "US7753904B2",
        "US20110024477A1",
        "US11278279B2",
        "US7770775B2",
        "US8763879B2",
        "US8186555B2",
        "US9861359B2",
        "US7644848B2",
        "US7766210B2",
        "US20110006101A1",
        "US20070225562A1",
        "US8992422B2",
        "US8721630B2",
        "EP2018248B1",
        "US8322455B2",
        "US7740159B2",
        "US7431189B2",
        "US10568652B2",
        "US10130359B2",
        "US8360297B2",
        "US8708210B2",
        "AU2013231039B2",
        "US7637410B2",
        "US8336751B2",
        "US7866525B2",
        "US7963431B2",
        "US7967178B2",
        "US7434716B2",
        "US8652120B2",
        "US11291441B2",
        "US7900805B2",
        "US7954682B2",
        "US7738971B2",
        "US7721931B2",
        "US8459520B2",
        "US7721936B2",
        "US8684253B2",
        "US20080169333A1",
        "US11039836B2",
        "US7753246B2",
        "US7950562B2",
        "US20090001130A1",
        "US8226675B2",
        "US8911460B2",
        "US8057498B2",
        "US8142461B2",
        "US8056787B2",
        "US7490749B2",
        "US8893946B2",
        "US8496153B2",
        "US7810693B2",
        "US7798386B2",
        "US8157145B2",
        "US20080296346A1",
        "US11564682B2",
        "US8534528B2",
        "US7905380B2",
        "US8931682B2",
        "US7832408B2",
        "US7819299B2",
        "US7731072B2",
        "BRPI0901515B8",
        "US7658311B2",
        "US8308040B2",
        "US7753245B2",
        "US8808319B2",
        "US8882791B2",
        "US8523889B2",
        "US9044261B2",
        "US8430898B2",
        "US8512365B2",
        "AU2013211471B2",
        "US8061576B2",
        "US9023014B2",
        "CN101801283B",
        "US10498269B2",
        "US10779818B2",
        "JP2010540186A",
        "US8517241B2",
        "US8636939B2",
        "US7954685B2",
        "US10010339B2",
        "EP2455006B1",
        "US7766209B2",
        "US8453908B2",
        "US8561870B2",
        "US8540133B2",
        "US8348129B2",
        "US7810692B2",
        "US7819298B2",
        "US8758391B2",
        "US8636736B2",
        "US9179912B2",
        "US8657174B2",
        "US8752749B2",
        "US7819296B2",
        "US7857185B2",
        "US8584919B2",
        "US8573465B2",
        "US7819297B2",
        "US7866527B2",
        "US7913891B2",
        "US8622274B2",
        "US7861906B2",
        "US8459525B2",
        "BRPI0901282A2",
        "US7793812B2",
        "US20090206126A1",
        "US9615826B2",
        "US7980443B2",
        "US11272927B2",
        "US20090206131A1",
        "US7959051B2",
        "US8608044B2",
        "US7922061B2",
        "US7789283B2",
        "US7942303B2",
        "US8701959B2",
        "US9089360B2",
        "US20100051668A1",
        "US8113405B2",
        "US20100069942A1",
        "US7837080B2",
        "US8083120B2",
        "US7832612B2",
        "US8215532B2",
        "US11648005B2",
        "US8210411B2",
        "US9005230B2",
        "US7988028B2",
        "US9050083B2",
        "US7896214B2",
        "US8628544B2",
        "US9386983B2",
        "US8608045B2",
        "US8020743B2",
        "US7918377B2",
        "US8397971B2",
        "US8414577B2",
        "US8485413B2",
        "US8517239B2",
        "US8444036B2",
        "EP2393430A1",
        "US8066167B2",
        "US8292154B2",
        "US8127976B2",
        "US9700339B2",
        "US8132706B2",
        "US8319400B2",
        "US8663220B2",
        "US8342378B2",
        "EP2287478B1",
        "US11090104B2",
        "USRE47996E1",
        "US10441345B2",
        "US9168054B2",
        "US10172669B2",
        "US9039695B2",
        "US8418907B2",
        "US20110114697A1",
        "US8136712B2",
        "US8851354B2",
        "US8220688B2",
        "US8267300B2",
        "US8561871B2",
        "US8714430B2",
        "US8608046B2",
        "US8469254B2",
        "US8579928B2",
        "US8469981B2",
        "US8961547B2",
        "US8951272B2",
        "US8486096B2",
        "US8348127B2",
        "US8834518B2",
        "GB2480498A",
        "US8795327B2",
        "US9192431B2",
        "US8783543B2",
        "US8789740B2",
        "US8801734B2",
        "US8360296B2",
        "US9289212B2",
        "US8632525B2",
        "US20130131651A1",
        "US9877720B2",
        "US9402682B2",
        "US8733613B2",
        "US9314246B2",
        "US8752699B2",
        "US8893949B2",
        "US9364233B2",
        "US11298125B2",
        "US9332974B2",
        "US9204880B2",
        "US9211120B2",
        "US9629814B2",
        "US9386988B2",
        "US9414838B2",
        "US9517063B2",
        "US9277919B2",
        "US9307989B2",
        "US20190290267A1",
        "US9220501B2",
        "US9113865B2",
        "US10945731B2",
        "US9566061B2",
        "US9055941B2",
        "JP5902180B2",
        "US8695866B2",
        "US8979890B2",
        "US8899461B2",
        "USD650074S1",
        "US8292150B2",
        "US8308041B2",
        "US8336754B2",
        "US8986287B2",
        "US8496157B2",
        "US8734478B2",
        "US8800841B2",
        "US8857693B2",
        "US8540131B2",
        "US8926598B2",
        "US9044229B2",
        "US8573463B2",
        "US9320519B1",
        "AU2012250197B2",
        "US11207064B2",
        "US9072535B2",
        "US9289209B2",
        "US9451959B2",
        "US9271728B2",
        "EP2727545B1",
        "US8763876B2",
        "US20130012958A1",
        "US9259265B2",
        "US9539007B2",
        "US9724095B2",
        "US9155537B2",
        "US9044243B2",
        "US8789739B2",
        "US9050084B2",
        "JP6234932B2",
        "US9016539B2",
        "US8899462B2",
        "US9492146B2",
        "US11207089B2",
        "US8672206B2",
        "US9480492B2",
        "EP2770921B1",
        "US9364231B2",
        "US8991678B2",
        "US8740036B2",
        "US10299815B2",
        "US8864010B2",
        "EP2811932B1",
        "US9044230B2",
        "US8979827B2",
        "US9078653B2",
        "JP6105041B2",
        "US9198662B2",
        "BR112014024102B1",
        "MX353040B",
        "US9241731B2",
        "US9237921B2",
        "US9724118B2",
        "US9439668B2",
        "US9226766B2",
        "US9526497B2",
        "US9868198B2",
        "US9597104B2",
        "US10080563B2",
        "US9101358B2",
        "US9364220B2",
        "US9289256B2",
        "US9119657B2",
        "US9028494B2",
        "BR112014032776B1",
        "JP6290201B2",
        "US9125662B2",
        "US9101385B2",
        "US20140001231A1",
        "US20140001234A1",
        "US9072536B2",
        "US20140005705A1",
        "US11202631B2",
        "US20140005718A1",
        "US8747238B2",
        "US9561038B2",
        "US9282974B2",
        "US9326788B2",
        "US9393037B2",
        "US9283045B2",
        "US9820768B2",
        "US9198714B2",
        "US9408622B2",
        "US9226767B2",
        "US9351754B2",
        "US20140005702A1",
        "US9232944B2",
        "US10492814B2",
        "US9839480B2",
        "US9402604B2",
        "US9700310B2",
        "IN2015DN02432A",
        "US9386985B2",
        "US9364217B2",
        "US9421014B2",
        "US9095367B2",
        "US10201365B2",
        "US20140135804A1",
        "WO2014106275A1",
        "US9522003B2",
        "US9782187B2",
        "US9345480B2",
        "US10918364B2",
        "US9386984B2",
        "US9421003B2",
        "US9216013B2",
        "US10092292B2",
        "RU2672520C2",
        "BR112015021082B1",
        "US9326767B2",
        "US10561432B2",
        "US9492189B2",
        "US9629628B2",
        "US20140263552A1",
        "US9668728B2",
        "US9717498B2",
        "US9814463B2",
        "US9629629B2",
        "US9872683B2",
        "US10226273B2",
        "US9351727B2",
        "US9241728B2",
        "ES2705050T3",
        "ES2863993T3",
        "US9510827B2",
        "US9332984B2",
        "US9572577B2",
        "US9795384B2",
        "US9700318B2",
        "US9775610B2",
        "US10136887B2",
        "BR112015026109B1",
        "US9687233B2",
        "US9574644B2",
        "US9801646B2",
        "US9445810B2",
        "US9797486B2",
        "RU2678363C2",
        "US9662108B2",
        "US9814514B2",
        "US20140171986A1",
        "US9955966B2",
        "US9962157B2",
        "US9974540B2",
        "WO2015065487A1",
        "CN105682570B",
        "EP3065645A4",
        "CA2926748A1",
        "US9295522B2",
        "US9265926B2",
        "US10236616B2",
        "ES2755485T3",
        "US10561417B2",
        "US9937626B2",
        "US10220522B2",
        "US9808245B2",
        "GB2521228A",
        "GB2521229A",
        "CN110179511B",
        "US9867613B2",
        "US20150173756A1",
        "US9839428B2",
        "US9681870B2",
        "US9968354B2",
        "US9642620B2",
        "US9724092B2",
        "WO2015096530A1",
        "US9795436B2",
        "US9839424B2",
        "US9655616B2",
        "US9962161B2",
        "US10226305B2",
        "US9848874B2",
        "US9301691B2",
        "CN106232029B",
        "US20140166726A1",
        "US9554854B2",
        "US9804618B2",
        "US9913642B2",
        "US9743929B2",
        "BR112016021943B1",
        "US10004497B2",
        "US10463421B2",
        "US10092310B2",
        "US10524852B1",
        "CA2944329C",
        "WO2015153340A2",
        "US9737355B2",
        "CN106132322B",
        "US9757126B2",
        "US9913680B2",
        "US20150297223A1",
        "BR112016023825B1",
        "US11185330B2",
        "US10206677B2",
        "JP6636452B2",
        "US9757186B2",
        "US10164466B2",
        "US9668733B2",
        "US10080552B2",
        "US9861366B2",
        "US10512461B2",
        "US9713466B2",
        "EP3566662B1",
        "US10045781B2",
        "US9693774B2",
        "US10292701B2",
        "US10163589B2",
        "US9987095B2",
        "US9763661B2",
        "US10561418B2",
        "US9839425B2",
        "US9700333B2",
        "US10285724B2",
        "US9877776B2",
        "US10194976B2",
        "US10194972B2",
        "US10004500B2",
        "US9788835B2",
        "US9724094B2",
        "US10470911B2",
        "BR112017004361B1",
        "US11311294B2",
        "JP6686004B2",
        "US10105142B2",
        "MX2017003960A",
        "US11523821B2",
        "CN106659528A",
        "US10603128B2",
        "US10076325B2",
        "US9924944B2",
        "US10226254B2",
        "US10729443B2",
        "US10085750B2",
        "US9949737B2",
        "US11141153B2",
        "US10517594B2",
        "US9844376B2",
        "US10639092B2",
        "US10736636B2",
        "US10085748B2",
        "BR112017012996B1",
        "US9987000B2",
        "US20190083090A1",
        "US9844375B2",
        "US10004501B2",
        "US10117649B2",
        "US9844374B2",
        "US10188385B2",
        "US10159524B2",
        "US10092348B2",
        "US9848937B2",
        "US10111699B2",
        "US10245095B2",
        "US10111665B2",
        "US10039545B2",
        "US10085749B2",
        "US10285698B2",
        "US10226250B2",
        "US11154301B2",
        "US10180463B2",
        "US10159483B2",
        "US10045776B2",
        "US9901342B2",
        "US10245033B2",
        "US9895148B2",
        "US10617412B2",
        "US9924961B2",
        "US10441279B2",
        "US9993248B2",
        "US10052044B2",
        "US10687806B2",
        "US9808246B2",
        "US10190888B2",
        "US10321950B2",
        "US10342602B2",
        "US9918717B2",
        "US10595929B2",
        "US10213201B2",
        "US10314638B2",
        "US10327779B2",
        "US10463368B2",
        "US11432902B2",
        "US10117702B2",
        "US10226239B2",
        "US10130410B2",
        "US11278286B2",
        "AU2016251639B2",
        "US9872725B2",
        "US10117650B2",
        "US10299789B2",
        "US10039532B2",
        "JP6420501B6",
        "CN107635481B",
        "US10172615B2",
        "US10349941B2",
        "US10034684B2",
        "US11020140B2",
        "US10154841B2",
        "US11051873B2",
        "US10357303B2",
        "US10034704B2",
        "US11129669B2",
        "US11141213B2",
        "US10898256B2",
        "US10154852B2",
        "US10548599B2",
        "US9987012B2",
        "US10751058B2",
        "US10064622B2",
        "US10045782B2",
        "AU2016304601B2",
        "US11058425B2",
        "BR112018003693B1",
        "US10390829B2",
        "MX2022006191A",
        "US10251648B2",
        "US10285837B1",
        "US10105139B2",
        "US10085751B2",
        "US10076326B2",
        "US10238386B2",
        "US10327769B2",
        "US10363036B2",
        "JP6755305B2",
        "US10299878B2",
        "US10687884B2",
        "US10478188B2",
        "US10271849B2",
        "US20220061843A1",
        "US10980539B2",
        "US10213204B2",
        "US10371238B2",
        "US10413298B2",
        "US10595930B2",
        "US10959771B2",
        "US10772632B2",
        "US10939952B2",
        "US10729435B2",
        "US10292705B2",
        "US10595864B2",
        "US10617411B2",
        "US10111660B2",
        "US10433841B2",
        "US10420554B2",
        "US10253847B2",
        "US10179022B2",
        "US10292704B2",
        "US10265068B2",
        "US10959806B2",
        "US10368865B2",
        "US10575892B2",
        "US10966717B2",
        "US10314579B2",
        "US10524797B2",
        "US11229471B2",
        "US10660623B2",
        "US11129670B2",
        "US10716615B2",
        "US10508720B2",
        "US11213293B2",
        "US10433837B2",
        "JP6911054B2",
        "US10398439B2",
        "US10349937B2",
        "US10420559B2",
        "US10448948B2",
        "US11224426B2",
        "US10258331B2",
        "US10555769B2",
        "US10631858B2",
        "US10893899B2",
        "US10603101B2",
        "US11510730B2",
        "US10285705B2",
        "US11284890B2",
        "US10617413B2",
        "US10856867B2",
        "US10357246B2",
        "AU2017250264B2",
        "ES2878152T3",
        "KR20230016027A",
        "US10456137B2",
        "US10492783B2",
        "US10405859B2",
        "US11179150B2",
        "US11607239B2",
        "US10335145B2",
        "US10357247B2",
        "US10828028B2",
        "US10426467B2",
        "US20170296173A1",
        "US10363037B2",
        "US11317917B2",
        "US10702329B2",
        "US10856934B2",
        "US10987156B2",
        "US10646269B2",
        "US10485607B2",
        "US10456193B2",
        "US10561419B2",
        "US10799239B2",
        "US10736637B2",
        "US10588610B2",
        "US10463374B2",
        "US10702302B2",
        "US11065022B2",
        "WO2017205313A1",
        "USD822206S1",
        "CN109310431B",
        "USD826405S1",
        "USD850617S1",
        "USD847989S1",
        "US10675024B2",
        "US10245064B2",
        "US10893883B2",
        "US10842522B2",
        "US10376305B2",
        "US10653398B2",
        "US10285723B2",
        "USD847990S1",
        "US10952759B2",
        "US10828056B2",
        "US10751117B2",
        "US11642126B2",
        "US10631857B2",
        "US10492784B2",
        "US11116594B2",
        "US10603064B2",
        "US10463371B2",
        "US11266430B2",
        "US10993715B2",
        "US11134942B2",
        "US10639035B2",
        "US11419606B2",
        "US20180168648A1",
        "US10624635B2",
        "US10758230B2",
        "US11191539B2",
        "US10898186B2",
        "US10980536B2",
        "US20180168575A1",
        "JP2020501779A",
        "US10667809B2",
        "US10856868B2",
        "US10758229B2",
        "JP6983893B2",
        "US10945727B2",
        "US11684367B2",
        "US10667811B2",
        "US10426471B2",
        "US10687810B2",
        "US20180168615A1",
        "JP7010956B2",
        "US11090048B2",
        "US10709901B2",
        "US10952767B2",
        "US11033325B2",
        "US11350915B2",
        "US10849621B2",
        "US10631945B2",
        "US10299790B2",
        "US11272929B2",
        "US10799284B2",
        "US10660641B2",
        "US11497546B2",
        "US11324502B2",
        "US10603035B2",
        "US10390858B2",
        "US10524784B2",
        "US10390826B2",
        "US11311295B2",
        "US10420551B2",
        "US10478185B2",
        "CN107137132B",
        "US11071554B2",
        "US10646220B2",
        "US10327767B2",
        "US10881399B2",
        "US10368864B2",
        "US11517325B2",
        "US10779820B2",
        "US10390841B2",
        "US11090046B2",
        "US10307170B2",
        "US11653914B2",
        "USD879808S1",
        "US10881396B2",
        "US10980537B2",
        "US10624633B2",
        "US11382638B2",
        "USD879809S1",
        "US10888321B2",
        "US10813639B2",
        "USD890784S1",
        "US11266405B2",
        "US10772629B2",
        "US11324503B2",
        "US10993716B2",
        "US10856869B2",
        "US11141154B2",
        "US10779824B2",
        "US11564686B2",
        "US20190000461A1",
        "US10716614B2",
        "US11259805B2",
        "US10765427B2",
        "US10903685B2",
        "USD869655S1",
        "USD906355S1",
        "US10211586B2",
        "USD851762S1",
        "US10603117B2",
        "US11246592B2",
        "USD854151S1",
        "US11007022B2",
        "US10258418B2",
        "US10898183B2",
        "US10398434B2",
        "US10932772B2",
        "US10820920B2",
        "US11471155B2",
        "US11304695B2",
        "WO2019036490A1",
        "US10624636B2",
        "US10772700B2",
        "US10806452B2",
        "EP3678573A4",
        "USD907648S1",
        "USD907647S1",
        "US11490951B2",
        "US10729501B2",
        "US10765429B2",
        "US11484358B2",
        "US10743872B2",
        "US11033323B2",
        "US11399829B2",
        "US10796471B2",
        "USD917500S1",
        "US11090075B2",
        "US11134944B2",
        "US10779903B2",
        "US10842490B2",
        "US10925603B2",
        "US10863987B2",
        "US10863988B2",
        "US10779826B2",
        "US11033267B2",
        "US11071543B2",
        "US10779825B2",
        "US10828033B2",
        "US11006955B2",
        "US10687813B2",
        "US10743874B2",
        "US11197670B2",
        "US10869666B2",
        "US10743875B2",
        "US10966718B2",
        "USD910847S1",
        "US11045270B2",
        "US10716565B2",
        "US10835330B2",
        "US11020112B2",
        "US10729509B2",
        "US11129680B2",
        "US11076853B2",
        "US11311290B2",
        "US11369368B2",
        "CN208958213U",
        "JP7167162B2",
        "WO2019128721A1",
        "JP7005773B2",
        "US10945732B2",
        "US11517312B2",
        "US11439390B2",
        "KR20200126409A",
        "US11369371B2",
        "US11160556B2",
        "US11399839B2",
        "US11534172B2",
        "US11311328B2",
        "US10849622B2",
        "US20190388091A1",
        "US11241233B2",
        "US10736631B2",
        "US11596496B2",
        "US11076858B2",
        "US11207065B2",
        "US11045192B2",
        "USD914878S1",
        "US11039834B2",
        "US11324501B2",
        "US10842492B2",
        "US10779821B2",
        "US11083458B2",
        "US10912559B2",
        "US11291440B2",
        "US10856870B2",
        "US11253256B2",
        "US10849620B2",
        "US11510669B2",
        "US11090051B2",
        "US11717276B2",
        "US11197673B2",
        "US11723661B2",
        "WO2020131418A1",
        "US10912563B2",
        "JP2022522421A",
        "US11344297B2",
        "US11259808B2",
        "US11147551B2",
        "US11147553B2",
        "US11696761B2",
        "US11172929B2",
        "KR20210145248A",
        "US11284892B2",
        "US11284893B2",
        "US11241228B2",
        "US11369378B2",
        "US11452528B2",
        "US11648009B2",
        "US11471157B2",
        "US11253254B2",
        "US11432816B2",
        "US11426251B2",
        "US11426168B2",
        "US11058429B2",
        "US11464541B2",
        "US11446035B2",
        "US11123101B2",
        "US11259803B2",
        "US11660163B2",
        "US11291451B2",
        "US11241235B2",
        "US11627959B2",
        "US11376098B2",
        "US11426167B2",
        "US11224497B2",
        "US11051807B2",
        "US11638587B2",
        "US11219455B2",
        "US11478241B2",
        "US11298127B2",
        "US11553971B2",
        "US11399837B2",
        "US11298132B2",
        "US11497492B2",
        "US11771419B2",
        "US11464601B2",
        "US11523822B2",
        "US11246678B2",
        "US11684434B2",
        "US11786325B2",
        "US11224424B2",
        "US11406385B2",
        "WO2021101714A1",
        "US11123068B2",
        "US11534163B2",
        "US11076850B2",
        "US11707274B2",
        "US11109862B2",
        "US11737747B2",
        "US11291446B2",
        "US11701111B2",
        "US11446029B2",
        "US11529139B2",
        "US11559304B2",
        "US11576672B2",
        "US11504122B2",
        "US11607219B2",
        "US11464512B2",
        "US11529137B2",
        "US11234698B2",
        "US11291447B2",
        "US11304696B2",
        "US11583275B2",
        "US11759251B2",
        "US11684412B2",
        "US11452525B2",
        "US11660089B2",
        "US11696776B2",
        "US11779329B2",
        "US20210196349A1",
        "US11589916B2",
        "US11786291B2",
        "US11779387B2",
        "US11642129B2",
        "US11452524B2",
        "US11278282B2",
        "US11344301B2",
        "US11344302B2",
        "US11707278B2",
        "US11246593B2",
        "WO2021183537A1",
        "US11317911B2",
        "US11357505B2",
        "US11406383B2",
        "US11426159B2",
        "US11331098B2",
        "US11504117B2",
        "US11771422B2",
        "US11406387B2",
        "US11191537B1",
        "US11534167B2",
        "USD975850S1",
        "USD967421S1",
        "USD975278S1",
        "USD975851S1",
        "USD966512S1",
        "USD974560S1",
        "USD976401S1",
        "US11191538B1",
        "US11324500B2",
        "US11446028B2",
        "US11517305B2",
        "US11660090B2",
        "US11266402B2",
        "US11439392B2",
        "US11395654B2",
        "US11602342B2",
        "US11660091B2",
        "US11678878B2",
        "US11571192B2",
        "US11660092B2",
        "US11406384B2",
        "US11576674B2",
        "US11730475B2",
        "US11779330B2",
        "US11717289B2",
        "US11517390B2",
        "USD980425S1",
        "US11617577B2",
        "WO2022094227A1",
        "US11452526B2",
        "US11534259B2",
        "US11737751B2",
        "US11744581B2",
        "US11653915B2",
        "US11653920B2",
        "US11678882B2",
        "US11627960B2",
        "US11737774B2",
        "US11553914B2",
        "US11744582B2",
        "US11759206B2",
        "US11759207B2",
        "US11517313B2",
        "US11751869B2",
        "US11744583B2",
        "US11701113B2",
        "US11696757B2",
        "US11730473B2",
        "US11749877B2",
        "US11723657B2",
        "US11793514B2",
        "US11717300B2",
        "US11759202B2",
        "US11717291B2",
        "US11737749B2",
        "US11723658B2",
        "WO2022204078A1",
        "US11786243B2",
        "US11786239B2",
        "US11744603B2",
        "US11793516B2",
        "US11497495B2",
        "US11666330B2",
        "US20220346788A1",
        "US11576670B2",
        "US11696755B2",
        "US11510673B1",
        "US11771423B2",
        "US11701119B2",
        "US20220378427A1",
        "US11576675B2",
        "US11707275B2",
        "US11617579B2",
        "US11602344B2",
        "US11786248B2",
        "US11540831B1",
        "US11779334B2",
        "US11707277B2",
        "US11576671B1",
        "US11660094B2",
        "US11653922B2"
    ]
}