{
    "patent_id": "US-11061398-B2",
    "title": "Machine-learning systems and techniques to optimize teleoperation and/or planner decisions ",
    "assignee": "Zoox, Inc.",
    "publication_date": "2021-07-13",
    "patent_link": "https://patents.google.com/patent/US11061398B2/en",
    "inventors": [
        "Jesse Sol Levinson",
        "Gabriel Thurston Sibley",
        "Ashutosh Gajanan Rege"
    ],
    "classifications": [
        "G06N20/00",
        "B60Q1/50",
        "B60Q1/503",
        "B60Q1/507",
        "B60Q1/508",
        "G01S17/86",
        "G01S17/87",
        "G01S17/931",
        "G01S7/4972",
        "G05D1/0022",
        "G05D1/0027",
        "G05D1/0088",
        "G06N7/005",
        "G06N7/01",
        "G06Q10/00",
        "G06Q10/06",
        "G08G1/005",
        "G08G1/165",
        "G08G1/166",
        "G08G1/202",
        "H04L41/0816",
        "H04L67/10",
        "H04L67/12",
        "B60Q1/28",
        "B60Q1/30",
        "B60Q1/549",
        "B60Q2400/40",
        "G01S13/865",
        "G01S13/867",
        "G01S13/87",
        "G01S2013/9316",
        "G01S2013/9322",
        "G05D2201/0212",
        "G05D2201/0213",
        "H04L41/16"
    ],
    "abstract": "A system, an apparatus or a process may be configured to implement an application that applies artificial intelligence and/or machine-learning techniques to predict an optimal course of action (or a subset of courses of action) for an autonomous vehicle system (e.g., one or more of a planner of an autonomous vehicle, a simulator, or a teleoperator) to undertake based on suboptimal autonomous vehicle performance and/or changes in detected sensor data (e.g., new buildings, landmarks, potholes, etc.). The application may determine a subset of trajectories based on a number of decisions and interactions when resolving an anomaly due to an event or condition. The application may use aggregated sensor data from multiple autonomous vehicles to assist in identifying events or conditions that might affect travel (e.g., using semantic scene classification). An optimal subset of trajectories may be formed based on recommendations responsive to semantic changes (e.g., road construction).",
    "claims": "\n1. A method comprising:\nreceiving sensor data from an autonomous vehicle;\ndetermining, based at least in part on at least one of the sensor data, an event in a region of an environment through which the autonomous vehicle has traversed, the event associated with event data;\nreceiving a teleoperator interaction associated with the event, the teleoperator interaction associated with a communication transmitted to the autonomous vehicle and configured to cause the autonomous vehicle to perform an action; and\ntraining, based at least in part on the teleoperator interaction and the event, a machine-learning (ML) model to output a recommended action based at least in part on at least one of the sensor data or the event data.\n2. The method of claim 1, further comprising\nreceiving additional sensor data from at least one of the autonomous vehicle or an additional vehicle;\ndetermining, based at least in part on the additional sensor data, an additional event, the additional event comprising additional event data;\ndetermining, by the ML model and based at least in part on at least one of the additional sensor data or the additional event data, a first recommended action; and\ncausing the first recommended action to be displayed via a display.\n3. The method of claim 2, further comprising:\nsimulating, based at least in part on at least one of map data, the additional sensor data, or the additional event, a result of implementing the first recommended action at a vehicle; and\ncausing an alert or an affirmation to be displayed via the display, based at least in part on the result.\n4. The method of claim 2, further comprising determining a second recommended action based at least in part on a simulation.\n5. The method of claim 4, further comprising causing at least one of the first recommended action or the second recommended action to be displayed via the display.\n6. The method of claim 1, wherein the recommended action comprises a candidate trajectory, candidate path, a region to include or exclude from path or trajectory determination, a modification to a rule, or identification of an additional or alternate event.\n7. A system comprising:\none or more processors;\nmemory having stored thereon processor-executable instructions that, when executed by the one or more processors, cause the system to perform operations comprising:\nreceiving sensor data from an autonomous vehicle;\ndetermining, based at least in part on at least one of the sensor data, an event in a region of an environment;\nreceiving a teleoperator interaction associated with the event, the teleoperator interaction associated with a communication transmitted to the autonomous vehicle; and\ntraining, based at least in part on the teleoperator interaction and the event, a machine-learning (ML) model to output a recommended action.\n8. The system of claim 7, wherein the operations further comprise:\nreceiving additional sensor data from at least one of the autonomous vehicle or an additional vehicle;\ndetermining, based at least in part on the additional sensor data, an additional event;\ndetermining, by the ML model and based at least in part on at least one of the additional sensor data or additional event data associated with the additional event, a recommended action; and\ncausing the first recommended action to be displayed via a display.\n9. The system of claim 8, wherein the operations further comprise determining a confidence level associated with the recommended action.\n10. The system of claim 8, wherein the operations further comprise:\nsimulating, based at least in part on at least one of map data, the additional sensor data, or the additional event data, a result of controlling the autonomous vehicle or additional autonomous vehicle in accordance with the recommended action; and\ncausing an alert or an affirmation to be displayed via a display, based at least in part on the result.\n11. The system of 9, wherein the event data and the additional event data comprise at least one matching attribute.\n12. The system of claim 8, wherein the operations further comprise:\ndetermining an additional recommended action based at least in part on a simulation; and\ncausing at least one of the first recommended action or the additional recommended action to be displayed via the display.\n13. The system of claim 7, wherein the recommended action comprises at least one of a candidate trajectory, a candidate path, a region to include or exclude from path or trajectory determination, a modification to a rule, or identification of an additional or alternate event.\n14. A non-transitory computer-readable medium comprising processor-executable instructions that, when executed by one or more processors, cause the one or more processors to perform operations comprising:\nreceiving sensor data associated with an autonomous vehicle;\ndetermining, based at least in part on at least one of the sensor data, an event in a region of an environment, the event associated with event data;\nreceiving a teleoperator interaction associated with the event; and\ntraining, based at least in part on the teleoperator interaction and the event, a machine-learning (ML) model to output a recommended action based at least in part on at least one of the sensor data or the event data.\n15. The non-transitory computer-readable medium of claim 14, wherein the operations further comprise:\nreceiving additional sensor data from at least one of the autonomous vehicle or an additional vehicle;\ndetermining, based at least in part on the additional sensor data, an additional event associated with additional event data;\ndetermining, by the ML model and based at least in part on at least one of the additional sensor data or the additional event data, a first recommended action; and\ncausing the first recommended action to be displayed via a display.\n16. The non-transitory computer-readable medium of claim 15, wherein the operations further comprise determining a confidence level associated with the first recommended action and causing the confidence level to be displayed via the display.\n17. The non-transitory computer-readable medium of claim 15, wherein the operations further comprise:\nsimulating, based at least in part on at least one of map data, the additional sensor data, or the additional event data, a result of controlling at least one of the autonomous vehicle or the additional vehicle in accordance with the first recommended action; and\ncausing an alert or an affirmation to be displayed via the display, based at least in part on the result.\n18. The non-transitory computer-readable medium of claim 15, wherein the event data and the additional event data comprise at least one matching attribute.\n19. The non-transitory computer-readable medium of claim 15, wherein the operations further comprise:\ndetermining a second recommended action based at least in part on a simulation; and\ncausing at least one of the first recommended action or the second recommended action to be displayed via the display.\n20. The non-transitory computer-readable medium of claim 14, wherein the recommended action comprises a candidate trajectory or candidate path for the autonomous vehicle to follow, a region to include or exclude from path or trajectory determination, a modification to a rule, or identification of an additional or alternate event.",
    "status": "Active",
    "citations_own": [
        "US5220507A",
        "US5558370A",
        "US5959552A",
        "US6122572A",
        "US6301542B1",
        "US20010029425A1",
        "US6374168B1",
        "US20020131608A1",
        "US20040017073A1",
        "US20040068354A1",
        "US6728616B1",
        "US20050182558A1",
        "US20050216181A1",
        "US20060064202A1",
        "US7036128B1",
        "US20060089763A1",
        "JP2006113836A",
        "US20060100871A1",
        "US20060175116A1",
        "US20060207820A1",
        "US20070093946A1",
        "US20070096447A1",
        "US20070198145A1",
        "US20070246927A1",
        "JP2007322172A",
        "US20080033645A1",
        "US20080084283A1",
        "US20080097699A1",
        "JP2008195289A",
        "US20080320421A1",
        "US20090036090A1",
        "US20090240647A1",
        "US20090248587A1",
        "US20090276149A1",
        "US20090306989A1",
        "WO2009151781A1",
        "GB2460916A",
        "US20090326713A1",
        "US20100017046A1",
        "US20100045482A1",
        "JP2010066782A",
        "US20100082193A1",
        "US20100106356A1",
        "US20100153111A1",
        "US20100228533A1",
        "US20100256852A1",
        "US20100286845A1",
        "US20110029301A1",
        "US20110029235A1",
        "US20110035086A1",
        "CN101981080A",
        "RU103114U1",
        "US20110098922A1",
        "US20110106615A1",
        "US20110130111A1",
        "US20110190972A1",
        "WO2011098848A1",
        "JP2011225212A",
        "US20110288684A1",
        "WO2011154681A1",
        "US8123642B2",
        "US20120083960A1",
        "US20120086573A1",
        "US20120136561A1",
        "US20120158280A1",
        "US20120163670A1",
        "US20120226391A1",
        "US8272827B2",
        "US20120256448A1",
        "US20130046421A1",
        "US20130054133A1",
        "US8434919B2",
        "US20130246301A1",
        "US20130268138A1",
        "US20130304514A1",
        "US20130317693A1",
        "US20130338854A1",
        "US20130338856A1",
        "US20140032012A1",
        "US20140032049A1",
        "WO2014021961A2",
        "US20140074339A1",
        "US20140129951A1",
        "US20140129135A1",
        "US20140129302A1",
        "US20140136414A1",
        "US20140142830A1",
        "US20140185880A1",
        "US20140188347A1",
        "US20140214255A1",
        "US20140214260A1",
        "US20140220923A1",
        "US20140244151A1",
        "US20140257661A1",
        "WO2014152554A1",
        "US20140303827A1",
        "US20140309866A1",
        "US20140309833A1",
        "US8880272B1",
        "US20140336935A1",
        "US20140333468A1",
        "US20140358353A1",
        "US20140358427A1",
        "US20140365228A1",
        "JP2015001869A",
        "US20150025708A1",
        "US20150039391A1",
        "US20150039157A1",
        "US20150057871A1",
        "US8977007B1",
        "US20150081169A1",
        "US8989053B1",
        "US8996224B1",
        "US20150091374A1",
        "US20150094850A1",
        "US9002634B1",
        "US9008952B2",
        "US20150127239A1",
        "US20150127224A1",
        "JP2015092320A",
        "US20150149088A1",
        "US20150160024A1",
        "WO2015099679A1",
        "US20150185034A1",
        "US20150203107A1",
        "US20150202962A1",
        "US20150202770A1",
        "EP2908202A1",
        "US20150234387A1",
        "US20150248131A1",
        "US20150254986A1",
        "US20150258928A1",
        "US20150271290A1",
        "US20150268665A1",
        "US9151628B1",
        "CN104960509A",
        "US20150292894A1",
        "WO2015155133A1",
        "CN104991554A",
        "US20150298636A1",
        "US9171268B1",
        "US20150331422A1",
        "US9194168B1",
        "USD743978S1",
        "US20150338849A1",
        "US20150338226A1",
        "US20150336502A1",
        "US20150338852A1",
        "US20150339928A1",
        "US20150336524A1",
        "US9201426B1",
        "US20150346724A1",
        "US20150346727A1",
        "US20150348221A1",
        "US20150359032A1",
        "US20150356368A1",
        "US20150370251A1",
        "US20150371631A1",
        "US20150369569A1",
        "US20150375764A1",
        "US20160001720A1",
        "US20160009291A1",
        "US20160016315A1",
        "US20160027452A1",
        "US20160033963A1",
        "US20160071278A1",
        "US20160107703A1",
        "US20160165786P1",
        "US20160159402A1",
        "US20160159407A1",
        "US20160165775P1",
        "US20160171521A1",
        "US20160189544A1",
        "US9384443B2",
        "US9395727B1",
        "US20160209220A1",
        "US9411780B1",
        "US20160247106A1",
        "US20160247109A1",
        "US20160275801A1",
        "US9459620B1",
        "US9495874B1",
        "US9494439B1",
        "US20160334797A1",
        "US20160334230A1",
        "US20160342145A1",
        "US9507346B1",
        "US20160351057A1",
        "US20160358475A1",
        "US20160370801A1",
        "US20170060234A1",
        "US20170067747A1",
        "US20170084175A1",
        "US20170090480A1",
        "US20170092028A1",
        "US9613274B2",
        "US9625907B2",
        "US20170115125A1",
        "US20170126810A1",
        "US20170124476A1",
        "US20170123419A1",
        "US20170123422A1",
        "US9646428B1",
        "US20170132934A1",
        "US9667710B2",
        "US20170158023A1",
        "US20170162057A1",
        "US9686306B2",
        "US9714089B1",
        "US9716565B2",
        "US20170248964A1",
        "US20170248963A1",
        "US9760090B2",
        "US20170277191A1",
        "US20170297571A1",
        "US20170316333A1",
        "US9813541B2",
        "US20180017399A1",
        "US20180075565A1",
        "US20180074495A1",
        "US20180082172A1",
        "US9928434B1",
        "US9939817B1",
        "US9940834B1",
        "US9953538B1",
        "US9958864B2",
        "US9956910B2",
        "US9963106B1",
        "US20180136651A1",
        "US20180141562A1",
        "US9989645B2",
        "US10012990B2",
        "US20180189717A1",
        "US20180194356A1",
        "US10033814B2",
        "US20180211523A1",
        "US20180216958A1",
        "US10053088B1",
        "US10074224B2",
        "US10089537B2",
        "US10147325B1",
        "US20180348023A1",
        "US10150448B2",
        "US20190012909A1",
        "US10255648B2",
        "US10259471B2",
        "US10303961B1",
        "US10361802B1",
        "US20190227553A1",
        "US10415983B2",
        "US20190299933A1",
        "US10459444B1",
        "US20190385025A1",
        "US10518785B2",
        "US10573093B2",
        "US10623162B2",
        "US10647250B1",
        "US10887155B2",
        "US10919497B1",
        "US10929819B2"
    ],
    "citations_ftf": [
        "CN100489457C",
        "US8773535B2",
        "US9026300B2",
        "JP2014203196A",
        "JP2015072650A",
        "US11283877B2"
    ],
    "citedby_own": [
        "US11321972B1",
        "US20220135027A1",
        "US11556403B1",
        "US11644842B1",
        "US11662732B1",
        "US11675367B2"
    ],
    "citedby_ftf": [
        "KR101459107B1",
        "US11669090B2",
        "US10354330B1",
        "US10599155B1",
        "US9972054B1",
        "US10373259B1",
        "US10540723B1",
        "DE102014221888A1",
        "US10157423B1",
        "US9626763B1",
        "US10241515B2",
        "US10493907B2",
        "EP3133455B1",
        "US20210272207A1",
        "US10248119B2",
        "US9804599B2",
        "US11283877B2",
        "US9878664B2",
        "US9630619B1",
        "US10334050B2",
        "US9606539B1",
        "US9507346B1",
        "US9494940B1",
        "US9754490B2",
        "US10401852B2",
        "WO2017079341A2",
        "US9632502B1",
        "DE102016220913A1",
        "US10242455B2",
        "US9843474B2",
        "US11441916B1",
        "US10308246B1",
        "US10134278B1",
        "US11242051B1",
        "US11719545B2",
        "GB201602308D0",
        "US10662045B2",
        "US10787176B2",
        "US10752257B2",
        "JP6578224B2",
        "JP2017182129A",
        "US10234856B2",
        "DE102016208883A1",
        "EP3537248A1",
        "CN106096192B",
        "US10179586B2",
        "US10473761B2",
        "US11176500B2",
        "US11087252B2",
        "US11182709B2",
        "DE102016217637A1",
        "US10416669B2",
        "US10679511B2",
        "US10357709B2",
        "US10377484B2",
        "US10850838B2",
        "US10410320B2",
        "JP6548691B2",
        "US10802484B2",
        "US10769452B2",
        "BR112019010723A2",
        "EP3549044A4",
        "US10118538B2",
        "EP3346418A1",
        "US10380886B2",
        "US10730531B1",
        "US20180232840A1",
        "US10293818B2",
        "US10109198B2",
        "US10338594B2",
        "US10209718B2",
        "US10679312B2",
        "CN107063713B",
        "US10423162B2",
        "US10692365B2",
        "US11735035B2",
        "US10186156B2",
        "WO2018213931A1",
        "US10816973B2",
        "US11112789B2",
        "US10740988B2",
        "CN110998469A",
        "US10595455B2",
        "US10692371B1",
        "KR102093047B1",
        "US20180376306A1",
        "US20190137287A1",
        "US10759534B2",
        "US10606259B2",
        "US10386836B2",
        "WO2019010128A1",
        "US10493622B2",
        "US10710633B2",
        "US10369974B2",
        "EP3655836A4",
        "EP3432167B1",
        "WO2019019147A1",
        "US10437247B2",
        "US10852721B1",
        "WO2019041044A1",
        "US10629080B2",
        "US11422569B2",
        "US10953880B2",
        "US10953881B2",
        "US10860019B2",
        "US10515321B2",
        "US10647332B2",
        "US10957201B2",
        "CN109521757B",
        "US11657266B2",
        "US11093829B2",
        "US10739776B2",
        "EP3477616A1",
        "US10739775B2",
        "US10962650B2",
        "WO2019084686A1",
        "US10825340B1",
        "US10976737B2",
        "US10860018B2",
        "KR102428216B1",
        "US10921142B2",
        "US11130497B2",
        "US20190185012A1",
        "US10908614B2",
        "CN111868777A",
        "WO2019139815A1",
        "US11262756B2",
        "US11022971B2",
        "US20190220036A1",
        "US10467581B2",
        "TW201941887A",
        "EP3750145A4",
        "US10678248B2",
        "IT201800003849A1",
        "EP3769174B1",
        "US11467590B2",
        "US11561541B2",
        "US11625036B2",
        "WO2019199815A1",
        "US10906536B2",
        "US11550061B2",
        "US10816992B2",
        "US10996679B2",
        "US11501643B2",
        "US11245583B2",
        "US10816968B2",
        "EP3794421A4",
        "US10445599B1",
        "FR3082811B1",
        "US10717445B2",
        "US11354406B2",
        "US11373122B2",
        "US11735041B2",
        "US20200019173A1",
        "US10754344B2",
        "US10832093B1",
        "US10795804B1",
        "DE102018215560A1",
        "US10901417B2",
        "US20220035367A1",
        "US20200104289A1",
        "US20200103902A1",
        "US11169531B2",
        "JP7330758B2",
        "US10887023B1",
        "US11428817B2",
        "US20200116867A1",
        "US11163312B2",
        "US11086319B2",
        "US11403492B2",
        "US11256263B2",
        "US11209821B2",
        "US11726473B2",
        "WO2020099936A2",
        "US11294381B2",
        "US11287523B2",
        "US11734472B2",
        "US11681294B2",
        "DE102018132520A1",
        "CN111338333B",
        "US10955853B2",
        "CN111413957B",
        "US20190126922A1",
        "US11520331B2",
        "KR20200087890A",
        "US20190138848A1",
        "US11353870B2",
        "US20220076369A1",
        "WO2020141694A1",
        "JP7247592B2",
        "US11544525B2",
        "US11150720B2",
        "US20200250517A1",
        "US11507662B2",
        "US20200249332A1",
        "EP3696786A1",
        "US11423454B2",
        "KR20200106102A",
        "JP7155043B2",
        "US20200293041A1",
        "US20200310420A1",
        "CN113632153B",
        "US11016485B2",
        "EP3726497A1",
        "DE102019206036A1",
        "US11182623B2",
        "US11136023B2",
        "DE102020111938A1",
        "TWI711804B",
        "US11100339B2",
        "US11215987B2",
        "US11674812B2",
        "WO2020247207A1",
        "US11574089B2",
        "US11568100B2",
        "US20200406894A1",
        "US11703562B2",
        "JP2021015565A",
        "US11249479B2",
        "CN110377009B",
        "US11673265B2",
        "JP2021032860A",
        "US11113570B2",
        "US10885386B1",
        "CN110626336B",
        "US11370454B2",
        "US20210095980A1",
        "US11353592B2",
        "US11500385B2",
        "US11754408B2",
        "US11586931B2",
        "US10928820B1",
        "CN112987711B",
        "US20210181745A1",
        "US11433922B1",
        "CN111190401A",
        "US11127142B2",
        "US20210223776A1",
        "TW202146189A",
        "US11320829B2",
        "US11772672B2",
        "US11597406B2",
        "US11526721B1",
        "US20210286924A1",
        "CN111414686B",
        "CN111190427B",
        "US11584389B2",
        "US20210325880A1",
        "US11430042B2",
        "CN111580522A",
        "CN111563046B",
        "US11420650B2",
        "US11481884B2",
        "WO2022006418A1",
        "US11713979B2",
        "US11691643B2",
        "US20220063676A1",
        "US11687094B2",
        "US11708088B2",
        "US20220063639A1",
        "CN114162137A",
        "CN112265548B",
        "US11386776B2",
        "US20220194469A1",
        "US20220198096A1",
        "US20220269282A1",
        "US11767032B2",
        "US20220348223A1",
        "CN113511215B",
        "US20230132512A1",
        "CN114299632A",
        "US11550851B1",
        "WO2023151797A1",
        "US20230300877A1",
        "CN114912775B",
        "US11590880B1"
    ]
}