{
    "patent_id": "US-11169207-B2",
    "title": "Testing of semiconductor chips with microbumps ",
    "assignee": "Taiwan Semiconductor Manufacturing Company, Ltd.",
    "publication_date": "2021-11-09",
    "patent_link": "https://patents.google.com/patent/US11169207B2/en",
    "inventors": [
        "Wei-Cheng Wu",
        "Hsien-Pin Hu",
        "Shang-Yun Hou",
        "Shin-puu Jeng",
        "Chen-Hua Yu",
        "Chao-Hsiang Yang"
    ],
    "classifications": [
        "G01R31/2896",
        "H01L22/32",
        "G01R1/0416",
        "G01R31/2601",
        "G01R31/2884",
        "G01R31/2886",
        "G01R31/2889",
        "G01R31/2893",
        "H01L24/06",
        "H01L2224/02377",
        "H01L2224/0392",
        "H01L2224/0401",
        "H01L2224/05027",
        "H01L2224/05147",
        "H01L2224/05552",
        "H01L2224/05568",
        "H01L2224/05655",
        "H01L2224/0614",
        "H01L2224/0616",
        "H01L2224/1146",
        "H01L2224/1147",
        "H01L2224/11849",
        "H01L2224/13005",
        "H01L2224/13083",
        "H01L2224/13111",
        "H01L2224/13113",
        "H01L2224/13116",
        "H01L2224/13139",
        "H01L2224/13147",
        "H01L2224/13155",
        "H01L2224/14131",
        "H01L2224/16238",
        "H01L24/03",
        "H01L24/05",
        "H01L24/11",
        "H01L24/13",
        "H01L2924/00012",
        "H01L2924/00014",
        "H01L2924/01047",
        "H01L2924/014",
        "H01L2924/20752"
    ],
    "abstract": "A device includes a test pad on a chip. A first microbump has a first surface area that is less than a surface area of the test pad. A first conductive path couples the test pad to the first microbump. A second microbump has a second surface area that is less than the surface area of the test pad. A second conductive path couples the test pad to the second microbump.",
    "claims": "\n1. A device comprising:\na test pad on a chip, the test pad being quadrilateral in shape;\na first microbump pad having a first surface area that is less than a surface area of the test pad, the first microbump pad being arranged proximate to a first edge of the quadrilateral;\na second microbump pad having a second surface area that is equal to or less than the surface area of the test pad, the second microbump pad being arranged proximate to a second edge of the quadrilateral; and\na third microbump pad having a third surface area that is less than the surface area of the test pad, the third microbump pad being arranged proximate to a third edge of the quadrilateral.\n2. The device of claim 1, wherein the first microbump pad is octagonal in shape.\n3. The device of claim 1, wherein the test pad includes an upper surface with probe damage.\n4. The device of claim 1, wherein the second microbump pad is arranged proximate to the second edge of the quadrilateral such that the first microbump pad and the second microbump pad are arranged symmetrically about opposite edges of the test pad.\n5. The device of claim 4, wherein the second microbump pad is octagonal in shape.\n6. The device of claim 4, wherein the first edge is an upper edge of the quadrilateral and the second edge is a lower edge of the quadrilateral.\n7. The device of claim 6, further comprising:\na fourth microbump pad having a fourth surface area that is less than the surface area of the test pad, the fourth microbump pad being arranged proximate to a right edge of the quadrilateral such that the third microbump pad and the fourth microbump pad are arranged symmetrically about the test pad.\n8. The device of claim 7, wherein the third microbump pad and the fourth microbump pad are each octagonal in shape.\n9. The device of claim 8, wherein each of the first microbump pad, the second microbump pad, the third microbump pad, and the fourth microbump pad have equal surfaces areas.\n10. A device comprising:\na test pad on a chip, the test pad being quadrilateral in shape;\na first microbump pad that is octagonal in shape and having a first surface area that is less than a surface area of the test pad, the first microbump pad being arranged proximate to a first edge of the quadrilateral;\nwherein the test pad includes an upper surface with probe damage;\na second microbump pad having a second surface area that is less than the surface area of the test pad, the second microbump pad being arranged proximate to a second edge of the quadrilateral; and\na third microbump pad having a third surface area that is less than the surface area of the test pad, the third microbump pad being arranged proximate to a third edge of the quadrilateral.\n11. The device of claim 10, wherein a width of the first microbump pad is approximately 50 \u03bcm.\n12. The device of claim 10, wherein the first edge of the quadrilateral is opposite the second edge of the quadrilateral.\n13. The device of claim 10, further comprising:\na fourth microbump pad having a fourth surface area that is less than the surface area of the test pad, the fourth microbump pad being arranged proximate to a fourth edge of the quadrilateral.\n14. A test structure for performing electrical tests of devices under one or more microbumps, comprising:\na first chip including a test pad surrounded by two or more microbump structures;\nan substrate spaced apart from the first chip; and\nwherein the two or more microbump structures extend between the first chip and the substrate.\n15. The test structure of claim 14, wherein each of the two or more microbump structures comprises a microbump pad having a microbump pad area that is less than a test pad area of the test pad.\n16. The test structure of claim 15, wherein a distance between the microbump pad of a microbump structure and the test pad ranges from about 20 \u03bcm to about 80 \u03bcm.\n17. The test structure of claim 14, wherein the test pad is quadrilateral in shape.\n18. The test structure of claim 17, wherein at least one of the two or more microbump structures includes a microbump pad that is octagonal in shape and that has a microbump pad surface area that is less than a surface area of the test pad.\n19. The test structure of claim 14, wherein the test pad includes a probe mark thereon.\n20. The test structure of claim 14, further comprising a passivation layer over the test pad.",
    "status": "Active",
    "citations_own": [
        "US4811082A",
        "US4990462A",
        "US5075253A",
        "CA2127234A1",
        "US5380681A",
        "US5406210A",
        "US5554940A",
        "US5678301A",
        "US5726075A",
        "US5789271A",
        "US5808360A",
        "US5807787A",
        "US5834945A",
        "US6002177A",
        "US6016060A",
        "US6060891A",
        "US6184066B1",
        "US6229216B1",
        "US6271059B1",
        "US6279815B1",
        "US20010026013A1",
        "US6313651B1",
        "US6314641B1",
        "US6333522B1",
        "US6335271B1",
        "US6342399B1",
        "US6355501B1",
        "US6434016B2",
        "US6437990B1",
        "US6448661B1",
        "US6461895B1",
        "US6570248B1",
        "US6600222B1",
        "US6607938B2",
        "US6617687B2",
        "US6661085B2",
        "US6762076B2",
        "US6765228B2",
        "US6790748B2",
        "US6798224B1",
        "US6825541B2",
        "US6887769B2",
        "US6908785B2",
        "US6908565B2",
        "US6924551B2",
        "US6943067B2",
        "US6946384B2",
        "US6975016B2",
        "US7061263B1",
        "US7084487B1",
        "US7087538B2",
        "US20060195020A1",
        "US7151009B2",
        "US7215033B2",
        "US7276799B2",
        "US7279795B2",
        "US7307005B2",
        "US7317256B2",
        "US7320928B2",
        "US7345350B2",
        "US7355264B2",
        "US7402442B2",
        "US7402515B2",
        "US7410884B2",
        "US7432592B2",
        "US20080251906A1",
        "US20080308297A1",
        "US7494845B2",
        "US20090050887A1",
        "US7528494B2",
        "US20090134391A1",
        "US7557597B2",
        "US7576435B2",
        "US20090218571A1",
        "US7642128B1",
        "US7776627B2",
        "US20100213600A1",
        "US7834450B2",
        "US7834453B2",
        "US20110042820A1",
        "US20110092064A1",
        "US8067837B2",
        "US20120126840A1",
        "US8232553B2",
        "US8237274B1",
        "US20120206160A1",
        "US20120261662A1",
        "US20130147032A1",
        "US20130147505A1",
        "US20130200528A1",
        "US8659155B2",
        "US8691601B2",
        "US9349697B2",
        "US20170033085A1",
        "US9829510B2",
        "US10371717B2"
    ],
    "citations_ftf": [
        "US9128123B2"
    ],
    "citedby_own": [
        "US11774675B2"
    ],
    "citedby_ftf": [
        "US10283443B2",
        "US11244896B2",
        "US8797057B2",
        "US9129973B2",
        "US8558229B2",
        "US9557370B2",
        "KR101960496B1",
        "TWI490508B",
        "JP2014187354A",
        "US9581638B2",
        "US9087821B2",
        "US9331038B2",
        "KR102326562B1",
        "US9466581B2",
        "US9406588B2",
        "US9726691B2",
        "US9691686B2",
        "US9831154B2",
        "US11018099B2",
        "US10032725B2",
        "KR102398663B1",
        "US10074624B2",
        "US10043761B2",
        "US9786614B2",
        "US10002829B2",
        "US9972603B2",
        "US9741694B2",
        "US10444270B2",
        "US10535572B2",
        "KR20170120895A",
        "US10068853B2",
        "US10283479B2",
        "US9870997B2",
        "US9748206B1",
        "US9831193B1",
        "US10032722B2",
        "US9865566B1",
        "US10050024B2",
        "US10854579B2",
        "US10475769B2",
        "US10431738B2",
        "US9941186B2",
        "US11469215B2",
        "US10276506B2",
        "US10128182B2",
        "US10276548B2",
        "US9922964B1",
        "US9837359B1",
        "US10290609B2",
        "US11158619B2",
        "US10304801B2",
        "US10529690B2",
        "US10141253B2",
        "US10153222B2",
        "US11527454B2",
        "US10276525B2",
        "US10692813B2",
        "US10290590B2",
        "US10163802B2",
        "US10529666B2",
        "US10825780B2",
        "US10183858B2",
        "US10163824B2",
        "US10269637B2",
        "US10163750B2",
        "US10312203B2",
        "US10529671B2",
        "US10535554B2",
        "US10535597B2",
        "US10741537B2",
        "US10354964B2",
        "US10629545B2",
        "US10529698B2",
        "US10790240B2",
        "US10937719B2",
        "US10672729B2",
        "US10784220B2",
        "US10157808B2",
        "US10872850B2",
        "US11304290B2",
        "US10685896B2",
        "US10014218B1",
        "US10510709B2",
        "US9929128B1",
        "US10074604B1",
        "US10163848B2",
        "US10276536B2",
        "US10319690B2",
        "US10460987B2",
        "US10163627B2",
        "US10468345B2",
        "US10283470B2",
        "US10879194B2",
        "US10515923B2",
        "US10163781B1",
        "US10290584B2",
        "US10461060B2",
        "US10510722B2",
        "US10163803B1",
        "US10312112B2",
        "US10157888B1",
        "US10304800B2",
        "US10276481B2",
        "US10535680B2",
        "US10872885B2",
        "DE102018108409B4",
        "US10283428B2",
        "US10263064B2",
        "US10269728B2",
        "US10727198B2",
        "US10269587B2",
        "US10283474B2",
        "US10483187B2",
        "DE102018109028B4",
        "US10290605B2",
        "DE102018106434B4",
        "US11121050B2",
        "US10276551B2",
        "US10522476B2",
        "US10186492B1",
        "US10276528B2",
        "KR102420586B1",
        "US10461034B2",
        "US10157864B1",
        "US10290611B2",
        "US10854570B2",
        "US10134685B1",
        "US10162139B1",
        "US10515921B2",
        "US10157862B1",
        "US10157850B1",
        "US11335767B2",
        "US10535591B2",
        "US10475747B2",
        "US10074618B1",
        "US10510691B2",
        "US10461022B2",
        "US10340242B2",
        "US10510718B2",
        "US10290610B2",
        "US11075132B2",
        "US10665521B2",
        "US10276404B2",
        "US10879197B2",
        "US10861773B2",
        "US10157867B1",
        "US11107680B2",
        "US10461014B2",
        "US10510603B2",
        "US10157834B1",
        "US10515888B2",
        "US11417569B2",
        "US10468307B2",
        "US10510631B2",
        "US10867938B2",
        "US10276537B2",
        "US10340253B2",
        "US10157870B1",
        "US10297544B2",
        "US10319707B2",
        "US10692826B2",
        "US10181449B1",
        "DE102018107014A1",
        "US10276508B2",
        "US11394359B2",
        "US10276920B2",
        "US10497690B2",
        "US10347574B2",
        "US10504865B2",
        "US10157892B1",
        "US10483936B2",
        "US10510693B2",
        "US10861761B2",
        "US10483617B2",
        "US11101209B2",
        "US10510732B2",
        "US10679912B2",
        "US10157871B1",
        "US10818624B2",
        "US10163858B1",
        "US10074615B1",
        "US10163825B1",
        "US10763239B2",
        "US10276543B1",
        "US10163832B1",
        "US10665560B2",
        "US10636775B2",
        "US10461023B2",
        "US10763206B2",
        "US10629509B2",
        "US10515827B2",
        "US11322449B2",
        "TWI736780B",
        "US10879214B2",
        "US11251157B2",
        "US10665582B2",
        "US10861814B2",
        "US10283473B1",
        "US10672737B2",
        "US10636715B2",
        "US10283377B1",
        "US10522440B2",
        "US10170441B1",
        "US10446521B2",
        "US10629539B2",
        "US10741404B2",
        "US11482491B2",
        "US10553533B2",
        "US10283468B1",
        "US10957672B2",
        "US10163827B1",
        "US11177201B2",
        "US10566261B2",
        "US10586763B2",
        "DE102018106038A1",
        "US11410918B2",
        "DE102018122228B4",
        "US10515922B2",
        "US10522436B2",
        "DE102018111389A1",
        "US10361139B2",
        "US10381309B2",
        "US10658208B2",
        "US10679947B2",
        "US10763296B2",
        "US10734323B2",
        "US10797005B2",
        "US10797007B2",
        "US10910321B2",
        "US10510634B2",
        "US10312201B1",
        "US10371893B2",
        "US10811377B2",
        "KR20190089623A",
        "US10762319B2",
        "US10510704B2",
        "US10510646B2",
        "US10573573B2",
        "US11069671B2",
        "US11315891B2",
        "US10741477B2",
        "US10658315B2",
        "US10665537B2",
        "US10872862B2",
        "US11158555B2",
        "US11152295B2",
        "US10483226B2",
        "US10546845B2",
        "US10529593B2",
        "US10276511B1",
        "US10504858B2",
        "US10510686B2",
        "US10510595B2",
        "US10741508B2",
        "US10672681B2",
        "US10790254B2",
        "US10438934B1",
        "US10756037B2",
        "US10468379B1",
        "US10748861B2",
        "US10475762B1",
        "US10366966B1",
        "US10510629B2",
        "US10515869B1",
        "US10622321B2",
        "US10748831B2",
        "US10658287B2",
        "US10700008B2",
        "US10811404B2",
        "US10658263B2",
        "US11254473B2",
        "USD873613S1",
        "US11114407B2",
        "US10685937B2",
        "US11289426B2",
        "US10867943B2",
        "US10879220B2",
        "US10978373B2",
        "US10333623B1",
        "US10643943B2",
        "US10504873B1",
        "US10483174B1",
        "US10847492B2",
        "US10879166B2",
        "US10504852B1",
        "US10672674B2",
        "US11145564B2",
        "US11075133B2",
        "US10867962B2",
        "US10916488B2",
        "US11728334B2",
        "US10510591B1",
        "US10872855B2",
        "KR102569929B1",
        "US11114433B2",
        "US10522470B1",
        "US10504835B1",
        "US10950554B2",
        "US11410923B2",
        "US10510668B1",
        "US11469198B2",
        "US11075159B2",
        "US10867925B2",
        "US11139282B2",
        "US11424197B2",
        "US10867903B2",
        "US11239180B2",
        "US11289373B2",
        "US10658333B2",
        "US10790210B2",
        "US11075439B2",
        "US10978424B2",
        "US10811316B2",
        "US11056459B2",
        "US11088124B2",
        "US10700030B2",
        "US11011501B2",
        "US10665572B2",
        "US10720416B2",
        "US11031344B2",
        "US11107801B2",
        "US10756058B2",
        "US11171090B2",
        "US11270953B2",
        "US10879161B2",
        "US11309294B2",
        "US11164839B2",
        "US11264300B2",
        "US11004812B2",
        "US10914895B2",
        "US11004827B2",
        "US10665545B2",
        "US10796990B2",
        "US10867919B2",
        "US11062997B2",
        "US10797031B2",
        "US10734348B2",
        "US10504824B1",
        "US11563167B2",
        "US10658348B2",
        "US10867955B2",
        "US10868353B2",
        "US11393771B2",
        "US10867890B2",
        "US10672728B2",
        "US11062975B2",
        "US11171098B2",
        "US10825773B2",
        "US10790162B2",
        "US11177192B2",
        "US10998202B2",
        "US10861841B2",
        "US11164754B2",
        "US11081392B2",
        "US10867879B2",
        "US11158600B2",
        "US11037952B2",
        "US10804230B2",
        "US11322450B2",
        "US10679915B2",
        "US10510713B1",
        "US11545370B2",
        "US11626343B2",
        "US10879224B2",
        "US10656351B1",
        "US10638616B1",
        "US11031381B2",
        "US11307500B2",
        "US10840197B2",
        "US11430739B2",
        "US11075173B2",
        "US10796976B2",
        "US11164825B2",
        "US11031289B2",
        "US11637186B2",
        "US11088109B2",
        "US10861810B2",
        "US10867939B2",
        "US11139223B2",
        "US10867947B2",
        "US10962711B2",
        "US11289424B2",
        "US11282761B2",
        "US10964609B2",
        "US11328936B2",
        "US11094634B2",
        "US11069642B2",
        "US11342295B2",
        "US11183487B2",
        "US10777531B2",
        "US11101214B2",
        "US11094625B2",
        "US10811390B2",
        "US11456268B2",
        "US11088110B2",
        "US10790269B2",
        "US10818651B2",
        "US11121052B2",
        "US10818588B2",
        "US11002927B2",
        "US10658258B1",
        "US10756038B1",
        "US11081369B2",
        "US11024581B2",
        "US10872842B2",
        "US11694967B2",
        "US10867963B2",
        "US11164814B2",
        "US10985101B2",
        "US10985116B2",
        "US11018215B2",
        "US11037877B2",
        "US11004786B2",
        "US11728278B2",
        "US10867944B2",
        "US11239173B2",
        "US11374303B2",
        "US11139249B2",
        "US11152330B2",
        "US11094811B2",
        "US10879170B2",
        "US10923421B2",
        "US10923438B2",
        "US11088086B2",
        "US11088068B2",
        "US10867966B2",
        "US11562982B2",
        "US10903090B2",
        "US11075145B2",
        "US11133289B2",
        "US10777518B1",
        "US10879221B2",
        "US11024616B2",
        "US10840190B1",
        "US10937772B2",
        "US11164819B2",
        "US10886245B2",
        "US11024605B2",
        "US10790164B1",
        "US10998293B2",
        "US11380620B2",
        "US10867982B1",
        "US11088059B2",
        "US11145623B2",
        "US10937736B2",
        "US10879138B1",
        "US11127701B2",
        "US11387177B2",
        "US11164848B2",
        "US11600573B2",
        "US11282791B2",
        "US11088079B2",
        "US11088108B2",
        "US11410897B2",
        "US11114413B2",
        "US11056438B2",
        "US11562983B2",
        "US11101240B2",
        "US11239225B2",
        "US11063019B2",
        "US11018083B2",
        "US10833053B1",
        "US11031376B2",
        "US11004796B2",
        "US11264316B2",
        "US10879192B1",
        "US11049802B2",
        "US11239135B2",
        "US11587818B2",
        "US11195816B2",
        "US11728238B2",
        "US10978412B2",
        "US11569172B2",
        "US11443981B2",
        "US11094635B2",
        "US11127688B2",
        "US11069608B2",
        "US11075131B2",
        "US11296051B2",
        "US11062968B2",
        "US11088069B2",
        "US11177156B2",
        "US11094613B2",
        "US11270927B2",
        "US11417619B2",
        "US11062998B2",
        "US11018070B2",
        "US10867892B1",
        "US11195810B2",
        "US11380653B2",
        "US11227812B2",
        "US11309243B2",
        "US11164824B2",
        "US11257791B2",
        "US11145633B2",
        "US11387164B2",
        "US11373981B2",
        "US11456287B2",
        "US11398444B2",
        "US11393805B2",
        "US11233039B2",
        "US11532580B2",
        "US11309222B2",
        "US11569159B2",
        "US11784091B2",
        "US11264343B2",
        "US11610864B2",
        "US11282759B2",
        "US11443993B2",
        "US10886147B1",
        "US11063008B2",
        "US10957645B1",
        "US11183482B2",
        "US11164855B2",
        "US11088041B2",
        "US11081447B2",
        "US11063022B2",
        "US11133283B2",
        "US11557581B2",
        "US11398416B2",
        "US11251121B2",
        "US11410948B2",
        "US11251119B2",
        "US11251100B2",
        "US11417606B2",
        "US11289399B2",
        "US11244879B2",
        "CN112563229A",
        "US11195802B2",
        "US11374136B2",
        "US11503711B2",
        "US11342297B2",
        "US11289398B2",
        "US11798857B2",
        "US11476201B2",
        "US11282779B2",
        "US11322477B2",
        "US11355428B2",
        "US11450641B2",
        "US11581276B2",
        "US11362064B2",
        "US11289396B2",
        "US11355418B2",
        "US10879206B1",
        "US11362010B2",
        "US11133269B2",
        "US11107779B2",
        "US11315860B2",
        "US10847429B1",
        "US11018113B2",
        "US11031325B2",
        "US11145614B2",
        "US11482465B2",
        "US11569156B2",
        "US11195817B2",
        "US11688693B2",
        "US11532531B2",
        "US11404342B2",
        "US10978405B1",
        "US11462509B2",
        "KR20210051535A",
        "US11735487B2",
        "US11417587B2",
        "US11621244B2",
        "US11328975B2",
        "KR20210065263A",
        "US11322453B2",
        "US11380645B2",
        "US11569562B2",
        "US11450628B2",
        "US11682654B2",
        "US11145639B2",
        "US11302600B2",
        "US11309226B2",
        "US11574872B2",
        "US11232971B2",
        "US11211341B2",
        "US11145562B2",
        "US11450580B2",
        "US11551999B2",
        "US11508692B2",
        "US11545438B2",
        "US11450654B2",
        "US11664300B2",
        "US11417698B2",
        "US11404316B2",
        "US11791275B2",
        "US11515173B2",
        "US11482461B2",
        "US11728233B2",
        "US11424219B2",
        "US11387204B2",
        "US11094682B2",
        "US11462418B2",
        "US11239193B2",
        "US11616026B2",
        "US11239134B2",
        "US11211360B2",
        "US11302650B2",
        "US11201106B2",
        "US11355466B2",
        "US11270921B2",
        "US11637054B2",
        "US11315862B2",
        "US11372160B2",
        "US11145592B2",
        "US11417629B2",
        "US11532576B2",
        "US11114373B1",
        "US11557568B2",
        "US11362065B2",
        "US11417539B2",
        "US11482484B2",
        "US11215753B2",
        "CN113314505A",
        "US11495573B2",
        "US11177218B2",
        "US11574857B2",
        "US11373946B2",
        "US11244939B2",
        "US11362066B2",
        "US11270956B2",
        "US11410932B2",
        "US11380611B2",
        "US11495506B2",
        "US11515229B2",
        "US11347001B2",
        "US11302683B2",
        "US11315855B2",
        "US11502072B2",
        "US11276670B2",
        "US11342413B2",
        "US11594498B2",
        "US11264359B2",
        "US11495559B2",
        "US11243573B2",
        "US11222859B2",
        "US11670692B2",
        "US11444034B2",
        "US11609391B2",
        "US11355463B2",
        "US11664350B2",
        "US11244906B2",
        "US11728254B2",
        "US11694939B2",
        "US11404404B2",
        "US11233035B2",
        "US11456256B2",
        "US11502015B2",
        "US11264362B2",
        "US11393763B2",
        "US11508633B2",
        "US11515274B2",
        "DE102020130962A1",
        "US11443987B2",
        "US11450615B2",
        "US11296065B2",
        "US11430776B2",
        "US11552074B2",
        "US11631736B2",
        "US11715755B2",
        "US20210407934A1",
        "US11581281B2",
        "US11508666B2",
        "US11309242B2",
        "US11552054B2",
        "US11574853B2",
        "US11373971B2",
        "US11348874B2",
        "US11502056B2",
        "US11335666B2",
        "US11322421B2",
        "US11450612B2",
        "US11587894B2",
        "US11222867B1",
        "US11233005B1",
        "US11670601B2",
        "US11705378B2",
        "US11398422B2",
        "US11270975B2",
        "US11646293B2",
        "US11527518B2",
        "US11239136B1",
        "US11444002B2",
        "US11482649B2",
        "US11355454B2",
        "US11605600B2",
        "US11778918B2",
        "KR20220026435A",
        "US11532582B2",
        "US11450626B2",
        "US11469197B2",
        "US11450581B2",
        "US11482594B2",
        "US11515276B2",
        "US11417582B2",
        "KR20220030640A",
        "US11424213B2",
        "US11454888B2",
        "US11309291B2",
        "US11378886B2",
        "US11456223B2",
        "US11721603B2",
        "US11521905B2",
        "US11600562B2",
        "US11658119B2",
        "US11521893B2",
        "US11437332B2",
        "US11637072B2",
        "US11362009B2",
        "US11670581B2",
        "US11640033B2",
        "US11710712B2",
        "US11538761B2",
        "US11640936B2",
        "US11587887B2",
        "US11482497B2",
        "US11804468B2",
        "US11742322B2",
        "US11600592B2",
        "US11728312B2",
        "US11682602B2",
        "US11728327B2",
        "US11756933B2",
        "US11699631B2",
        "US11721883B2",
        "US11587900B2",
        "US11715723B2",
        "US11557559B2",
        "US11756873B2",
        "US11764127B2",
        "US11791332B2",
        "US11527457B2",
        "US11749643B2",
        "US11587916B2",
        "US11515268B2",
        "US11532596B2",
        "US11664315B2",
        "US11756872B2",
        "US11594460B2",
        "US11676942B2",
        "US11756854B2",
        "US11705343B2",
        "US11715717B2",
        "US11728275B2",
        "US11616034B2",
        "US11574861B2",
        "US11756924B2",
        "US11798897B2",
        "US11658134B2",
        "US11705384B2",
        "US11756920B2",
        "US11784228B2",
        "US11594477B2",
        "US11676943B2",
        "US11742323B2",
        "US11764171B2",
        "US11756870B2",
        "US11764118B2",
        "US11804445B2",
        "US11791387B2",
        "US11694941B2",
        "US11768338B2",
        "US11705381B2",
        "US11705406B2",
        "US11721643B2",
        "US11804433B2",
        "US11594479B2",
        "US11756801B2",
        "US11715646B2",
        "US11784130B2",
        "US11715731B2",
        "US11791371B2",
        "US11594420B1",
        "US11676916B2",
        "US11676826B2"
    ]
}